,,,,,,,,,,,,,,,,,,,,,,,,,,,,,,,,,,,,,,
45585,x,Event,BoC Interest Rate Decision,,,Asset,Description,,,IST Time,MT5 server time,,Investment,Size,atr,spread,factor,VU,sl,margin,RRR,R,Notes,Notes,,,,,,,,,,,,,,
,,Actual:,,,,C:USDCAD,"The Bank of Canada (BOC) is expected to cut rates by 50bps as price pressures ease.

Headline inflation declined more than expected to 1.6% last month. This combined with signs of a slowing economy, has convinced market participants that the BoC will go for a bigger 50bps cut next week. A reminder that the BoC has already cut rates by a cumulative 75bps since early June.

USDCAD has risen given this relative widening in rate cut expectations, with the pair trading up to 1.3800 from 1.3415 in early October.

Traders can expect significant volatility around and post the BoC release next Wednesday. 
  
Historical impact on Assets: USDCAD | CADJPY",,,,,,on chart,0.1,0.00009,0.00017000,,0.000305,8.16,91.8,,,,,,,,,,,,,,,,,,
,,Forecast:,3.75%,,,USDCAD.sd,,,,,,,,,,,,,,,,,,,,,,,,,,,,,,,,
,,Previous:,4.25%,,,,,,,,,,Hist 1,0.2,0.00060,0.00013000,1,0.00103, (55),184,4.435, 244 ,,4.435,,,,,,,,,,,,,,
,,Time (GMT):,13:45,,,,,,,19:15,16:45,,Hist 2,0.2,0.00080,0.00014000,1,0.00134, (72),184,5.5, 394 ,,,,,,,,,,,,,,,,
,,Release Date,Actual,Forecast,Previous,Time,,,,,,,,,,,,, (72),,, 244 ,,,,,,,,,,,,,,,,
,,04-Sep-24,4.25%,4.25% ,4.5%,13:45,,,,17:45,,,,,,,,,,,,,,,,,,,,,,,,,,,,
,,24-Jul-24,4.50%,4.50% ,4.8%,13:45,,,,17:45,,,Placement,0.2,0.0006,0.00014000,1,0.0011, (59),184,3, 177 ,P,$ Strengthens due to differentials,,,,,,,,,,,,,,
,,05-Jun-24,4.75%,4.75% ,5.0%,13:45,,,,17:45,,,,,,,,,,,,,,,,,,,,,,,,,,,,
,,10-Apr-24,5.00%,5.00% ,5.0%,13:45,,,,17:45,,,,,,,,,,,,,,,,,,,,,,,,,,,,
,,06-Mar-24,5.00%,5.00% ,5.0%,14:45,,,,18:45,,,,,,,,,,,,,,,,,,,,,,,,,,,,
,,24-Jan-24,5.00%,5.00% ,5.0%,14:45,,,,18:45,,,,,,,,,,,,,,,,,,,,,,,,,,,,
,x,Event,Existing Home Sales (Sep),,,Asset,Description,,,IST Time,MT5 server time,,Investment,Size,atr,spread,factor,VU,sl,margin,RRR,R,Notes,Notes,,,,,,,,,,,,,,
,,Actual:,,,,C:USDJPY,"Existing Home Sales measures the change in the annualised number of existing residential buildings that were sold during the prior month. This report helps to gauge the strength of the U.S. housing market and is an important indicator of overall economic strength.

A reading that is stronger than forecast is generally supportive (bullish) for the USD, while a weaker than forecast reading is generally negative (bearish) for the USD.
  
Historical impact on Assets: USDJPY",,,,,,on chart,0.1,0.039,0.02100000,,0.0795,-18.99,91.8,,,,,,,,,,,,,,,,,,
,,Forecast:,3.88M,,,USDJPY.sd,,,,,,,,,,,,,,,,,,,,,,,,,,,,,,,,
,,Previous:,3.86M,,,,,,,,,,Hist 1,0.1,0.07220,0.01500000,1,0.1233, (29),92,4.88, 144 ,,4.435,,,,,,,,,,,,,,
,,Time (GMT):,14:00,,,,,,,19:30,17:00,,Hist 2,0.1,0.04053,0.01500000,0.5,0.0758, (9),92,2.365, 21 ,,,,,,,,,,,,,,,,
,,Release Date,Actual,Forecast,Previous,Time,,,,,,,,,,,,,,,,,,,,,,,,,,,,,,,,
,,19-Sep-24,3.86M,3.92M ,3.96M,14:00,,,,,,,,,,,,,,,,,,,,,,,,,,,,,,,,
,,22-Aug-24,3.95M,3.94M ,3.90M,14:00,,,,,,,Placement,0.25,0.0405,0.01500000,0.5,0.0758, (23),230,2, 45 ,P,,,,,,,,,,,,,,,
,,23-Jul-24,3.89M,3.99M ,4.11M,14:00,,,,,,,Placement,0.25,0.0405,0.01500000,0.5,0.0758, (23),230,2, 45 ,,,,,,,,,,,,,,,,
,,21-Jun-24,4.11M,4.08M ,4.14M,14:00,,,,,,,Final,,,,,, (23),,, 45 ,,,,,,,,,,,,,,,,
,,22-May-24,4.14M,4.21M ,4.22M,14:00,,,,,,,,,,,,,,,,,,,,,,,,,,,,,,,,
,,18-Apr-24,4.19M,4.20M ,4.38M,14:00,,,,,,,,,,,,,,,,,,,,,,,,,,,,,,,,
,x,Event,Crude Oil Inventories,,,Asset,Description,,,IST Time,MT5 server time,,,,,,,,,,,,,,,,,,,,,,,,,,,
,,Actual:,,,,USOILRoll,"The Energy Information Administration's (EIA) Crude Oil Inventories measures the weekly change in the number of barrels of commercial crude oil held by US firms. The level of inventories influences the price of petroleum products, which can have an impact on inflation.

If the increase in crude inventories is more than expected, it implies weaker demand and is bearish for crude prices. The same can be said if a decline in inventories is less than expected.
If the increase in crude is less than expected, it implies greater demand and is bullish for crude prices. The same can be said if a decline in inventories is more than expected.

Historical impact on Assets: USOILX4",,,,,,,,,,,,,,,,,,,,,,,,,,,,,,,
,,Forecast:,,,,USOILRoll,,,,,,,,,,,,,,,,,,,,,,,,,,,,,,,,
,,Previous:,-2.191M,,,,,,,,,,,,,,,,,,,,,,,,,,,,,,,,,,,
,,Time (GMT):,20:00,,,,,,,20:00,17:30,,,,,,,,,,,,,,,,,,,,,,,,,,,
,,Release Date,Actual,Forecast,Previous,Time,,,,,,,,,,,,,,,,,,,,,,,,,,,,,,,,
,,17-Oct-24,-2.191M,1.800M ,5.810M,20:00,,,,,,,,,,,,,,,,,,,,,,,,,,,,,,,,
,,09-Oct-24,5.810M,2.000M ,3.889M,20:00,,,,,,,,,,,,,,,,,,,,,,,,,,,,,,,,
,,02-Oct-24,3.889M,-1.500M ,-4.471M,20:00,,,,,,,,,,,,,,,,,,,,,,,,,,,,,,,,
,,25-Sep-24,-4.471M,-1.300M ,-1.630M,20:00,,,,,,,,,,,,,,,,,,,,,,,,,,,,,,,,
,,18-Sep-24,-1.630M,-0.200M ,0.833M,20:00,,,,,,,,,,,,,,,,,,,,,,,,,,,,,,,,
,,11-Sep-24,0.833M,0.900M ,-6.873M,20:00,,,,,,,,,,,,,,,,,,,,,,,,,,,,,,,,
,,Event,Tesla Earnings,,,Asset,Description,,,IST Time,MT5 server time,,Investment,Size,atr,spread,factor,VU,sl,margin,RRR,R,Notes,Notes,,,,,,,,,,,,,,
,,Actual:,,,,TESLA,Earnings result declaration after market close,,,,,,on chart,0.1,0.16,0.13000000,,0.37,-0.06,15.8,,,,,,,,,,,,,,,,,,
,,Forecast:, 0.13 ,,,TESLA,,,,,,,,,,,,,,,,,,,,,,,,,,,,,,,,
,,Previous:, 0.08 ,,,,,,,,,,Hist 1,0.25,8.14710,1.00000000,1.5,13.22065, (8),230,1, 8 ,,4.435,,,,,,,,,,,,,,
,,Time (GMT):,21:00,,,,,,,2:30,0:00,,Hist 2,0.25,16.27587,1.00000000,1.5,25.4138, (15),230,1, 15 ,,,,,,,,,,,,,,,,
,,Release Date,Actual,Forecast,Previous,Time,,,,,,,,,,,,,,,,,,,,,,,,,,,,,,,,
,,23-Jul-24, 0.52 , 0.61 , 0.91 ,21:00,,,,,,,,,,,,,,,,,,,,,,,,,,,,,,,,
,,23-Apr-24, 0.45 , 0.49 , 0.85 ,21:00,,,,,,,Placement,0.25,16.2759,1.00000000,1.5,25.4138, (15),230,1, 15 ,P,,,,,,,,,,,,,,,
,,24-Jan-24, 0.71 , 0.73 , 1.19 ,21:00,,,,,,,,,,,,,,,,,,,,,,,,,,,,,,,,
,,18-Oct-23, 0.66 , 0.73 , 1.05 ,21:00,,,,,,,Final,,,,,, -   ,,, -   ,,,,,,,,,,,,,,,,
,,19-Jul-23, 0.91 , 0.79 , 0.76 ,21:00,,,,,,,,,,,,,,,,,,,,,,,,,,,,,,,,
,,19-Apr-23, 0.85 , 0.85 , 1.07 ,21:00,,,,,,,,,,,,,,,,,,,,,,,,,,,,,,,,
,x,Event,Composite PMI (Oct) P,,,Asset,Description,,,IST Time,MT5 server time,,Investment,Size,atr,spread,factor,VU,sl,margin,RRR,R,Notes,Notes,,,,,,,,,,,,,,
,,Actual:,,,,C:GBPUSD,"Sterling pairs have seen several weeks of weakness following Fed's 50bps cut in September where GBPUSD traded a high of 1.3433We have seen a slew of robust US data releases including strong payrolls and higher-than-expected CPI casting doubts on the aggressive price cuts priced in for the next 12 months.In addition to stronger US data, UK rate cut expectations have ramped up with interest rate futures showing a 90% chance of two BOE 25bps cuts by year-end.This week has seen GBPUSD test key support around 1.2990, which has been held for now. On Friday we again dropped below 1.30 before stronger-than-expected retail sales which gave GBPUSD a boost and traded up to a high of 1.3070",,,,,,on chart,0.1,0.00014,0.00062000,,0.00083,-30,15.8,,,,,,,,,,,,,,,,,,
,,Forecast:,,,,GBPUSD.sd,,,,,,,,,,,,,,,,,,,,,,,,,,,,,,,,
,,Previous:, 52.60 ,,,,,,,,,,Hist 1,0.1,0.00050,0.00017000,1,0.00092, (33),92,1, 33 ,,4.435,,,,,,,,,,,,,,
,,Time (GMT):,8:30,,,,,,,14:00,11:30,,Hist 2,0.1,0.00042,0.00017000,1,0.0008, (29),92,1, 29 ,,,,,,,,,,,,,,,,
,,Release Date,Actual,Forecast,Previous,Time,,,,,,,,,,,,,,,,,,,,,,,,,,,,,,,,
,,03-Oct-24, 52.60 , 52.9  , 53.80 ,8:30,,,,,,,,,,,,,,,,,,,,,,,,,,,,,,,,
,,23-Sep-24, 52.90 ,    , 53.80 ,8:30,,,,,,,Placement,0.1,0.0004,0.00017000,1,0.0008, (29),92,2, 58 ,P,,,,,,,,,,,,,,,
,,04-Sep-24, 53.80 , 53.4  , 52.80 ,8:30,,,,,,,,,,,,,,,,,,,,,,,,,,,,,,,,
,,22-Aug-24, 53.40 , 52.9  , 52.80 ,8:30,,,,,,,Final,,,,,, -   ,,, -   ,,,,,,,,,,,,,,,,
,,05-Aug-24, 52.80 , 52.7  , 52.30 ,8:30,,,,,,,,,,,,,,,,,,,,,,,,,,,,,,,,
,,24-Jul-24, 52.70 , 52.6  , 52.30 ,8:30,,,,,,,,,,,,,,,,,,,,,,,,,,,,,,,,
,x,Event,Initial Jobless Claims,,,Asset,Description,,,IST Time,MT5 server time,,Investment,Size,atr,spread,factor,VU,sl,margin,RRR,R,Notes,Notes,,,,,,,,,,,,,,
,,Actual:,,,,C:USDJPY,"Initial Jobless Claims measures the number of people who filed for unemployment insurance for the first time during the past week. This is the most timely U.S. economic data, but the market impact varies from week to week.

A reading that is higher than forecast is generally negative (bearish) for the USD, while a lower than forecast reading is generally supportive (bullish) for the USD.

Historical impact on Assets: USDJPY",,,,,,on chart,0.1,0.033,0.01500000,,0.0645,-15.49,91.8,,,,,,,,,,,,,,,,,,
,,Forecast:,243K,,,USDJPY.sd,,,,,,,,,,,,,,,,,,,,,,,,,,,,,,,,
,,Previous:,241K,,,,,,,,,,Hist 1,0.1,0.07640,0.01600000,1,0.1306, (31),92,4.432, 139 ,,,,,,,,,,,,,,,,
,,Time (GMT):,12:30,,,,,,,18:00,15:30,,Hist 2,0.1,0.09027,0.01600000,1,0.1514, (36),92,4.45, 162 ,,,,,,,,,,,,,,,,
,,Release Date,Actual,Forecast,Previous,Time,,,,,,,,,,,,,,,,,,,,,,,,,,,,,,,,
,,17-Oct-24,241K,241K,260K,12:30,,,,,,,,,,,,,,,,,,,,,,,,,,,,,,,,
,,10-Oct-24,258K,231K ,225K,12:30,,,,,,,Placement,0.1,0.0903,0.01600000,1,0.1514, (36),92,2, 73 ,P,,,,,,,,,,,,,,,
,,03-Oct-24,225K,222K ,219K,12:30,,,,,,,,,,,,,,,,,,,,,,,,,,,,,,,,
,,26-Sep-24,218K,224K ,222K,12:30,,,,,,,Final,,,,,, -   ,,, -   ,,,,,,,,,,,,,,,,
,,19-Sep-24,219K,230K ,231K,12:30,,,,,,,,,,,,,,,,,,,,,,,,,,,,,,,,
,,12-Sep-24,230K,227K ,228K,12:30,,,,,,,,,,,,,,,,,,,,,,,,,,,,,,,,
,x,Event,Manufacturing PMI (Oct) P,,,Asset,Description,,,IST Time,MT5 server time,,Investment,Size,atr,spread,factor,VU,sl,margin,RRR,R,Notes,Notes,,,,,,,,,,,,,,
,,Actual:,,,,C:USDJPY,"The Manufacturing Purchasing Managers' Index (PMI) is a diffusion index incorporating survey results provided by manufacturing firms throughout the country. A reading above fifty suggests the manufacturing sector is expanding, while a reading below fifty suggests the manufacturing sector is in contraction. Policymakers and traders watch these surveys closely as purchasing managers usually have early access to data about their company’s performance, rather than waiting for the hard data to emerge. While manufacturing accounts for a far smaller percentage of economic output than services, it is far more cyclical and is therefore a useful indicator of where in the economic cycle the economy is currently situated. 

A reading that is stronger than forecast is generally supportive (bullish) for the USD while a weaker than forecast reading is generally negative (bearish) for the USD.

Historical impact on Assets: USDJPY",,,,,,on chart,0.1,0.00014,0.00062000,,0.00083,-30,15.8,,,,,,,,,,,,,,,,,,
,,Forecast:, 47.50 ,,,USDJPY.sd,,,,,,,,,,,,,,,,,,,,,,,,,,,,,,,,
,,Previous:, 47.30 ,,,,,,,,,,Hist 1,0.1,0.00050,0.00017000,1,0.00092, (33),92,1, 33 ,,4.435,,,,,,,,,,,,,,
,,Time (GMT):,13:45,,,,,,,19:15,16:45,,Hist 2,0.1,0.00042,0.00017000,1,0.0008, (29),92,1, 29 ,,,,,,,,,,,,,,,,
,,Release Date,Actual,Forecast,Previous,Time,,,,,,,,,,,,,,,,,,,,,,,,,,,,,,,,
,,01-Oct-24, 47.3 , 47.0  , 47.9 ,13:45,,,,,,,,,,,,,,,,,,,,,,,,,,,,,,,,
,,23-Sep-24, 47.0 , 48.6  , 47.9 ,13:45,,,,,,,Placement,0.1,0.0004,0.00017000,1,0.0008, (29),92,2, 58 ,P,,,,,,,,,,,,,,,
,,03-Sep-24, 47.9 , 48.0  , 49.6 ,13:45,,,,,,,,,,,,,,,,,,,,,,,,,,,,,,,,
,,22-Aug-24, 48.0 , 49.5  , 49.6 ,13:45,,,,,,,Final,,,,,, -   ,,, -   ,,,,,,,,,,,,,,,,
,,01-Aug-24, 49.6 , 49.5  , 51.6 ,13:45,,,,,,,,,,,,,,,,,,,,,,,,,,,,,,,,
,,24-Jul-24, 49.5 , 51.7  , 51.6 ,13:45,,,,,,,,,,,,,,,,,,,,,,,,,,,,,,,,
,x,Event,Services PMI (Oct) P,,,Asset,Description,,,IST Time,MT5 server time,,Investment,Size,atr,spread,factor,VU,sl,margin,RRR,R,Notes,Notes,,,,,,,,,,,,,,
,,Actual:,,,,C:USDJPY,"The Service PMI release is published monthly by Markit Economics. The data are based on surveys of over 400 executives in private sector service companies. The surveys cover transport and communication, financial intermediaries, business and personal services, computing & IT, hotels and restaurants. 
An index level of 50 denotes no change since the previous month, while a level above 50 signals an improvement, and below 50 indicates a deterioration. 

A reading that is stronger than forecast is generally supportive (bullish) for the USD, while a weaker than forecast reading is generally negative (bearish) for the USD.

Historical impact on Assets: USDJPY",,,,,,on chart,0.1,0.033,0.01500000,,0.0645,-15.49,91.8,,,,,,,,,,,,,,,,,,
,,Forecast:, 55.00 ,,,USDJPY.sd,,,,,,,,,,,,,,,,,,,,,,,,,,,,,,,,
,,Previous:, 55.20 ,,,,,,,,,,Hist 1,0.1,0.07960,0.01700000,1,0.1364, (33),92,2.43, 80 ,,4.435,,,,,,,,,,,,,,
,,Time (GMT):,13:45,,,,,,,19:15,16:45,,Hist 2,0.1,0.09167,0.01700000,1,0.1545, (37),92,2.5, 93 ,,,,,,,,,,,,,,,,
,,Release Date,Actual,Forecast,Previous,Time,,,,,,,,,,,,,,,,,,,,,,,,,,,,,,,,
,,03-Oct-24, 55.2 , 55.4  , 55.7 ,13:45,,,,,,,,,,,,,,,,,,,,,,,,,,,,,,,,
,,23-Sep-24, 55.4 , 55.3  , 55.7 ,13:45,,,,,,,Placement,0.1,0.0856,0.01700000,0.5,0.14545, (17),92,2, 35 ,P,,,,,,,,,,,,,,,
,,04-Sep-24, 55.7 , 55.2  , 55.0 ,13:45,,,,,,,,,,,,,,,,,,,,,,,,,,,,,,,,
,,22-Aug-24, 55.2 , 54.0  , 55.0 ,13:45,,,,,,,Final,,,,,, -   ,,, -   ,,,,,,,,,,,,,,,,
,,05-Aug-24, 55.0 , 56.0  , 55.3 ,13:45,,,,,,,,,,,,,,,,,,,,,,,,,,,,,,,,
,,24-Jul-24, 56.0 , 54.7  , 55.3 ,13:45,,,,,,,,,,,,,,,,,,,,,,,,,,,,,,,,
,x,Event,New Home Sales (Sep),,,Asset,Description,,,IST Time,MT5 server time,,Investment,Size,atr,spread,factor,VU,sl,margin,RRR,R,Notes,Notes,,,,,,,,,,,,,,
,,Actual:,,,,C:USDJPY,"New Home Sales measures the annualised number of new single-family homes that were sold during the prior month. When it's released ahead of Existing Home Sales, this report tends to have more impact because the two reports are highly correlated.

A reading that is stronger than forecast is generally supportive (bullish) for the USD, while a weaker than forecast reading is generally negative (bearish) for the USD.

Historical impact on Assets: USDJPY",,,,,,on chart,0.1,0.033,0.01500000,,0.0645,-15.49,91.8,,,,,,,,,,,,,,,,,,
,,Forecast:, 717K ,,,USDJPY.sd,,,,,,,,,,,,,,,,,,,,,,,,,,,,,,,,
,,Previous:, 716K ,,,,,,,,,,Hist 1,0.1,0.05190,0.00017000,1,0.07802, (19),92,5.81, 109 ,,4.435,,,,,,,,,,,,,,
,,Time (GMT):,14:00,,,,,,,19:30,17:00,,Hist 2,0.1,0.07429,0.00017000,1,0.1116, (27),92,1.74, 47 ,,,,,,,,,,,,,,,,
,,Release Date,Actual,Forecast,Previous,Time,,,,,,,,,,,,,,,,,,,,,,,,,,,,,,,,
,,25-Sep-24,716K,699K ,751K,14:00,,,,,,,,,,,,,,,,,,,,,,,,,,,,,,,,
,,23-Aug-24,739K,624K ,668K,14:00,,,,,,,Placement,0.1,0.0743,0.00017000,0.5,0.1116, (13),92,2, 27 ,P,,,,,,,,,,,,,,,
,,24-Jul-24,617K,639K ,621K,14:00,,,,,,,,,,,,,,,,,,,,,,,,,,,,,,,,
,,26-Jun-24,619K,636K ,698K,14:00,,,,,,,Final,,,,,, -   ,,, -   ,,,,,,,,,,,,,,,,
,,23-May-24,634K,677K ,665K,14:00,,,,,,,,,,,,,,,,,,,,,,,,,,,,,,,,
,,23-Apr-24,693K,668K ,637K,14:00,,,,,,,,,,,,,,,,,,,,,,,,,,,,,,,,
,x,Event,Durable Goods Orders (MoM) (Sep) P,,,Asset,Description,,,IST Time,MT5 server time,,Investment,Size,atr,spread,factor,VU,sl,margin,RRR,R,Notes,Notes,,,,,,,,,,,,,,
,,Actual:,,,,C:USDJPY,"Durable Goods Orders reports the change in the total value of new orders for long lasting manufactured goods, including transportation items.

A reading that is stronger than forecast is generally supportive (bullish) for the USD, while a weaker than forecast reading is generally negative (bearish) for the USD.

Historical impact on Assets: USDJPY",,,,,,on chart,0.1,0.033,0.01500000,,0.0645,-15.49,91.8,,,,,,,,,,,,,,,,,,
,,Forecast:,-1.1%,,,USDJPY.sd,,,,,,,,,,,,,,,,,,,,,,,,,,,,,,,,
,,Previous:,0.0%,,,,,,,,,,Hist 1,0.1,0.06350,0.01800000,1,0.11325, (27),92,7.73, 210 ,,,,,,,,,,,,,,,,
,,Time (GMT):,12:30,,,,,,,18:00,15:30,,Hist 2,0.1,0.04987,0.01800000,1,0.0928, (22),92,3.37, 75 ,,,,,,,,,,,,,,,,
,,Release Date,Actual,Forecast,Previous,Time,,,,,,,,,,,,,,,,,,,,,,,,,,,,,,,,
,,26-Sep-24,0.0%,-2.8% ,9.9%,12:30,,,,,,,,,,,,,,,,,,,,,,,,,,,,,,,,
,,26-Aug-24,9.9%,4.0% ,-6.9%,12:30,,,,,,,Placement,0.1,0.0567,0.01800000,1,0.103025, (25),92,3, 74 ,P,,,,,,,,,,,,,,,
,,25-Jul-24,-6.6%,0.3% ,0.1%,12:30,,,,,,,,,,,,,,,,,,,,,,,,,,,,,,,,
,,27-Jun-24,0.1%,-0.5% ,0.2%,12:30,,,,,,,Final,,,,,, -   ,,, -   ,,,,,,,,,,,,,,,,
,,24-May-24,0.7%,-0.9% ,0.8%,12:30,,,,,,,,,,,,,,,,,,,,,,,,,,,,,,,,
,,24-Apr-24,2.6%,2.5% ,0.7%,12:30,,,,,,,Investment,Size,atr,spread,factor,VU,sl,margin,RRR,R,Notes,Notes,,,,,,,,,,,,,,
,x,Event,Tokyo Core CPI (YoY),,,Asset,Description,,,IST Time,MT5 server time,,on chart,0.1,0.033,0.01500000,,0.0645,-15.49,91.8,,,,,,,,,,,,,,,,,,
,,Actual:,,,,C:USDJPY,0,,,,,,,,,,,,,,,,,,,,,,,,,,,,,,,
,,Forecast:,,,,USDJPY.sd,,,,,,,Hist 1,0.1,0.02220,0.01900000,1,0.0523, (13),92,4.43, 56 ,,4.435,,,,,,,,,,,,,,
,,Previous:,,,,,,,,,,,Hist 2,0.1,0.03120,0.01900000,1,0.0658, (16),92,2.23, 35 ,,,,,,,,,,,,,,,,
,,Time (GMT):,23:30,,,,,,,5:00,2:30,,,,,,,,,,,,,,,,,,,,,,,,,,,
,,Release Date,Actual,Forecast,Previous,Time,,,,,,,,,,,,,,,,,,,,,,,,,,,,,,,,
,,25-Sep-24,2.0%,2.0% ,2.4%,23:30,,,,,,,0,0.1,0.0312,0.01900000,0.5,0.0658, (8),92,2, 16 ,P,,,,,,,,,,,,,,,
,,25-Aug-24,2.4%,2.2% ,2.2%,23:30,,,,,,,,,,,,,,,,,,,,,,,,,,,,,,,,
,,24-Jul-24,2.2%,2.2% ,2.1%,23:30,,,,,,,Final,,,,,, -   ,,, -   ,,,,,,,,,,,,,,,,
,,26-Jun-24,2.1%,2.0% ,1.9%,23:30,,,,,,,,,,,,,,,,,,,,,,,,,,,,,,,,
,,29-May-24,1.9%,1.9% ,1.6%,23:30,,,,,,,,,,,,,,,,,,,,,,,,,,,,,,,,
,,24-Apr-24,1.6%,2.2% ,2.4%,23:30,,,,,,,,,,,,,,,,,,,,,,,,,,,,,,,,
,x,Event,CB Consumer Confidence (Oct),,,Asset,Description,,,IST Time,MT5 server time,x,Investment,Size,atr,spread,factor,VU,sl,margin,RRR,R,Notes,Notes,,,,,,,,,,,,,,
,,Actual:,,,,C:USDJPY,"Conference Board (CB) Consumer Confidence measures the level of confidence consumers have in the economy. When consumers are optimistic, they tend to spend more which increases consumption and overall economic growth.

A reading that is stronger than forecast is generally supportive (bullish) for the USD, while a weaker than forecast reading is generally negative (bearish) for the USD. 

Historical impact on Assets: USDJPY",,,,,,on chart,0.1,0.021,0.01700000,,0.0485,-11.44,91.8,2, 23 ,,,,,,,,,,,,,,,,
,,Forecast:, 99.20 ,,,USDJPY.sd,,,,,,,,,,,,,,,,,,,,,,,,,,,,,,,,
,,Previous:, 98.70 ,,,,,,,,,,Hist 1,0.1,0.08030,0.01700000,1,0.13745, (32),92,4.83, 157 ,,,,,,,,,,,,,,,,
,,Time (GMT):,14:00,,,,,,,19:30,17:00,,Hist 2,0.1,0.04533,0.01700000,1,0.0850, (20),92,2.1, 42 ,,,,,,,,,,,,,,,,
,,Release Date,Actual,Forecast,Previous,Time,,,,,,,,,,,,,,,,,,,,,,,,,,,,,,,,
,,24-Sep-24, 98.70 , 103.9  , 105.60 ,14:00,,,,,,,,,,,,,,,,,,,,,,,,,,,,,,,,
,,27-Aug-24, 103.30 , 100.9  , 101.90 ,14:00,,,,,,,Placement,-0.15,0.0453,0.01700000,-1.5,0.085, (45),-138,2, 90 ,,,,,,,,,,,,,,,,
,,30-Jul-24, 100.30 , 99.7  , 97.80 ,14:00,,,,,,,,,,,,,,,,,,,,,,,,,,,,,,,,
,,25-Jun-24, 100.40 , 100.0  , 101.30 ,14:00,,,,,,,Final,,,,,, -   ,,, -   ,,,,,,,,,,,,,,,,
,,28-May-24, 102.00 , 96.0  , 97.50 ,14:00,,,,,,,,,,,,,,,,,,,,,,,,,,,,,,,,
,,30-Apr-24, 97.00 , 104.0  , 103.10 ,14:00,,,,,,,,,,,,,,,,,,,,,,,,,,,,,,,,
,x,Event,JOLTs Job Openings (Sep),,,Asset,Description,,,IST Time,MT5 server time,x,Investment,Size,atr,spread,factor,VU,sl,margin,RRR,R,Notes,Notes,,,,,,,,,,,,,,
,,Actual:,,,,C:USDJPY,"A survey done by the US Bureau of Labor Statistics to help measure job vacancies. It collects data from employers about their businesses' employment, job openings, recruitment, hires and separations.
JOLTS defines Job Openings as all positions that are open (not filled) on the last business day of the month. A job is ""open"" only if it meets all three of the following conditions:
1. A specific position exists and there is work available for that position.
2. The job could start within 30 days, whether or not the establishment finds a suitable candidate during that time.
3. There is active recruiting for workers from outside the establishment location that has the opening.
A reading that is stronger than forecast is generally supportive (bullish) for the USD, while a weaker than forecast reading is generally negative (bearish) for the USD.
  
Historical impact on Assets: USDJPY",,,,,,on chart,0.1,0.021,0.01700000,,0.0485,-11.44,91.8,2, 23 ,,,,,,,,,,,,,,,,
,,Forecast:,7.920M,,,USDJPY.sd,,,,,,,,,,,,,,,,,,,,,,,,,,,,,,,,
,,Previous:,8.040M,,,,,,,,,,Hist 1,0.1,0.12960,0.01600000,1,0.2104, (50),92,2.73, 135 ,,4.435,,,,,,,,,,,,,,
,,Time (GMT):,14:00,,,,,,,19:30,17:00,,Hist 2,0.1,0.06153,0.01600000,1,0.1083, (26),92,3.45, 88 ,,,,,,,,,,,,,,,,
,,Release Date,Actual,Forecast,Previous,Time,,,,,,,,,,,,,,,,,,,,,,,,,,,,,,,,
,,01-Oct-24,8.040M,7.640M ,7.711M,14:00,,,,,,,,,,,,,,,,,,,,,,,,,,,,,,,,
,,04-Sep-24,7.673M,8.090M ,7.910M,14:00,,,,,,,Placement,-0.15,0.0615,0.01600000,-1.5,0.1083, (57),-138,2, 115 ,,,,,,,,,,,,,,,,
,,30-Jul-24,8.184M,8.020M ,8.230M,14:00,,,,,,,,,,,,,,,,,,,,,,,,,,,,,,,,
,,02-Jul-24,8.140M,7.960M ,7.919M,14:00,,,,,,,Final,,,,,, -   ,,, -   ,,,,,,,,,,,,,,,,
,,04-Jun-24,8.059M,8.370M ,8.355M,14:00,,,,,,,,,,,,,,,,,,,,,,,,,,,,,,,,
,,01-May-24,8.488M,8.680M ,8.813M,14:00,,,,,,,,,,,,,,,,,,,,,,,,,,,,,,,,
,x,Event,CPI (YoY) (Q3) (AUD),,,Asset,Description,,,IST Time,MT5 server time,x,Investment,Size,atr,spread,factor,VU,sl,margin,RRR,R,Notes,Notes,,,,,,,,,,,,,,
,,Actual:,,,,C:AUDJPY,"Investors are closely monitoring the release of Australia's CPI data for Q3.

During the 2nd quarter, Australian inflation rose to 3.8%, leading markets to dismiss the likelihood the Reserve Bank of Australia would cut interest rates in Q3. As a result, the Australian dollar strengthened, gaining around 2.6% against the euro and 3.6% against the US dollar.

Bloomberg reports that inflation is projected to drop to 3.5% in Q3, which remains above the 2% target. A larger-than-expected decline could prompt Australian policymakers to consider interest rate cuts, potentially weakening the Australian dollar against other major currencies.

Historical impact on Assets: EURAUD | AUDUSD | AUDJPY",,,,,,on chart,0.1,0.013,0.02200000,,0.0415,-10.74,60.23,,,,,,,,,,,,,,,,,,
,,Forecast:,2.30%,,,AUDJPY.sd,,,,,,,,,,,,,,,,,,,,,,,,,,,,,,,,
,,Previous:,3.80%,,,,,,,,,,Hist 1,0.1,0.09270,0.02400000,1.0,0.16305, (42),92,4.95, 209 ,,,,,,,,,,,,,,,,
,,Time (GMT):,0:30,,,,,,,6:00,3:30,,Hist 2,0.1,0.10253,0.02400000,1.0,0.1778, (46),92, 3.6 , 165 ,,,,,,,,,,,,,,,,
,,Release Date,Actual,Forecast,Previous,Time,,,,,,,,,,,,,,,,,,,,,,,,,,,,,,,,
,,31-Jul-24,3.8%,3.8% ,3.6%,1:30,,,,,,,,,,,,,,,,,,,,,,,,,,,,,,,,
,,24-Apr-24,3.6%,3.4% ,4.1%,1:30,,,,,,,Placement,0.1,0.1025,0.02400000,1.0,0.1778, (46),92,3.0, 138 ,,,,,,,,,,,,,,,,
,,31-Jan-24,4.1%,4.3% ,5.4%,0:30,,,,,,,,,,,,,,,,,,,,,,,,,,,,,,,,
,,25-Oct-23,5.4%,5.3% ,6.0%,0:30,,,,,,,,,,,,,,,,,,,,,,,,,,,,,,,,
,,26-Jul-23,6.0%,6.2% ,7.0%,1:30,,,,,,,,,,,,,,,,,,,,,,,,,,,,,,,,
,,26-Apr-23,7.0%,6.9% ,7.8%,1:30,,,,,,,,,,,,,,,,,,,,,,,,,,,,,,,,
,x,Event,German GDP (QoQ) (Q3) P,,,Asset,Description,,,IST Time,MT5 server time,x,Investment,Size,atr,spread,factor,VU,sl,margin,RRR,R,Notes,Notes,,,,,,,,,,,,,,
,,Actual:,,,,C:EURUSD,"Gross Domestic Product (GDP) is the broadest measure of economic activity and is a key indicator of economic health. The quarterly percent changes in GDP show the growth rate of the economy as a whole.

A reading that is stronger than forecast is generally supportive (bullish) for the EUR, while a weaker than forecast reading is generally negative (bearish) for the EUR.
  
Historical impact on Assets: EURJPY",,,,,,on chart,0.1,0.022,0.03000000,,0.063,-15.02,99.37,,,,,,,,,,,,,,,,,,
,,Forecast:,0.00%,,,EURUSD.sd,,,,,,,,,,,,,,,,,,,,,,,,,,,,,,,,
,,Previous:,-0.10%,,,,,,,,,,Hist 1,0.1,0.05060,0.03000000,1.0,0.1059, (25),99,4.26, 108 ,,4.435,,,,,,,,,,,,,,
,,Time (GMT):,9:00,,,,,,,14:30,12:00,,Hist 2,0.1,0.06153,0.03000000,0.5,0.1223, (15),99, 2.2 , 31 ,,,,,,,,,,,,,,,,
,,Release Date,Actual,Forecast,Previous,Time,,,,,,,,,,,,,,,,,,,,,,,,,,,,,,,,
,,27-Aug-24,-0.1%,-0.1% ,0.2%,6:00,,,,2:00,,,,,,,,,,,,,,,,,,,,,,,,,,,,
,,30-Jul-24,-0.1%,0.1% ,0.2%,8:00,,,,4:00,,,Placement,0.1,0.0615,0.03000000,1.0,0.1223, (29),99,2.2, 63 ,,,,,,,,,,,,,,,,
,,24-May-24,0.2%,0.2% ,-0.3%,6:00,,,,2:00,,,,,,,,,,,,,,,,,,,,,,,,,,,,
,,30-Apr-24,0.2%,0.1% ,-0.5%,8:00,,,,4:00,,,Final,,,,,, -   ,,, -   ,,,,,,,,,,,,,,,,
,,23-Feb-24,-0.3%,-0.3% ,-0.1%,7:00,,,,3:00,,,,,,,,,,,,,,,,,,,,,,,,,,,,
,,30-Jan-24,-0.3%,-0.3% ,-0.1%,9:00,,,,5:00,,,,,,,,,,,,,,,,,,,,,,,,,,,,
,x,Event,GDP (YoY) (EUR),,,Asset,Description,,,IST Time,MT5 server time,x,Investment,Size,atr,spread,factor,VU,sl,margin,RRR,R,Notes,Notes,,,,,,,,,,,,,,
,,Actual:,,,,C:EURUSD,"Traders await the preliminary Q3 European GDP data on the same day. The European economy grew by 0.6% in Q2. If growth falls short of this figure, it could reinforce market expectations that the European Central Bank may need to stimulate the economy further through rate cuts, potentially weighing on the euro's value against currencues like the Australian dollar.
  
Historical impact on Assets: EURJPY | EURAUD | EURUSD",,,,,,on chart,0.1,0.022,0.03000000,,0.063,-15.02,99.37,,,,,,,,,,,,,,,,,,
,,Forecast:,0.80%,,,EURUSD.sd,,,,,,,,,,,,,,,,,,,,,,,,,,,,,,,,
,,Previous:,0.60%,,,,,,,,,,Hist 1,0.1,0.06410,0.03000000,1.0,0.12615, (30),92,2.39, 72 ,,,,,,,,,,,,,,,,
,,Time (GMT):,10:00,,,,,,,15:30,13:00,,Hist 2,0.1,0.07607,0.03000000,1.0,0.1441, (34),92, 2.1 , 71 ,,,,,,,,,,,,,,,,
,,Release Date,Actual,Forecast,Previous,Time,,,,,,,,,,,,,,,,,,,,,,,,,,,,,,,,
,,06-Sep-24,0.6%,0.6% ,0.4%,9:00,,,,5:00,,,,,,,,,,,,,,,,,,,,,,,,,,,,
,,14-Aug-24,0.6%,0.6% ,0.4%,9:00,,,,5:00,,,Placement,0.1,0.0761,0.03000000,1.0,0.1441, (34),92,2.1, 71 ,,,,,,,,,,,,,,,,
,,30-Jul-24,0.6%,0.6% ,0.4%,9:00,,,,5:00,,,,,,,,,,,,,,,,,,,,,,,,,,,,
,,07-Jun-24,0.4%,0.4% ,0.2%,9:00,,,,5:00,,,,,,,,,,,,,,,,,,,,,,,,,,,,
,,15-May-24,0.4%,0.4% ,0.1%,9:00,,,,5:00,,,,,,,,,,,,,,,,,,,,,,,,,,,,
,,30-Apr-24,0.4%,0.2% ,0.1%,9:00,,,,5:00,,,,,,,,,,,,,,,,,,,,,,,,,,,,
,x,Event,Autumn Forecast Statement,,,Asset,Description,,,IST Time,MT5 server time,x,Investment,Size,atr,spread,factor,VU,sl,margin,RRR,R,Notes,Notes,,,,,,,,,,,,,,
,,Actual:,,,,GBPJPY.sd,"The Autumn Statement of the British Government, also known as the ""mini-budget"", is one of the two statements HM Treasury makes each year to Parliament upon publication of economic forecasts. It usually involves speeches in the House of Commons by the Chancellor of the Exchequer.
  
Historical impact on Assets: GBPJPY",,,,,,on chart,0.1,0.036,0.02700000,,0.081,-22.8,119.47,,,,,,,,,,,,,,,,,,
,,Forecast:, -   ,,,GBPJPY.sd,,,,,,,,,,,,,,,,,,,,,,,,,,,,,,,,
,,Previous:, -   ,,,,,,,,,,Hist 1,0.1,0.06480,0.02800000,1.0,0.1252, (35),92,4.17, 147 ,,,,,,,,,,,,,,,,
,,Time (GMT):,13:00,,,,,,,15:30,13:00,,Hist 2,0.05,0.07147,0.02800000,1.0,0.1352, (19),46, 4.7 , 90 ,,,,,,,,,,,,,,,,
,,Release Date,Actual,Forecast,Previous,Time,,,,,,,,,,,,,,,,,,,,,,,,,,,,,,,,
,,22-Nov-23, -   ,    , -   ,13:00,,,,,,,,,,,,,,,,,,,,,,,,,,,,,,,,
,,17-Nov-22, -   ,    , -   ,13:00,,,,,,,Placement,0.1,0.0715,0.02800000,1.0,0.1352, (19),46,2.0, 38 ,,P,,,,,,,,,,,,,,
,,27-Oct-21, -   ,    , -   ,13:00,,,,,,,,,,,,,,,,,,,,,,,,,,,,,,,,
,,25-Nov-20, -   ,    , -   ,13:00,,,,,,,,,,,,,,,,,,,,,,,,,,,,,,,,
,,24-Nov-20, -   ,    , -   ,13:00,,,,,,,,,,,,,,,,,,,,,,,,,,,,,,,,
,,11-Mar-20, -   ,    , -   ,13:00,,,,,,,,,,,,,,,,,,,,,,,,,,,,,,,,
,x,Event,ADP Nonfarm Employment Change (Oct),,,Asset,Description,,,IST Time,MT5 server time,x,Investment,Size,atr,spread,factor,VU,sl,margin,RRR,R,Notes,Notes,,,,,,,,,,,,,,
,,Actual:,,,,C:USDJPY,"
ADP is performs payroll services for its clients. The ADP National Employment Report is a measure of the monthly change in non-farm, private employment, based on the payroll data of approximately 400,000 U.S. business clients. The release, two days ahead of government data, is used as a predictor of the government's Labour Market Report.

A reading that is stronger than forecast is generally supportive (bullish) for the USD, while a weaker than forecast reading is generally negative (bearish) for the USD.

  
Historical impact on Assets: USDJPY",,,,,,on chart,0.1,0.021,0.01700000,0,0.0485,-11.44,91.8,2,,,,,,,,,,,,,,,,,
,,Forecast:, 101K ,,,USDJPY.sd,,,,,,,,,,,,,,,,,,,,,,,,,,,,,,,,
,,Previous:, 143K ,,,,,,,,,,Hist 1,0.1,0.06890,0.01800000,1.0,0.12135, (29),92,5.96, 171 ,,,,,,,,,,,,,,,,
,,Time (GMT):,12:15,,,,,,,17:45,15:15,,Hist 2,0.1,0.04420,0.01800000,1.0,0.0843, (20),92, 10.7 , 213 ,,,,,,,,,,,,,,,,
,,Release Date,Actual,Forecast,Previous,Time,,,,,,,,,,,,,,,,,,,,,,,,,,,,,,,,
,,02-Oct-24, 143K , 124K  , 103K ,12:15,,,,,,,,,,,,,,,,,,,,,,,,,,,,,,,,
,,05-Sep-24, 99K , 144K  , 111K ,12:15,,,,,,,Placement,-0.15,0.0442,0.01800000,-1.0,0.0843, (30),138,3.0, 89 ,P,,,,,,,,,,,,,,,
,,31-Jul-24, 122K , 147K  , 155K ,12:15,,,,,,,,,,,,,,,,,,,,,,,,,,,,,,,,
,,03-Jul-24, 150K , 163K  , 157K ,12:15,,,,,,,,,,,,,,,,,,,,,,,,,,,,,,,,
,,05-Jun-24, 152K , 173K  , 188K ,12:15,,,,,,,,,,,,,,,,,,,,,,,,,,,,,,,,
,,01-May-24, 192K , 179K  , 208K ,12:15,,,,,,,,,,,,,,,,,,,,,,,,,,,,,,,,
,x,Event,GDP (QoQ) (Q3) P,,,Asset,Description,,,IST Time,MT5 server time,x,Investment,Size,atr,spread,factor,VU,sl,margin,RRR,R,Notes,Notes,,,,,,,,,,,,,,
,,Actual:,,,,C:USDJPY,"Gross Domestic Product (GDP) measures the annualised change in the inflation-adjusted value of all goods and services produced by the economy. It is the broadest measure of economic activity and the primary indicator of the economy's health.

A reading that is stronger than forecast is generally supportive (bullish) for the USD, while a weaker than forecast reading is generally negative (bearish) for the USD.

Historical impact on Assets: USDJPY",,,,,,on chart,0.1,0.021,0.01700000,0,0.0485,-11.44,91.8,2,,,,,,,,,,,,,,,,,
,,Forecast:,3.00%,,,USDJPY.sd,,,,,,,,,,,,,,,,,,,,,,,,,,,,,,,,
,,Previous:,3.00%,,,,,,,,,,Hist 1,0.1,0.03840,0.01700000,1.0,0.0746, (18),92,5.59, 98 ,,,,,,,,,,,,,,,,
,,Time (GMT):,12:30,,,,,,,18:00,15:30,,Hist 2,0.1,0.05993,0.01400000,1.0,0.1039, (25),92, 3.9 , 94 ,,,,,,,,,,,,,,,,
,,Release Date,Actual,Forecast,Previous,Time,,,,,,,,,,,,,,,,,,,,,,,,,,,,,,,,
,,26-Sep-24,3.0%,3.0% ,1.6%,12:30,,,,,,,,,,,,,,,,,,,,,,,,,,,,,,,,
,,29-Aug-24,3.0%,2.8% ,1.4%,12:30,,,,,,,Placement,-0.12,0.0599,0.01400000,-1.0,0.1039, (29),110,3.5, 103 ,P,,,,,,,,,,,,,,,
,,25-Jul-24,2.8%,2.0% ,1.4%,12:30,,,,,,,,,,,,,,,,,,,,,,,,,,,,,,,,
,,27-Jun-24,1.4%,1.3% ,3.4%,12:30,,,,,,,,,,,,,,,,,,,,,,,,,,,,,,,,
,,30-May-24,1.3%,1.6% ,3.4%,12:30,,,,,,,,,,,,,,,,,,,,,,,,,,,,,,,,
,,25-Apr-24,1.6%,2.5% ,3.4%,12:30,,,,,,,,,,,,,,,,,,,,,,,,,,,,,,,,
,x,Event,German CPI (MoM) (Oct) P,,,Asset,Description,,,IST Time,MT5 server time,x,Investment,Size,atr,spread,factor,VU,sl,margin,RRR,R,Notes,Notes,,,,,,,,,,,,,,
,,Actual:,,,,C:EURJPY,"The Consumer Price Index (CPI) measures the change in the prices of goods and services from the perspective of the consumer. As Germany has the largest output of any country in the euro-zone, the European Central bank pays very close attention to this figure in its role of maintaining price stability.

A reading that is stronger than forecast is generally supportive (bullish) for the EUR, while a weaker than forecast reading is generally negative (bearish) for the EUR.
  
Historical impact on Assets: EURJPY",,,,,,on chart,0.1,0.013,0.02200000,0,0.0415,-10.74,60.23,,,,,,,,,,,,,,,,,,
,,Forecast:,0.2%,,,EURJPY.sd,,,,,,,,,,,,,,,,,,,,,,,,,,,,,,,,
,,Previous:,0.0%,,,,,,,,,,Hist 1,0.1,0.03840,0.02200000,1.0,0.0796, (21),92,5.59, 115 ,,,,,,,,,,,,,,,,
,,Time (GMT):,13:00,,,,,,,18:30,16:00,,Hist 2,0.1,0.05993,0.01400000,1.0,0.1039, (27),92, 3.9 , 104 ,,,,,,,,,,,,,,,,
,,Release Date,Actual,Forecast,Previous,Time,,,,,,,,,,,,,,,,,,,,,,,,,,,,,,,,
,,11-Oct-24,0.0%,0.0% ,-0.1%,6:00,,,,11:30,,,,,,,,,,,,,,,,,,,,,,,,,,,,
,,30-Sep-24,0.0%,0.1% ,-0.1%,12:00,,,,17:30,,,Placement,-0.12,0.0599,0.01400000,-1.0,0.1039, (32),110,3.5, 113 ,P,,,,,,,,,,,,,,,
,,10-Sep-24,-0.1%,-0.1% ,0.3%,6:00,,,,11:30,,,,,,,,,,,,,,,,,,,,,,,,,,,,
,,29-Aug-24,-0.1%,0.0% ,0.3%,12:00,,,,17:30,,,,,,,,,,,,,,,,,,,,,,,,,,,,
,,09-Aug-24,0.3%,0.3% ,0.1%,6:00,,,,11:30,,,,,,,,,,,,,,,,,,,,,,,,,,,,
,,30-Jul-24,0.3%,0.3% ,0.1%,12:00,,,,17:30,,,,,,,,,,,,,,,,,,,,,,,,,,,,
,x,Event,Crude Oil Inventories,,,Asset,Description,,,IST Time,MT5 server time,x,Investment,Size,atr,spread,factor,VU,sl,margin,RRR,R,Notes,Notes,,,,,,,,,,,,,,
,,Actual:,,,,USOILRoll,"The Energy Information Administration's (EIA) Crude Oil Inventories measures the weekly change in the number of barrels of commercial crude oil held by US firms. The level of inventories influences the price of petroleum products, which can have an impact on inflation.

If the increase in crude inventories is more than expected, it implies weaker demand and is bearish for crude prices. The same can be said if a decline in inventories is less than expected.
If the increase in crude is less than expected, it implies greater demand and is bullish for crude prices. The same can be said if a decline in inventories is more than expected.
  
Historical impact on Assets: USOilRoll",,,,,,on chart,0.1,0.039,0.02100000,,0.0795,-18.99,91.8,,,,,,,,,,,,,,,,,,
,,Forecast:, -   ,,,USOILRoll,,,,,,,,,,,,,,,,,,,,,,,,,,,,,,,,
,,Previous:, 5.474M ,,,,,,,,,,Hist 1,0.1,0.07220,0.01500000,1,0.1233, (29),92,4.88, 144 ,,4.435,,,,,,,,,,,,,,
,,Time (GMT):,17:30,,,,,,,20:00,17:30,,Hist 2,0.1,0.04053,0.01500000,0.5,0.0758, (9),92,2.365, 21 ,,,,,,,,,,,,,,,,
,,Release Date,Actual,Forecast,Previous,Time,,,,,,,,,,,,,,,,,,,,,,,,,,,,,,,,
,,23-Oct-24, 5.474M , 0.800M  , -2.191M ,17:30,,,,,,,,,,,,,,,,,,,,,,,,,,,,,,,,
,,17-Oct-24, -2.191M , 1.800M  , 5.810M ,17:30,,,,,,,Placement,0.25,0.0405,0.01500000,0.5,0.0758, (23),230,2, 45 ,P,,,,,,,,,,,,,,,
,,09-Oct-24, 5.810M , 2.000M  , 3.889M ,17:30,,,,,,,Placement,0.25,0.0405,0.01500000,0.5,0.0758, (22),230,2, 45 ,,,,,,,,,,,,,,,,
,,02-Oct-24, 3.889M , -1.500M  , -4.471M ,17:30,,,,,,,Final,,,,,, (22),,, 45 ,,,,,,,,,,,,,,,,
,,25-Sep-24, -4.471M , -1.300M  , -1.630M ,17:30,,,,,,,,,,,,,,,,,,,,,,,,,,,,,,,,
,,18-Sep-24, -1.630M , -0.200M  , 0.833M ,17:30,,,,,,,,,,,,,,,,,,,,,,,,,,,,,,,,
,x,Event,Manufacturing PMI (Oct) (CNY),,,Asset,Description,,,IST Time,MT5 server time,x,Investment,Size,atr,spread,factor,VU,sl,margin,RRR,R,Notes,Notes,,,,,,,,,,,,,,
,,Actual:,,,,C:USDCNH,"China Manufacturing Purchasing Managers Index (PMI) provides an early indication each month of economic activities in the Chinese manufacturing sector. It is compiled by China Federation of Logistics & Purchasing (CFLP) and China Logistics Information Centre (CLIC), based on data collected by the National Bureau of Statistics (NBS).Li & Fung Research Centre is responsible for drafting and disseminating the English PMI report. Every month questionnaires are sent to over 700 manufacturing enterprises all over China. The data presented here is compiled from the enterprises responses about their purchasing activities and supply situations. The PMI should be compared to other economic data sources when used in decision-making.
A reading that is stronger than forecast is generally supportive (bullish) for the CNY , while a weaker than forecast reading is generally negative (bearish) for the CNY.

  
Historical impact on Assets: USDCNY",,,,,,on chart,0.1,0.039,0.02100000,,0.0795,-18.99,91.8,,,,,,,,,,,,,,,,,,
,,Forecast:, 50.00 ,,,USDCNH.sd,,,,,,,,,,,,,,,,,,,,,,,,,,,,,,,,
,,Previous:, 49.80 ,,,,,,,,,,Hist 1,0.1,0.07220,0.01500000,1,0.1233, (29),92,4.88, 144 ,,4.435,,,,,,,,,,,,,,
,,Time (GMT):,1:30,,,,,,,7:00,4:30,,Hist 2,0.1,0.04053,0.01500000,0.5,0.0758, (9),92,2.365, 21 ,,,,,,,,,,,,,,,,
,,Release Date,Actual,Forecast,Previous,Time,,,,,,,,,,,,,,,,,,,,,,,,,,,,,,,,
,,30-Sep-24, 49.8 , 49.4  , 49.1 ,1:30,,,,,,,,,,,,,,,,,,,,,,,,,,,,,,,,
,,31-Aug-24, 49.1 , 49.5  , 49.4 ,1:30,,,,,,,Placement,0.25,0.0405,0.01500000,0.5,0.0758, (23),230,2, 45 ,P,,,,,,,,,,,,,,,
,,31-Jul-24, 49.4 , 49.4  , 49.5 ,1:30,,,,,,,Placement,0.25,0.0405,0.01500000,0.5,0.0758, (22),230,2, 45 ,,,,,,,,,,,,,,,,
,,30-Jun-24, 49.5 , 49.5  , 49.5 ,1:30,,,,,,,Final,,,,,, (22),,, 45 ,,,,,,,,,,,,,,,,
,,31-May-24, 49.5 , 50.5  , 50.4 ,1:30,,,,,,,,,,,,,,,,,,,,,,,,,,,,,,,,
,,30-Apr-24, 50.4 , 50.3  , 50.8 ,1:30,,,,,,,,,,,,,,,,,,,,,,,,,,,,,,,,
,x,Event,BoJ Interest Rate Decision,,,Asset,Description,,,IST Time,MT5 server time,x,Investment,Size,atr,spread,factor,VU,sl,margin,RRR,R,Notes,Notes,,,,,,,,,,,,,,
,,Actual:,,,,C:USDJPY,"
Bank of Japan (BOJ) policy board publishes its decision about where to set the target overnight rate. As short term interest rates are an important determinant of currency valuation, traders watch interest rate changes closely. A reading that is stronger than forecast is generally supportive (bullish) for the JPY, while a weaker than forecast reading is generally negative (bearish) for the JPY.
  
Historical impact on Assets: USDJPY",,,,,,on chart,0.1,0.021,0.016,,0.081,-11.31,91.8,,,,,,,,,,,,,,,,,,
,,Forecast:,0.25%,,,USDJPY.sd,,,,,,,,,,,,,,,,,,,,,,,,,,,,,,,,
,,Previous:,0.25%,,,,,,,,,,Hist 1,0.1,0.13040,0.01500000,1.0,0.2106, (29),92,2.43, 71 ,,,,,,,,,,,,,,,,
,,Time (GMT):,3:00,,,,,,,8:30,6:00,,Hist 2,0.1,0.13473,0.01500000,1.0,0.2171, (30),92, 2.5 , 75 ,,,,,,,,,,,,,,,,
,,Release Date,Actual,Forecast,Previous,Time,,,,,,,,,,,,,,,,,,,,,,,,,,,,,,,,
,,20-Sep-24,0.25%,0.25% ,0.25%,3:00,,,,8:30,6:00,,,,,,,,,,,,,,,,,,,,,,,,,,,
,,31-Jul-24,0.25%,0.10% ,0.10%,4:00,,,,9:30,7:00,,Placement,-0.10,0.1347,0.01500000,-1.0,0.2171, (30),92,2.0, 61 ,P,,,,,,,,,,,,,,,
,,14-Jun-24,0.10%,0.10% ,0.10%,3:25,,,,8:55,6:25,,,,,,,,,,,,,,,,,,,,,,,,,,,
,,26-Apr-24,0.10%,0.10% ,0.10%,3:00,,,,8:30,6:00,,,,,,,,,,,,,,,,,,,,,,,,,,,
,,19-Mar-24,0.10%,0.10% ,-0.10%,3:35,,,,9:05,6:35,,,,,,,,,,,,,,,,,,,,,,,,,,,
,,23-Jan-24,-0.10%,-0.10% ,-0.10%,3:00,,,,8:30,6:00,,,,,,,,,,,,,,,,,,,,,,,,,,,
,x,Event,CPI (YoY) (Oct) P (EUR),,,Asset,Description,,,IST Time,MT5 server time,x,Investment,Size,atr,spread,factor,VU,sl,margin,RRR,R,Notes,Notes,,,,,,,,,,,,,,
,,Actual:,,,,C:EURJPY,"The Consumer Price Index (CPI) measures the change in the prices of goods and services contained in a basket of consumer items. The Central bank pays very close attention to this figure in its role of maintaining price stability.

A reading that is stronger than forecast is generally supportive (bullish) for the EUR, while a weaker than forecast reading is generally negative (bearish) for the EUR.
  
Historical impact on Assets: EURJPY",,,,,,on chart,0.1,0.039,0.02100000,,0.0795,-18.99,91.8,,,,,,,,,,,,,,,,,,
,,Forecast:,1.9%,,,EURJPY.sd,,,,,,,,,,,,,,,,,,,,,,,,,,,,,,,,
,,Previous:,1.7%,,,,,,,,,,Hist 1,0.1,0.07220,0.01500000,1,0.1233, (29),92,4.88, 144 ,,4.435,,,,,,,,,,,,,,
,,Time (GMT):,10:00,,,,,,,15:30,13:00,,Hist 2,0.1,0.04053,0.01500000,0.5,0.0758, (9),92,2.365, 21 ,,,,,,,,,,,,,,,,
,,Release Date,Actual,Forecast,Previous,Time,,,,,,,,,,,,,,,,,,,,,,,,,,,,,,,,
,,17-Oct-24,1.7%,1.8% ,2.2%,9:00,,,,,,,,,,,,,,,,,,,,,,,,,,,,,,,,
,,01-Oct-24,1.8%,1.8% ,2.2%,9:00,,,,,,,Placement,0.25,0.0405,0.01500000,0.5,0.0758, (23),230,2, 45 ,P,,,,,,,,,,,,,,,
,,18-Sep-24,2.2%,2.2% ,2.6%,9:00,,,,,,,Placement,0.25,0.0405,0.01500000,0.5,0.0758, (22),230,2, 45 ,,,,,,,,,,,,,,,,
,,30-Aug-24,2.2%,2.2% ,2.6%,9:00,,,,,,,Final,,,,,, (22),,, 45 ,,,,,,,,,,,,,,,,
,,20-Aug-24,2.6%,2.6% ,2.5%,9:00,,,,,,,,,,,,,,,,,,,,,,,,,,,,,,,,
,,31-Jul-24,2.6%,2.5% ,2.5%,9:00,,,,,,,,,,,,,,,,,,,,,,,,,,,,,,,,
,x,Event,Core PCE Price Index (YoY) (Sep),,,Asset,Description,,,IST Time,MT5 server time,x,Investment,Size,atr,spread,factor,VU,sl,margin,RRR,R,Notes,Notes,,,,,,,,,,,,,,
,,Actual:,,,,C:USDJPY,"The Core PCE price Index is the less volatile measure of the PCE price index which excludes the more volatile and seasonal food and energy prices. The impact on the currency may go both ways, a rise in inflation may lead to a rise in interest rates and a rise in local currency, on the other hand, during recession, a rise in inflation may lead to a deepened recession and therefore a fall in local currency.
  
Historical impact on Assets: USDJPY",,,,,,on chart,0.1,0.021,0.01700000,,0.0485,-11.44,91.8,,,,,,,,,,,,,,,,,,
,,Forecast:,0.0%,,,USDJPY.sd,,,,,,,,,,,,,,,,,,,,,,,,,,,,,,,,
,,Previous:,2.7%,,,,,,,,,,Hist 1,0.1,0.08800,0.01700000,1.0,0.149, (35),92,5.14, 181 ,,4.435,,,,,,,,,,,,,,
,,Time (GMT):,12:30,,,,,,,18:00,15:30,,Hist 2,0.1,0.05487,0.01700000,1.0,0.0993, (23),92, 4.9 , 114 ,,,,,,,,,,,,,,,,
,,Release Date,Actual,Forecast,Previous,Time,,,,,,,,,,,,,,,,,,,,,,,,,,,,,,,,
,,27-Sep-24,2.7%,2.7% ,2.6%,12:30,,,,,,,,,,,,,,,,,,,,,,,,,,,,,,,,
,,30-Aug-24,2.6%,2.7% ,2.6%,12:30,,,,,,,Placement,0.10,0.0549,0.01700000,1.0,0.0993, (23),92,3.0, 70 ,P,,,,,,,,,,,,,,,
,,26-Jul-24,2.6%,2.5% ,2.6%,12:30,,,,,,,Placement,-0.10,0.0549,0.01700000,-1.0,0.0993, (23),92,3.0, 70 ,P,,,,,,,,,,,,,,,
,,28-Jun-24,2.6%,2.6% ,2.8%,12:30,,,,,,,Final,,,,,,,,,,,,,,,,,,,,,,,,,
,,31-May-24,2.8%,2.8% ,2.8%,12:30,,,,,,,,,,,,,,,,,,,,,,,,,,,,,,,,
,,26-Apr-24,2.8%,2.6% ,2.8%,12:30,,,,,,,,,,,,,,,,,,,,,,,,,,,,,,,,
,x,Event,Core PCE Price Index (MoM) (Sep),,,Asset,Description,,,IST Time,MT5 server time,x,Investment,Size,atr,spread,factor,VU,sl,margin,RRR,R,Notes,Notes,,,,,,,,,,,,,,
,,Actual:,,,,C:USDJPY,"The Core Personal Consumption Expenditure (PCE) Price Index measures the changes in the price of goods and services purchased by consumers for the purpose of consumption, excluding food and energy. Unlike the fixed-weight CPI, PCE is chain-weighted and thus adjusts to changing consumer behaviour. Core PCE is the Fed's preferred inflation measure and thus receives greater attention.

A reading that is stronger than forecast is generally supportive (bullish) for the USD, while a weaker than forecast reading is generally negative (bearish) for the USD.
  
Historical impact on Assets: USDJPY",,,,,,on chart,0.1,0.039,0.02100000,,0.0795,-18.99,91.8,,,,,,,,,,,,,,,,,,
,,Forecast:,0.30%,,,USDJPY.sd,,,,,,,,,,,,,,,,,,,,,,,,,,,,,,,,
,,Previous:,0.10%,,,,,,,,,,Hist 1,0.1,0.07220,0.01500000,1,0.1233, (29),92,4.88, 144 ,,4.435,,,,,,,,,,,,,,
,,Time (GMT):,12:30,,,,,,,18:00,15:30,,Hist 2,0.1,0.04053,0.01500000,0.5,0.0758, (9),92,2.365, 21 ,,,,,,,,,,,,,,,,
,,Release Date,Actual,Forecast,Previous,Time,,,,,,,,,,,,,,,,,,,,,,,,,,,,,,,,
,,27-Sep-24,0.1%,0.2% ,0.2%,12:30,,,,,,,,,,,,,,,,,,,,,,,,,,,,,,,,
,,30-Aug-24,0.2%,0.2% ,0.2%,12:30,,,,,,,Placement,0.25,0.0405,0.01500000,0.5,0.0758, (23),230,2, 45 ,P,,,,,,,,,,,,,,,
,,26-Jul-24,0.2%,0.2% ,0.1%,12:30,,,,,,,Placement,0.25,0.0405,0.01500000,0.5,0.0758, (22),230,2, 45 ,,,,,,,,,,,,,,,,
,,28-Jun-24,0.1%,0.1% ,0.3%,12:30,,,,,,,Final,,,,,, (22),,, 45 ,,,,,,,,,,,,,,,,
,,31-May-24,0.2%,0.3% ,0.3%,12:30,,,,,,,,,,,,,,,,,,,,,,,,,,,,,,,,
,,26-Apr-24,0.3%,0.3% ,0.3%,12:30,,,,,,,,,,,,,,,,,,,,,,,,,,,,,,,,
,x,Event,Initial Jobless Claims,,,Asset,Description,,,IST Time,MT5 server time,x,Investment,Size,atr,spread,factor,VU,sl,margin,RRR,R,Notes,Notes,,,,,,,,,,,,,,
,,Actual:,,,,C:USDJPY,"Initial Jobless Claims measures the number of people who filed for unemployment insurance for the first time during the past week. This is the most timely U.S. economic data, but the market impact varies from week to week.
A reading that is higher than forecast is generally negative (bearish) for the USD, while a lower than forecast reading is generally supportive (bullish) for the USD.
  
Historical impact on Assets: USDJPY",,,,,,on chart,0.1,0.039,0.02100000,,0.0795,-18.99,91.8,,,,,,,,,,,,,,,,,,
,,Forecast:, 231K ,,,USDJPY.sd,,,,,,,,,,,,,,,,,,,,,,,,,,,,,,,,
,,Previous:,227K,,,,,,,,,,Hist 1,0.1,0.07220,0.01500000,1,0.1233, (29),92,4.88, 144 ,,4.435,,,,,,,,,,,,,,
,,Time (GMT):,12:30,,,,,,,18:00,15:30,,Hist 2,0.1,0.04053,0.01500000,0.5,0.0758, (9),92,2.365, 21 ,,,,,,,,,,,,,,,,
,,Release Date,Actual,Forecast,Previous,Time,,,,,,,,,,,,,,,,,,,,,,,,,,,,,,,,
,,24-Oct-24,227K,243K ,242K,12:30,,,,,,,,,,,,,,,,,,,,,,,,,,,,,,,,
,,17-Oct-24,241K,241K ,260K,12:30,,,,,,,Placement,0.25,0.0405,0.01500000,0.5,0.0758, (23),230,2, 45 ,P,,,,,,,,,,,,,,,
,,10-Oct-24,258K,231K ,225K,12:30,,,,,,,Placement,0.25,0.0405,0.01500000,0.5,0.0758, (22),230,2, 45 ,,,,,,,,,,,,,,,,
,,03-Oct-24,225K,222K ,219K,12:30,,,,,,,Final,,,,,, (22),,, 45 ,,,,,,,,,,,,,,,,
,,26-Sep-24,218K,224K ,222K,12:30,,,,,,,,,,,,,,,,,,,,,,,,,,,,,,,,
,,19-Sep-24,219K,230K ,231K,12:30,,,,,,,,,,,,,,,,,,,,,,,,,,,,,,,,
,x,Event,Chicago PMI (Oct),,,Asset,Description,,,IST Time,MT5 server time,x,Investment,Size,atr,spread,factor,VU,sl,margin,RRR,R,Notes,Notes,,,,,,,,,,,,,,
,,Actual:,,,,C:USDJPY,"The Chicago Purchasing Managers' Index (PMI) is a diffusion index incorporating survey results provided by manufacturing firms around the Chicago area. A reading above fifty suggests the manufacturing sector is expanding, while a reading below fifty suggests the manufacturing sector is in contraction. The Chicago PMI can be of some assistance in forecasting the ISM manufacturing PMI.

A reading that is stronger than forecast is generally supportive (bullish) for the USD, while a weaker than forecast reading is generally negative (bearish) for the USD.
  
Historical impact on Assets: USDJPY",,,,,,on chart,0.1,0.039,0.02100000,,0.0795,-18.99,91.8,,,,,,,,,,,,,,,,,,
,,Forecast:, 47.10 ,,,USDJPY.sd,,,,,,,,,,,,,,,,,,,,,,,,,,,,,,,,
,,Previous:, 46.60 ,,,,,,,,,,Hist 1,0.1,0.07220,0.01500000,1,0.1233, (29),92,4.88, 144 ,,4.435,,,,,,,,,,,,,,
,,Time (GMT):,13:45,,,,,,,19:15,16:45,,Hist 2,0.1,0.04053,0.01500000,0.5,0.0758, (9),92,2.365, 21 ,,,,,,,,,,,,,,,,
,,Release Date,Actual,Forecast,Previous,Time,,,,,,,,,,,,,,,,,,,,,,,,,,,,,,,,
,,30-Sep-24, 46.6 , 46.1  , 46.1 ,13:45,,,,,,,,,,,,,,,,,,,,,,,,,,,,,,,,
,,30-Aug-24, 46.1 , 45.0  , 45.3 ,13:45,,,,,,,Placement,0.25,0.0405,0.01500000,0.5,0.0758, (23),230,2, 45 ,P,,,,,,,,,,,,,,,
,,31-Jul-24, 45.3 , 44.8  , 47.4 ,13:45,,,,,,,Placement,0.25,0.0405,0.01500000,0.5,0.0758, (22),230,2, 45 ,,,,,,,,,,,,,,,,
,,28-Jun-24, 47.4 , 39.7  , 35.4 ,13:45,,,,,,,Final,,,,,, (22),,, 45 ,,,,,,,,,,,,,,,,
,,31-May-24, 35.4 , 41.1  , 37.9 ,13:45,,,,,,,,,,,,,,,,,,,,,,,,,,,,,,,,
,,30-Apr-24, 37.9 , 44.9  , 41.4 ,13:45,,,,,,,,,,,,,,,,,,,,,,,,,,,,,,,,
,x,Actual:,Apple earnings report,,,Asset,Description,,,IST Time,MT5 server time,x,Investment,Size,atr,spread,factor,VU,sl,margin,RRR,R,Notes,Notes,,,,,,,,,,,,,,
,,Actual:,,,,USDJPY.sd,"The markets will closely watch the release of Apple's Q4 earnings report.

The report may highlight Apple's initiative to incorporate artificial intelligence into its devices, particularly the iPhones launched last September, as well as developers' feedback and the potential of this initiative.

Apple's previous quarter earnings per share surpassed expectations of 1.34, reaching 1.40 with a positive growth of 0.14%. For the current quarter, Bloomberg forecasts EPS of 1.59 and quarterly revenues of $94.33 billion.

Any figures below expectations could negatively impact Apple's stock, which may affect the US500 index, where Apple is a key component, and vice verse.

Historical impact on Assets: UTI100Roll | AAPL | US500",,,,,,on chart,0.1,0.039,0.02100000,,0.0795,-18.99,91.8,,,,,,,,,,,,,,,,,,
,,Forecast:, 1.59 ,,,USDJPY.sd,,,,,,,,,,,,,,,,,,,,,,,,,,,,,,,,
,,Previous:, 1.40 ,,,,,,,,,,Hist 1,0.1,0.07220,0.01500000,1,0.1233, (29),92,4.88, 144 ,,4.435,,,,,,,,,,,,,,
,,Time (GMT):,23:00,,,,,,,1:30,23:00,,Hist 2,0.1,0.04053,0.01500000,0.5,0.0758, (9),92,2.365, 21 ,,,,,,,,,,,,,,,,
,,Release Date,Actual,Forecast,Previous,Time,,,,,,,,,,,,,,,,,,,,,,,,,,,,,,,,
,,01-Aug-24, 1.40 , 1.34 , 1.53 ,23:00,,,,,,,,,,,,,,,,,,,,,,,,,,,,,,,,
,,02-May-24, 1.53 , 1.51 , 2.18 ,23:00,,,,,,,Placement,0.25,0.0405,0.01500000,0.5,0.0758, (23),230,2, 45 ,P,,,,,,,,,,,,,,,
,,01-Feb-24, 2.18 , 2.09 , 1.46 ,23:00,,,,,,,Placement,0.25,0.0405,0.01500000,0.5,0.0758, (22),230,2, 45 ,,,,,,,,,,,,,,,,
,,02-Nov-23, 1.46 , 1.39 , 1.26 ,23:00,,,,,,,Final,,,,,, (22),,, 45 ,,,,,,,,,,,,,,,,
,,03-Aug-23, 1.26 , 1.19 , 1.52 ,23:00,,,,,,,,,,,,,,,,,,,,,,,,,,,,,,,,
,,04-May-23, 1.52 , 1.44 , 1.88 ,23:00,,,,,,,,,,,,,,,,,,,,,,,,,,,,,,,,
,x,Event,Average Hourly Earnings (MoM) (Oct),,,Asset,Description,,,IST Time,MT5 server time,x,Investment,Size,atr,spread,factor,VU,sl,margin,RRR,R,Notes,Notes,,,,,,,,,,,,,,
,,Actual:,,,,C:USDJPY,"Before the week concludes, traders will wait for the release oftthe US jobs report for October.

Bloomberg forecasts the US economy may add 135,000 jobs in October, a decrease from September's unexpectedly strong report, which showed the addition of 254,000 jobs and a drop in the unemployment rate to 4.1%

Stronger-than-expected figures could bolster the Federal Reserve's confidence in the resilience of the US economy, potentially slowing the pace of interest rate cuts. This would likely support the US dollar while negatively impacting dollar-related commodities like gold, which recently reached record highs, surpassing $2,700 per ounce.

Historical impact on Assets: USDJPY | XAUUSD",,,,,,on chart,0.1,0.039,0.02100000,,0.0795,-18.99,91.8,,,,,,,,,,,,,,,,,,
,,Forecast:,0.300%,,,USDJPY.sd,,,,,,,,,,,,,,,,,,,,,,,,,,,,,,,,
,,Previous:,0.400%,,,,,,,,,,Hist 1,0.1,0.07220,0.01500000,1.0,0.1233, (29),92,4.88, 144 ,,4.435,,,,,,,,,,,,,,
,,Time (GMT):,12:30,,,,,,,18:00,15:30,,Hist 2,0.1,0.12867,0.01500000,1.0,0.2080, (50),92, 2.4 , 118 ,,,,,,,,,,,,,,,,
,,Release Date,Actual,Forecast,Previous,Time,,,,,,,,,,,,,,,,,,,,,,,,,,,,,,,,
,,04-Oct-24,0.4%,0.3% ,0.5%,12:30,,,,,,,,,,,,,,,,,,,,,,,,,,,,,,,,
,,06-Sep-24,0.4%,0.3% ,-0.1%,12:30,,,,,,,Placement,0.25,0.0405,0.01500000,0.5,0.0758, (23),230,2.0, 45 ,P,,,,,,,,,,,,,,,
,,02-Aug-24,0.2%,0.3% ,0.3%,12:30,,,,,,,,,,,,,,,,,,,,,,,,,,,,,,,,
,,05-Jul-24,0.3%,0.3% ,0.4%,12:30,,,,,,,Final,,,,,, -   ,,, -   ,,,,,,,,,,,,,,,,
,,07-Jun-24,0.4%,0.3% ,0.2%,12:30,,,,,,,,,,,,,,,,,,,,,,,,,,,,,,,,
,,03-May-24,0.2%,0.3% ,0.3%,12:30,,,,,,,,,,,,,,,,,,,,,,,,,,,,,,,,
,x,Event,Nonfarm Payrolls (Oct),,,Asset,Description,,,IST Time,MT5 server time,x,Investment,Size,atr,spread,factor,VU,sl,margin,RRR,R,Notes,Notes,,,,,,,,,,,,,,
,,Actual:,,,,C:USDJPY,"Before the week concludes, traders will wait for the release oftthe US jobs report for October.

Bloomberg forecasts the US economy may add 135,000 jobs in October, a decrease from September's unexpectedly strong report, which showed the addition of 254,000 jobs and a drop in the unemployment rate to 4.1%

Stronger-than-expected figures could bolster the Federal Reserve's confidence in the resilience of the US economy, potentially slowing the pace of interest rate cuts. This would likely support the US dollar while negatively impacting dollar-related commodities like gold, which recently reached record highs, surpassing $2,700 per ounce.

Historical impact on Assets: USDJPY | XAUUSD",,,,,,on chart,0.1,0.021,0.01700000,,0.0485,-11.44,91.8,,,,,,,,,,,,,,,,,,
,,Forecast:,111K,,,USDJPY.sd,,,,,,,,,,,,,,,,,,,,,,,,,,,,,,,,
,,Previous:,254K,,,,,,,,,,Hist 1,0.1,0.13890,0.01800000,1.0,0.22635, (53),92,10.14, 541 ,,,,,,,,,,,,,,,,
,,Time (GMT):,12:30,,,,,,,18:00,15:30,,Hist 2,0.1,0.09380,0.01800000,1.0,0.1587, (37),92, 4.5 , 167 ,,,,,,,,,,,,,,,,
,,Release Date,Actual,Forecast,Previous,Time,,,,,,,,,,,,,,,,,,,,,,,,,,,,,,,,
,,04-Oct-24,254K,147K ,159K,12:30,,,,,,,,,,,,,,,,,,,,,,,,,,,,,,,,
,,06-Sep-24,142K,164K ,89K,12:30,,,,,,,Placement,0.10,0.1164,0.01800000,1.0,0.192525, (45),92,4.0, 182 ,P,,,,,,,,,,,,,,,
,,02-Aug-24,114K,176K ,179K,12:30,,,,,,,,,,,,,,,,,,,,,,,,,,,,,,,,
,,05-Jul-24,206K,191K ,218K,12:30,,,,,,,Final,,,,,, -   ,,, -   ,,,,,,,,,,,,,,,,
,,07-Jun-24,272K,182K ,165K,12:30,,,,,,,,,,,,,,,,,,,,,,,,,,,,,,,,
,,03-May-24,175K,238K ,315K,12:30,,,,,,,,,,,,,,,,,,,,,,,,,,,,,,,,
,x,Event,Unemployment Rate (Oct),,,Asset,Description,,,IST Time,MT5 server time,x,Investment,Size,atr,spread,factor,VU,sl,margin,RRR,R,Notes,Notes,,,,,,,,,,,,,,
,,Actual:,,,,C:USDJPY,"Before the week concludes, traders will wait for the release oftthe US jobs report for October.

Bloomberg forecasts the US economy may add 135,000 jobs in October, a decrease from September's unexpectedly strong report, which showed the addition of 254,000 jobs and a drop in the unemployment rate to 4.1%

Stronger-than-expected figures could bolster the Federal Reserve's confidence in the resilience of the US economy, potentially slowing the pace of interest rate cuts. This would likely support the US dollar while negatively impacting dollar-related commodities like gold, which recently reached record highs, surpassing $2,700 per ounce.

Historical impact on Assets: USDJPY | XAUUSD",,,,,,on chart,0.1,0.039,0.02100000,,0.0795,-18.99,91.8,,,,,,,,,,,,,,,,,,
,,Forecast:,4.10%,,,USDJPY.sd,,,,,,,,,,,,,,,,,,,,,,,,,,,,,,,,
,,Previous:,4.10%,,,,,,,,,,Hist 1,0.1,0.07220,0.01500000,1,0.1233, (29),92,4.88, 144 ,,4.435,,,,,,,,,,,,,,
,,Time (GMT):,12:30,,,,,,,18:00,15:30,,Hist 2,0.1,0.04053,0.01500000,0.5,0.0758, (9),92,2.365, 21 ,,,,,,,,,,,,,,,,
,,Release Date,Actual,Forecast,Previous,Time,,,,,,,,,,,,,,,,,,,,,,,,,,,,,,,,
,,04-Oct-24,4.1%,4.2% ,4.2%,12:30,,,,,,,,,,,,,,,,,,,,,,,,,,,,,,,,
,,06-Sep-24,4.2%,4.2% ,4.3%,12:30,,,,,,,Placement,0.25,0.0405,0.01500000,0.5,0.0758, (23),230,2, 45 ,P,,,,,,,,,,,,,,,
,,02-Aug-24,4.3%,4.1% ,4.1%,12:30,,,,,,,Placement,0.25,0.0405,0.01500000,0.5,0.0758, (22),230,2, 45 ,,,,,,,,,,,,,,,,
,,05-Jul-24,4.1%,4.0% ,4.0%,12:30,,,,,,,Final,,,,,, (22),,, 45 ,,,,,,,,,,,,,,,,
,,07-Jun-24,4.0%,3.9% ,3.9%,12:30,,,,,,,,,,,,,,,,,,,,,,,,,,,,,,,,
,,03-May-24,3.9%,3.8% ,3.8%,12:30,,,,,,,,,,,,,,,,,,,,,,,,,,,,,,,,
,x,Event,ISM Manufacturing PMI (Oct),,,Asset,Description,,,IST Time,MT5 server time,x,Investment,Size,atr,spread,factor,VU,sl,margin,RRR,R,Notes,Notes,,,,,,,,,,,,,,
,,Actual:,,,,C:USDJPY,"The Institute of Supply Management (ISM) Manufacturing Purchasing Managers Index (PMI) Report on Business is based on data compiled from monthly replies to questions asked of purchasing and supply executives in over 400 industrial companies across the United States. For each of the indicators measured (New Orders, Backlog of Orders, New Export Orders, Imports, Production, Supplier Deliveries, Inventories, Customers Inventories, Employment, and Prices), a diffusion index is calculated by adding the percent of positive responses plus one-half of those responding the same (considered positive). The resulting single index number is then seasonally adjusted.

The PMI is a composite index based on the seasonally adjusted diffusion indices for five of the indicators with differing weights: New Orders --30% Production --25% Employment --20% Supplier Deliveries --15% and Inventories -- 10%.

A reading that is stronger than forecast is generally supportive (bullish) for the USD, while a weaker than forecast reading is generally negative (bearish) for the USD.

Historical impact on Assets: USDJPY",,,,,,on chart,0.1,0.021,0.017,,0.0485,-11.44,91.8,,,,,,,,,,,,,,,,,,
,,Forecast:, 47.50 ,,,USDJPY.sd,,,,,,,,,,,,,,,,,,,,,,,,,,,,,,,,
,,Previous:, 47.20 ,,,,,,,,,,Hist 1,0.1,0.12960,0.01700000,1.0,0.2114, (50),92,2.71, 135 ,,,,,,,,,,,,,,,,
,,Time (GMT):,14:00,,,,,,,19:30,17:00,,Hist 2,0.1,0.06573,0.01700000,1.0,0.1156, (27),92, 4.2 , 113 ,,,,,,,,,,,,,,,,
,,Release Date,Actual,Forecast,Previous,Time,,,,,,,,,,,,,,,,,,,,,,,,,,,,,,,,
,,01-Oct-24, 47.2 , 47.6  , 47.2 ,14:00,,,,,,,,,,,,,,,,,,,,,,,,,,,,,,,,
,,03-Sep-24, 47.2 , 47.5  , 46.8 ,14:00,,,,,,,Placement,-0.05,0.0977,0.01700000,-1.5,0.1635, (29),-46,2.0, 58 ,P,,,,,,,,,,,,,,,
,,01-Aug-24, 46.8 , 48.8  , 48.5 ,14:00,,,,,,,,,,,,,,,,,,,,,,,,,,,,,,,,
,,01-Jul-24, 48.5 , 49.2  , 48.7 ,14:00,,,,,,,Final,,,,,, -   ,,, -   ,,,,,,,,,,,,,,,,
,,03-Jun-24, 48.7 , 49.8  , 49.2 ,14:00,,,,,,,,,,,,,,,,,,,,,,,,,,,,,,,,
,,01-May-24, 49.2 , 50.0  , 50.3 ,14:00,,,,,,,,,,,,,,,,,,,,,,,,,,,,,,,,
,x,Event,ISM Manufacturing Prices (Oct),,,Asset,Description,,,IST Time,MT5 server time,x,Investment,Size,atr,spread,factor,VU,sl,margin,RRR,R,Notes,Notes,,,,,,,,,,,,,,
,,Actual:,,,,C:USDJPY,"The Institute of Supply Management (ISM) Manufacturing Purchasing Managers Index (PMI) Report on Business is based on data compiled from monthly replies to questions asked of purchasing and supply executives in over 400 industrial companies. For each of the indicators measured (New Orders, Backlog of Orders, New Export Orders, Imports, Production, Supplier Deliveries, Inventories, Customers Inventories, Employment, and Prices), this report shows the percentage reporting each response, the net difference between the number of responses in the positive economic direction and the negative economic direction and the diffusion index. Responses are raw data and are never changed.

The diffusion index includes the percent of positive responses plus one-half of those responding the same (considered positive). The resulting single index number is then seasonally adjusted to allow for the effects of repetitive intra-year variations resulting primarily from normal differences in weather conditions, various institutional arrangements, and differences attributable to non-moveable holidays. All seasonal adjustment factors are supplied by the U.S. Department of Commerce and are subject annually to relatively minor changes when conditions warrant them.

The PMI is a composite index based on the seasonally adjusted diffusion indices for five of the indicators with varying weights: New Orders --30% Production --25% Employment --20% Supplier Deliveries --15% and Inventories -- 10%.

The Prices Paid subcategory is a diffusion index calculated by adding the percent of responses indicating they paid more for inputs plus one-half of those responding that they paid the same for inputs. The resulting single index number is then seasonally adjusted.

The Prices Paid diffusion index is one of a number of indicators pointing to the degree of inflationary pressures in the economy.

A higher than expected reading should be taken as positive/bullish for the USD, while a lower than expected reading should be taken as negative/bearish for the USD.

Historical impact on Assets: USDJPY",,,,,,on chart,0.1,0.039,0.02100000,,0.0795,-18.99,91.8,,,,,,,,,,,,,,,,,,
,,Forecast:, 48.90 ,,,USDJPY.sd,,,,,,,,,,,,,,,,,,,,,,,,,,,,,,,,
,,Previous:, 48.30 ,,,,,,,,,,Hist 1,0.1,0.07220,0.01500000,1,0.1233, (29),92,4.88, 144 ,,4.435,,,,,,,,,,,,,,
,,Time (GMT):,14:00,,,,,,,19:30,17:00,,Hist 2,0.1,0.04053,0.01500000,0.5,0.0758, (9),92,2.365, 21 ,,,,,,,,,,,,,,,,
,,Release Date,Actual,Forecast,Previous,Time,,,,,,,,,,,,,,,,,,,,,,,,,,,,,,,,
,,01-Oct-24, 48.3 , 53.5  , 54.0 ,14:00,,,,,,,,,,,,,,,,,,,,,,,,,,,,,,,,
,,03-Sep-24, 54.0 , 52.1  , 52.9 ,14:00,,,,,,,Placement,0.25,0.0405,0.01500000,0.5,0.0758, (23),230,2, 45 ,P,,,,,,,,,,,,,,,
,,01-Aug-24, 52.9 , 51.9  , 52.1 ,14:00,,,,,,,Placement,0.25,0.0405,0.01500000,0.5,0.0758, (22),230,2, 45 ,,,,,,,,,,,,,,,,
,,01-Jul-24, 52.1 , 55.8  , 57.0 ,14:00,,,,,,,Final,,,,,, (22),,, 45 ,,,,,,,,,,,,,,,,
,,03-Jun-24, 57.0 , 60.0  , 60.9 ,14:00,,,,,,,,,,,,,,,,,,,,,,,,,,,,,,,,
,,01-May-24, 60.9 , 55.5  , 55.8 ,14:00,,,,,,,,,,,,,,,,,,,,,,,,,,,,,,,,
,x,Event,Manufacturing PMI (Oct),,,Asset,Description,,,IST Time,MT5 server time,x,Investment,Size,atr,spread,factor,VU,sl,margin,RRR,R,Notes,Notes,,,,,,,,,,,,,,
,,Actual:,,,,C:USDJPY,"The Manufacturing Purchasing Managers' Index (PMI) is a diffusion index incorporating survey results provided by manufacturing firms throughout the country. A reading above fifty suggests the manufacturing sector is expanding, while a reading below fifty suggests the manufacturing sector is in contraction. Policymakers and traders watch these surveys closely as purchasing managers usually have early access to data about their company’s performance, rather than waiting for the hard data to emerge. While manufacturing accounts for a far smaller percentage of economic output than services, it is far more cyclical and is therefore a useful indicator of where in the economic cycle the economy is currently situated. A reading that is stronger than forecast is generally supportive (bullish) for the USD while a weaker than forecast reading is generally negative (bearish) for the USD.

Historical impact on Assets: USDJPY",,,,,,on chart,0.1,0.021,0.017,,0.0485,-11.44,91.8,,,,,,,,,,,,,,,,,,
,,Forecast:, 47.90 ,,,USDJPY.sd,,,,,,,,,,,,,,,,,,,,,,,,,,,,,,,,
,,Previous:, 47.30 ,,,,,,,,,,Hist 1,0.1,0.12960,0.01700000,1.0,0.2114, (50),92,2.71, 135 ,,,,,,,,,,,,,,,,
,,Time (GMT):,14:45,,,,,,,20:15,17:45,,Hist 2,0.1,0.06573,0.01700000,1.0,0.1156, (27),92, 4.2 , 113 ,,,,,,,,,,,,,,,,
,,Release Date,Actual,Forecast,Previous,Time,,,,,,,,,,,,,,,,,,,,,,,,,,,,,,,,
,,24-Oct-24, 47.8 , 47.5  , 47.3 ,14:45,,,,,,,,,,,,,,,,,,,,,,,,,,,,,,,,
,,01-Oct-24, 47.3 , 47.0  , 47.9 ,14:45,,,,,,,Placement,-0.05,0.0977,0.01700000,-1.5,0.1635, (29),-46,2.0, 58 ,P,,,,,,,,,,,,,,,
,,23-Sep-24, 47.0 , 48.6  , 47.9 ,14:45,,,,,,,,,,,,,,,,,,,,,,,,,,,,,,,,
,,03-Sep-24, 47.9 , 48.0  , 49.6 ,14:45,,,,,,,Final,,,,,, -   ,,, -   ,,,,,,,,,,,,,,,,
,,22-Aug-24, 48.0 , 49.5  , 49.6 ,14:45,,,,,,,,,,,,,,,,,,,,,,,,,,,,,,,,
,,01-Aug-24, 49.6 , 49.5  , 51.6 ,14:45,,,,,,,,,,,,,,,,,,,,,,,,,,,,,,,,
,x,Event,Apple's earnings report,0,0,Asset,,IST Time,,,MT5 server time,,,,,,,,,,,,,,,,,,,,,,,,,,,
,,Actual:,,,,UT100Roll,,,,,,,,,,,,,,,,,,,,,,,,,,,,,,,,
,,Forecast:, 1.59 , -   , -   ,UT100Roll,,,,,,,,,,,,,,,,,,,,,,,,,,,,,,,,
,,Previous:, 1.40 , -   , -   ,,,,,,,,,,,,,,,,,,,,,,,,,,,,,,,,,
,,Time (GMT):,23:00,0:00,0:00,,,1:30,,,23:00,,,,,,,,,,,,,,,,,,,,,,,,,,,
,,Release Date,Actual,Forecast,Previous,Time,,,,,,,,,,,,,,,,,,,,,,,,,,,,,,,,
,,01-Aug-24, 1.40 , 1.34 , 1.53 ,23:00,,,,,,,,,,,,,,,,,,,,,,,,,,,,,,,,
,,02-May-24, 1.53 , 1.51 , 1.45 ,23:00,,,,,,,,,,,,,,,,,,,,,,,,,,,,,,,,
,,01-Feb-24, 1.45 , 1.28 , 1.46 ,23:00,,,,,,,,,,,,,,,,,,,,,,,,,,,,,,,,
,,02-Nov-23, 1.46 , 1.39 , 1.26 ,23:00,,,,,,,,,,,,,,,,,,,,,,,,,,,,,,,,
,,03-Aug-23, 1.26 , 1.19 , 1.52 ,23:00,,,,,,,,,,,,,,,,,,,,,,,,,,,,,,,,
,,04-May-23, 1.52 , 1.44 , 1.88 ,23:00,,,,,,,,,,,,,,,,,,,,,,,,,,,,,,,,
,x,Event,AMD earnings report,0,0,Asset,,IST Time,,,MT5 server time,,,,,,,,,,,,,,,,,,,,,,,,,,,
,,Actual:,,,,UT100Roll,,,,,,,,,,,,,,,,,,,,,,,,,,,,,,,,
,,Forecast:, 0.92 , -   , -   ,UT100Roll,,,,,,,,,,,,,,,,,,,,,,,,,,,,,,,,
,,Previous:, 0.70 , -   , -   ,,,,,,,,,,,,,,,,,,,,,,,,,,,,,,,,,
,,Time (GMT):,23:00,0:00,0:00,,,1:30,,,23:00,,,,,,,,,,,,,,,,,,,,,,,,,,,
,,Release Date,Actual,Forecast,Previous,Time,,,,,,,,,,,,,,,,,,,,,,,,,,,,,,,,
,,29-Jul-24, 0.50 , 0.47 , 0.58 ,23:00,,,,,,,,,,,,,,,,,,,,,,,,,,,,,,,,
,,29-Apr-24, 0.43 , 0.41 , 0.60 ,23:00,,,,,,,,,,,,,,,,,,,,,,,,,,,,,,,,
,,29-Jan-24, 0.59 , 0.58 , 0.69 ,23:00,,,,,,,,,,,,,,,,,,,,,,,,,,,,,,,,
,,30-Oct-23, 0.53 , 0.49 , 0.67 ,23:00,,,,,,,,,,,,,,,,,,,,,,,,,,,,,,,,
,,31-Jul-23, 0.40 , 0.40 , 1.05 ,23:00,,,,,,,,,,,,,,,,,,,,,,,,,,,,,,,,
,,01-May-23, 0.43 , 0.42 , 1.13 ,23:00,,,,,,,,,,,,,,,,,,,,,,,,,,,,,,,,
,x,Event,Alphabet earnings report,0,0,Asset,,IST Time,,,MT5 server time,x,Investment,Size,atr,spread,factor,VU,sl,margin,RRR,R,Notes,Notes,,,,,,,,,,,,,,
,,Actual:,,,,UT100Roll,,,,,,,on chart,0.1,7.81,1.00000000,,12.715,-4.64,37,,,,,,,,,,,,,,,,,,
,,Forecast:, 1.84 , -   , -   ,UT100Roll,,,,,,,,,,,,,,,,,,,,,,,,,,,,,,,,
,,Previous:, 1.55 , -   , -   ,,,,,,,,Hist 1,0.5,14.20500,3.00000000,1,24.3075, (44),185,2.95, 131 ,,,,,,,,,,,,,,,,
,,Time (GMT):,23:00,0:00,0:00,,,1:30,,,23:00,,Hist 2,0.1,,3.00000000,1,, -   ,37,2.365, -   ,,,,,,,,,,,,,,,,
,,Release Date,Actual,Forecast,Previous,Time,,,,,,,,,,,,,,,,,,,,,,,,,,,,,,,,
,,22-Jul-24, 1.89 , 1.85 , 1.44 ,23:00,,,,,,,,,,,,,,,,,,,,,,,,,,,,,,,,
,,24-Apr-24, 1.89 , 1.49 , 1.17 ,23:00,,,,,,,Placement,0.25,14.2050,3.00000000,1,24.3075, (22),93,2.95, 65 ,,,,,,,,,,,,,,,,
,,29-Jan-24, 1.64 , 1.60 , 1.05 ,23:00,,,,,,,,,,,,,,,,,,,,,,,,,,,,,,,,
,,23-Oct-23, 1.55 , 1.45 , 1.06 ,23:00,,,,,,,Final,,,,,, -   ,,, -   ,,,,,,,,,,,,,,,,
,,24-Jul-23, 1.44 , 1.32 , 1.21 ,23:00,,,,,,,,,,,,,,,,,,,,,,,,,,,,,,,,
,,24-Apr-23, 1.17 , 1.06 , 1.23 ,23:00,,,,,,,,,,,,,,,,,,,,,,,,,,,,,,,,
,x,Event,Microsoft earnings report,0,0,Asset,,IST Time,,,MT5 server time,x,Investment,Size,atr,spread,factor,VU,sl,margin,RRR,R,Notes,Notes,,,,,,,,,,,,,,
,,Actual:,,,,UT100Roll,,,,,,,on chart,0.1,6,1.00000000,,10,-3.67,37,,,,,,,,,,,,,,,,,,
,,Forecast:, 3.10 , -   , -   ,UT100Roll,,,,,,,,,,,,,,,,,,,,,,,,,,,,,,,,
,,Previous:, 2.99 , -   , -   ,,,,,,,,Hist 1,0.1,32.92570,1.00000000,1,50.38855, (18),37,3.72, 69 ,,,,,,,,,,,,,,,,
,,Time (GMT):,23:00,0:00,0:00,,,1:30,,,23:00,,Hist 2,0.1,32.92570,1.00000000,1.0,50.3886, (18),92, 3.1 , 58 ,,,,,,,,,,,,,,,,
,,Release Date,Actual,Forecast,Previous,Time,,,,,,,,,,,,,,,,,,,,,,,,,,,,,,,,
,,30-Jul-24, 2.95 , 2.94 , 2.69 ,23:00,,,,,,,,,,,,,,,,,,,,,,,,,,,,,,,,
,,25-Apr-24, 2.94 , 2.94 , 2.45 ,23:00,,,,,,,Placement,0.15,32.9257,1.00000000,1.0,50.3886, (28),138,3.0, 83 ,P,multipe of 0.1 | 0.15 not tradable,,,,,,,,,,,,,,
,,30-Jan-24, 2.93 , 2.78 , 2.32 ,23:00,,,,,,,,,,,,,,,,,,,,,,,,,,,,,,,,
,,24-Oct-23, 2.99 , 2.65 , 2.35 ,23:00,,,,,,,Final,,,,,, -   ,,, -   ,,,,,,,,,,,,,,,,
,,25-Jul-23, 2.69 , 2.55 , 2.23 ,23:00,,,,,,,,,,,,,,,,,,,,,,,,,,,,,,,,
,,25-Apr-23, 2.45 , 2.24 , 2.22 ,23:00,,,,,,,,,,,,,,,,,,,,,,,,,,,,,,,,
,x,Event,Meta earnings report,0,0,Asset,,IST Time,,,MT5 server time,x,Investment,Size,atr,spread,factor,VU,sl,margin,RRR,R,Notes,Notes,,,,,,,,,,,,,,
,,Actual:,,,,UT100Roll,,,,,,,on chart,0.1,7.81,1.00000000,,12.715,-4.64,37,,,,,,,,,,,,,,,,,,
,,Forecast:, 5.21 , -   , -   ,UT100Roll,,,,,,,,,,,,,,,,,,,,,,,,,,,,,,,,
,,Previous:, 4.39 , -   , -   ,,,,,,,,Hist 1,0.5,14.20500,3.00000000,1,24.3075, (44),185,2.95, 131 ,,,,,,,,,,,,,,,,
,,Time (GMT):,23:00,0:00,0:00,,,1:30,,,23:00,,Hist 2,0.1,,3.00000000,1,, -   ,37,2.365, -   ,,,,,,,,,,,,,,,,
,,Release Date,Actual,Forecast,Previous,Time,,,,,,,,,,,,,,,,,,,,,,,,,,,,,,,,
,,31-Jul-24, 5.16 , 4.72 , 2.98 ,23:00,,,,,,,,,,,,,,,,,,,,,,,,,,,,,,,,
,,24-Apr-24, 4.71 , 4.32 , 2.20 ,23:00,,,,,,,Placement,0.25,14.2050,3.00000000,1,24.3075, (22),93,2.95, 65 ,,,,,,,,,,,,,,,,
,,01-Feb-24, 5.33 , 4.96 , 1.76 ,23:00,,,,,,,,,,,,,,,,,,,,,,,,,,,,,,,,
,,25-Oct-23, 4.39 , 3.64 , 1.64 ,23:00,,,,,,,Final,,,,,, -   ,,, -   ,,,,,,,,,,,,,,,,
,,26-Jul-23, 2.98 , 2.91 , 2.46 ,23:00,,,,,,,,,,,,,,,,,,,,,,,,,,,,,,,,
,,26-Apr-23, 2.20 , 2.02 , 2.72 ,23:00,,,,,,,,,,,,,,,,,,,,,,,,,,,,,,,,
,x,Event,Amazon earnings report,0,0,Asset,,IST Time,,,MT5 server time,x,,,,,,,,,,,,,,,,,,,,,,,,,,
,,Actual:,,,,UT100Roll,,,,,,,,,,,,,,,,,,,,,,,,,,,,,,,,
,,Forecast:, 1.14 , -   , -   ,UT100Roll,,,,,,,,,,,,,,,,,,,,,,,,,,,,,,,,
,,Previous:, -   , -   , -   ,,,,,,,,,,,,,,,,,,,,,,,,,,,,,,,,,
,,Time (GMT):,23:00,0:00,0:00,,,1:30,,,23:00,,,,,,,,,,,,,,,,,,,,,,,,,,,
,,Release Date,Actual,Forecast,Previous,Time,,,,,,,,,,,,,,,,,,,,,,,,,,,,,,,,
,,01-Aug-24, 1.26 , 1.03 , -   ,23:00,,,,,,,,,,,,,,,,,,,,,,,,,,,,,,,,
,,30-Apr-24, 0.98 , 0.84 , -   ,23:00,,,,,,,,,,,,,,,,,,,,,,,,,,,,,,,,
,,01-Feb-24, 1.00 , 0.80 , -   ,23:00,,,,,,,,,,,,,,,,,,,,,,,,,,,,,,,,
,,26-Oct-23, 0.94 , 0.58 , -   ,23:00,,,,,,,,,,,,,,,,,,,,,,,,,,,,,,,,
,,03-Aug-23, 0.65 , 0.35 , -   ,23:00,,,,,,,,,,,,,,,,,,,,,,,,,,,,,,,,
,,27-Apr-23, 0.31 , 0.21 , -   ,23:00,,,,,,,,,,,,,,,,,,,,,,,,,,,,,,,,
,x,Event,House Price Index,0,0,Asset,,IST Time,,,MT5 server time,x,Investment,Size,atr,spread,factor,VU,sl,margin,RRR,R,Notes,Notes,,,,,,,,,,,,,,
,,Actual:,,,,UT100Roll,,,,,,,on chart,0.1,0.021,0.01700000,,0.0485,-11.44,91.8,2, 23 ,,,,,,,,,,,,,,,,
,,Forecast:, 0.00 , -   , -   ,UT100Roll,,,,,,,,,,,,,,,,,,,,,,,,,,,,,,,,
,,Previous:, 0.00 , -   , -   ,,,,,,,,Hist 1,0.1,0.04560,0.01700000,1,0.0854, (20),92,4.83, 97 ,,,,,,,,,,,,,,,,
,,Time (GMT):,23:00,0:00,0:00,,,18:30,,,23:00,,Hist 2,0.2,0.03553,0.01700000,0.3,0.0703, (10),184,5.8, 58 ,,,,,,,,,,,,,,,,
,,Release Date,Actual,Forecast,Previous,Time,,,,,,,,,, 2 ,,, 142 ,,,,,,,,,,,,,,,,,,,
,,23-Sep-24, 0.00 , 0.2%  , -   ,23:00,,,,,,,,,,,,,,,,,,,,,,,,,,,,,,,,
,,26-Aug-24, (0.00), 0.1%  , -   ,23:00,,,,,,,Placement,-0.15,0.0355,0.01700000,-1.5,0.0703, (37),-138,2, 75 ,,,,,,,,,,,,,,,,
,,29-Jul-24, -   , 0.2%  , 0.00 ,23:00,,,,,,,,,,,,,,,,,,,,,,,,,,,,,,,,
,,24-Jun-24, 0.00 , 0.3%  , 0.00 ,23:00,,,,,,,Final,,,,,, -   ,,, -   ,,,,,,,,,,,,,,,,
,,27-May-24, 0.00 , 0.5%  , 0.01 ,23:00,,,,,,,,,,,,,,,,,,,,,,,,,,,,,,,,
,,29-Apr-24, 0.01 , 0.1%  , (0.00),23:00,,,,,,,,,,,,,,,,,,,,,,,,,,,,,,,,
X,1,Event,RBA Interest Rate Decision (Nov),,,Asset,Description,,,IST Time,MT5 server time,x,Investment,Size,atr,spread,factor,VU,sl,margin,RRR,R,Notes,Notes,,,,,,,,,,,,,,
,,Actual:,,,,C:AUDJPY,"The Reserve Bank of Australia (RBA) reports its decision on where to set the benchmark interest rate. As short term interest rates are an important determinant of currency valuation, traders watch interest rate changes closely.

A reading that is stronger than forecast is generally supportive (bullish) for the AUD, while a weaker than forecast reading is generally negative (bearish) for the AUD.

Historical impact on Assets: AUDPY",,,,,,on chart,0.1,0.019,0.02200000,,0.0505,-12.04,60.5,2, 24 ,,,,,,,,,,,,,,,,
,,Forecast:,4.35%,,,AUDJPY.sd,,,,,,,,,,,,,,,,,,,,,,,,,,,,,,,,
,,Previous:,4.35%,,,,,,,,,,Hist 1,0.1,0.05730,0.05000000,1,0.13595, (32),61,3.28, 106 ,,,,,,,,,,,,,,,,
,,Time (GMT):,3:30,,,,,,,9:00,5:30,,Hist 2,0.1,0.07080,0.05000000,1,0.1562, (37),61,2.97, 111 ,,,,,,,,,,,,,,,,
,,Release Date,Actual,Forecast,Previous,Time,,,,,,,,,,,,,,,,,,,,,,,,,,,,,,,,
,,24-Sep-24,4.35%,4.35% ,4.35%,4:30,,,,,,,,,,,,,,,,,,,,,,,,,,,,,,,,
,,06-Aug-24,4.35%,4.35% ,4.35%,4:30,,,,,,,Placement,0.1,0.0641,0.05000000,1,0.146075, (35),61,2, 70 ,,,,,,,,,,,,,,,,
,,18-Jun-24,4.35%,4.35% ,4.35%,4:30,,,,,,,,,,,,,,,,,,,,,,,,,,,,,,,,
,,07-May-24,4.35%,4.35% ,4.35%,4:30,,,,,,,Final,,,,,, -   ,,, -   ,,,,,,,,,,,,,,,,
,,19-Mar-24,4.35%,4.35% ,4.35%,3:30,,,,,,,,,,,,,,,,,,,,,,,,,,,,,,,,
,,06-Feb-24,4.35%,4.35% ,4.35%,3:30,,,,,,,,,,,,,,,,,,,,,,,,,,,,,,,,
,2,Event,US Presidential Election,,,Asset,Description,,,IST Time,MT5 server time,x,Investment,Size,atr,spread,factor,VU,sl,margin,RRR,R,Notes,Notes,,,,,,,,,,,,,,
,,Actual:,,,,USDJPY.sd,"
Once every four years, U.S. voters cast ballots for a slate of electors of the U.S. Electoral College, who in turn directly elect the President and Vice President. The most recent presidential election occurred on November 3, 2020, with the next one scheduled for November 5, 2024.

Historical impact on Assets: UTI100Roll",,,,,,on chart,0.1,0.03,0.01600000,,0.061,-14.17,91.8,2, 28 ,,,,,,,,,,,,,,,,
,,Forecast:, -   ,,,USDJPY.sd,,,,,,,,,,,,,,,,,,,,,,,,,,,,,,,,
,,Previous:, -   ,,,,,,,,,,Hist 1,0.1,0.05700,0.07000000,1,0.1555, (36),61,2.74, 99 ,,4.435,,,,,,,,,,,,,,
,,Time (GMT):,10:00,,,,,,,15:30,12:00,,Hist 2,0.1,0.10600,0.07000000,1,0.2290, (53),61,2.94, 156 ,,,,,,,,,,,,,,,,
,,Release Date,Actual,Forecast,Previous,Time,,,,,,,,,,,,,,,,,,,,,,,,,,,,,,,,
,,03-Nov-20, -   , -   , -   ,6th Nov,,,,,,,,,,,,,,,,,,,,,,,,,,,,,,,,
,,08-Nov-16, -   , -   , -   ,7:45,,,,next day,,,Placement,0.1,0.0815,0.07000000,1,0.19225, (45),61,2, 89 ,,,,,,,,,,,,,,,,
,,06-Nov-12, -   , -   , -   ,same day,,,,,,,,,,,,,,,,,,,,,,,,,,,,,,,,
,,04-Nov-08, -   , -   , -   ,same day,,,,,,,Final,,,,,, -   ,,, -   ,,,,,,,,,,,,,,,,
,,,,,,,,,,,,,,,,,,,,,,,,,,,,,,,,,,,,,,
,,,,,,,,,,,,,,,,,,,,,,,,,,,,,,,,,,,,,,
,3,Event,Services PMI (Oct),,,Asset,Description,,,IST Time,MT5 server time,x,Investment,Size,atr,spread,factor,VU,sl,margin,RRR,R,Notes,Notes,,,,,,,,,,,,,,
,,Actual:,,,,C:USDJPY,"The Service PMI release is published monthly by Markit Economics. The data are based on surveys of over 400 executives in private sector service companies. The surveys cover transport and communication, financial intermediaries, business and personal services, computing & IT, hotels and restaurants. 
An index level of 50 denotes no change since the previous month, while a level above 50 signals an improvement, and below 50 indicates a deterioration. 

A reading that is stronger than forecast is generally supportive (bullish) for the USD, while a weaker than forecast reading is generally negative (bearish) for the USD.

Historical impact on Assets: USDJPY",,,,,,on chart,0.1,0.03,0.01600000,,0.061,-14.17,91.8,2, 28 ,,,,,,,,,,,,,,,,
,,Forecast:, 55.30 ,,,USDJPY.sd,,,,,,,,,,,,,,,,,,,,,,,,,,,,,,,,
,,Previous:, 55.20 ,,,,,,,,,,Hist 1,0.1,0.05700,0.07000000,1,0.1555, (36),61,2.74, 99 ,,4.435,,,,,,,,,,,,,,
,,Time (GMT):,15:00,,,,,,,20:30,17:00,,Hist 2,0.1,0.10600,0.07000000,1,0.2290, (53),61,2.94, 156 ,,,,,,,,,,,,,,,,
,,Release Date,Actual,Forecast,Previous,Time,,,,,,,,,,,,,,,,,,,,,,,,,,,,,,,,
,,24-Oct-24, 55.30 , 55.0  , 55.20 ,14:00,,,,,,,,,,,,,,,,,,,,,,,,,,,,,,,,
,,03-Oct-24, 55.20 , 55.4  , 55.70 ,14:00,,,,,,,Placement,0.1,0.0815,0.07000000,1,0.19225, (45),61,2, 89 ,,,,,,,,,,,,,,,,
,,23-Sep-24, 55.40 , 55.3  , 55.70 ,14:00,,,,,,,,,,,,,,,,,,,,,,,,,,,,,,,,
,,05-Sep-24, 55.70 , 55.2  , 55.00 ,14:00,,,,,,,Final,,,,,, -   ,,, -   ,,,,,,,,,,,,,,,,
,,22-Aug-24, 55.20 , 54.0  , 55.00 ,14:00,,,,,,,,,,,,,,,,,,,,,,,,,,,,,,,,
,,05-Aug-24, 55.00 , 56.0  , 55.30 ,14:00,,,,,,,,,,,,,,,,,,,,,,,,,,,,,,,,
,4,Event,ISM Non-Manufacturing PMI (Oct),,,Asset,Description,,,IST Time,MT5 server time,x,Investment,Size,atr,spread,factor,VU,sl,margin,RRR,R,Notes,Notes,,,,,,,,,,,,,,
,,Actual:,,,,C:USDJPY,"The Institute of Supply Management (ISM) Non-Manufacturing Purchasing Managers' Index (PMI) (also known as the ISM Services PMI) report on Business, is based on data compiled from monthly replies to questions asked of more than 370 purchasing and supply executives in over 62 different industries.

The NMI is a composite index based on the diffusion indexes for four of the indicators with equal weights: Business Activity (seasonally adjusted), New Orders (seasonally adjusted), Employment (seasonally adjusted) and Supplier Deliveries.

A reading above 50 percent indicates the non-manufacturing sector economy is generally expanding; below 50 percent indicates the non-manufacturing sector is generally contracting. Given the large proportion of the US economy engaged in the services sector, this report offers insights into the health of the overall US economy.

A reading that is stronger than forecast is generally supportive (bullish) for the USD, while a weaker than forecast reading is generally negative (bearish) for the USD.

Historical impact on Assets: USDJPY",,,,,,on chart,0.1,0.03,0.01600000,,0.061,-14.17,91.8,2, 28 ,,,,,,,,,,,,,,,,
,,Forecast:, 53.30 ,,,USDJPY.sd,,,,,,,,,,,,,,,,,,,,,,,,,,,,,,,,
,,Previous:, 54.90 ,,,,,,,,,,Hist 1,0.05,0.07510,0.07000000,1,0.18265, (21),30,2.94, 62 ,,4.435,,,,,,,,,,,,,,
,,Time (GMT):,15:00,,,,,,,20:30,17:00,,Hist 2,0.05,0.10167,0.07000000,1,0.2225, (26),30,3.19, 82 ,,,,,,,,,,,,,,,,
,,Release Date,Actual,Forecast,Previous,Time,,,,,,,,,,,,,,,,,,,,,,,,,,,,,,,,
,,03-Oct-24, 54.90 , 51.7  , 51.50 ,14:00,,,,,,,,,,,,,,,,,,,,,,,,,,,,,,,,
,,05-Sep-24, 51.50 , 51.3  , 51.40 ,14:00,,,,,,,Placement,-0.05,0.0884,0.07000000,-1,0.202575, (24),-30,2.5, 59 ,,,,,,,,,,,,,,,,
,,05-Aug-24, 51.40 , 51.4  , 48.80 ,14:00,,,,,,,Placement,0.05,0.0884,0.07000000,1,0.202575, (24),30,2.5, 59 ,,,,,,,,,,,,,,,,
,,03-Jul-24, 48.80 , 52.6  , 53.80 ,14:00,,,,,,,Final,,,,,,,,,,,,,,,,,,,,,,,,,
,,05-Jun-24, 53.80 , 51.0  , 49.40 ,14:00,,,,,,,,,,,,,,,,,,,,,,,,,,,,,,,,
,,03-May-24, 49.40 , 52.0  , 51.40 ,14:00,,,,,,,,,,,,,,,,,,,,,,,,,,,,,,,,
,5,Event,ISM Non-Manufacturing Prices (Oct),,,Asset,Description,,,IST Time,MT5 server time,x,Investment,Size,atr,spread,factor,VU,sl,margin,RRR,R,Notes,Notes,,,,,,,,,,,,,,
,,Actual:,,,,C:USDJPY,"The Institute of Supply Management (ISM) Non-Manufacturing Purchasing Managers' Index (PMI) (also known as the ISM Services PMI) report on Business, is based on data compiled from monthly replies to questions asked of more than 370 purchasing and supply executives in over 62 different industries.

The Prices Paid subcategory is a diffusion index calculated by adding the percent of responses indicating they paid more for inputs plus one-half of those responding that they paid the same for inputs. The resulting single index number is then seasonally adjusted.

The Prices Paid diffusion index is one of a number of indicators pointing to the degree of inflationary pressures in the economy.

A reading that is stronger than forecast is generally supportive (bullish) for the USD, while a weaker than forecast reading is generally negative (bearish) for the USD.

Historical impact on Assets: USDJPY",,,,,,on chart,0.1,0.013,0.02200000,,0.0415,-10.74,60.23,,,,,,,,,,,,,,,,,,
,,Forecast:, -   ,,,USDJPY.sd,,,,,,,,,,,,,,,,,,,,,,,,,,,,,,,,
,,Previous:, 59.40 ,,,,,,,,,,Hist 1,0.1,0.09270,0.02400000,1.0,0.16305, (42),61,4.95, 209 ,,,,,,,,,,,,,,,,
,,Time (GMT):,15:00,,,,,,,20:30,17:00,,Hist 2,0.1,0.10253,0.02400000,1.0,0.1778, (46),61, 3.6 , 165 ,,,,,,,,,,,,,,,,
,,Release Date,Actual,Forecast,Previous,Time,,,,,,,,,,,,,,,,,,,,,,,,,,,,,,,,
,,03-Oct-24, 59.40 , 56.3  , 57.30 ,14:00,,,,,,,,,,,,,,,,,,,,,,,,,,,,,,,,
,,05-Sep-24, 57.30 , 56.0  , 57.00 ,14:00,,,,,,,Placement,0.1,0.1025,0.02400000,1.0,0.1778, (46),61,3.0, 138 ,,,,,,,,,,,,,,,,
,,05-Aug-24, 57.00 , 56.0  , 56.30 ,14:00,,,,,,,,,,,,,,,,,,,,,,,,,,,,,,,,
,,03-Jul-24, 56.30 , 56.7  , 58.10 ,14:00,,,,,,,,,,,,,,,,,,,,,,,,,,,,,,,,
,,05-Jun-24, 58.10 , 59.0  , 59.20 ,14:00,,,,,,,,,,,,,,,,,,,,,,,,,,,,,,,,
,,03-May-24, 59.20 , 55.0  , 53.40 ,14:00,,,,,,,,,,,,,,,,,,,,,,,,,,,,,,,,
,6,Event,10-Year Note Auction,,,Asset,Description,,,IST Time,MT5 server time,x,Investment,Size,atr,spread,factor,VU,sl,margin,RRR,R,Notes,Notes,,,,,,,,,,,,,,
,,Actual:,,,,C:USDJPY,"The figures displayed in the calendar represent the yield on the Treasury Note auctioned.

U.S. Treasury Notes have maturities of two to ten years. Governments issue treasuries to borrow money to cover the gap between the amount they receive in taxes and the amount they spend to refinance existing debt and/or to raise capital. The rate on a Treasury Note represents the return an investor will receive by holding the note for its entire duration. All bidders receive the same rate at the highest accepted bid.

Yield fluctuations should be monitored closely as an indicator of the government debt situation. Investors compare the average rate at auction to the rate at previous auctions of the same security.

Historical impact on Assets: USDJPY",,,,,,on chart,0.1,0.022,0.03000000,,0.063,-15.02,99.37,,,,,,,,,,,,,,,,,,
,,Forecast:, -   ,,,USDJPY.sd,,,,,,,,,,,,,,,,,,,,,,,,,,,,,,,,
,,Previous:,4.066%,,,,,,,,,,Hist 1,0.1,0.05060,0.03000000,1.0,0.1059, (25),99,4.26, 108 ,,4.435,,,,,,,,,,,,,,
,,Time (GMT):,18:00,,,,,,,23:30,20:00,,Hist 2,0.1,0.06153,0.03000000,0.5,0.1223, (15),99, 2.2 , 31 ,,,,,,,,,,,,,,,,
,,Release Date,Actual,Forecast,Previous,Time,,,,,,,,,,,,,,,,,,,,,,,,,,,,,,,,
,,09-Oct-24,4.066%,  ,3.648%,17:00,,,,,,,,,,,,,,,,,,,,,,,,,,,,,,,,
,,11-Sep-24,3.648%,  ,3.960%,17:00,,,,,,,Placement,0.1,0.0615,0.03000000,1.0,0.1223, (29),99,2.2, 63 ,,,,,,,,,,,,,,,,
,,07-Aug-24,3.960%,  ,4.276%,17:00,,,,,,,,,,,,,,,,,,,,,,,,,,,,,,,,
,,10-Jul-24,4.276%,  ,4.438%,17:00,,,,,,,Final,,,,,, -   ,,, -   ,,,,,,,,,,,,,,,,
,,11-Jun-24,4.438%,  ,4.483%,17:00,,,,,,,,,,,,,,,,,,,,,,,,,,,,,,,,
,,08-May-24,4.483%,  ,4.560%,17:00,,,,,,,,,,,,,,,,,,,,,,,,,,,,,,,,
,7,Event,Crude Oil Inventories,,,Asset,Description,,,IST Time,MT5 server time,x,Investment,Size,atr,spread,factor,VU,sl,margin,RRR,R,Notes,Notes,,,,,,,,,,,,,,
,,Actual:,,,,USOILRoll,"The Energy Information Administration's (EIA) Crude Oil Inventories measures the weekly change in the number of barrels of commercial crude oil held by US firms. The level of inventories influences the price of petroleum products, which can have an impact on inflation.

If the increase in crude inventories is more than expected, it implies weaker demand and is bearish for crude prices. The same can be said if a decline in inventories is less than expected.
If the increase in crude is less than expected, it implies greater demand and is bullish for crude prices. The same can be said if a decline in inventories is more than expected.

Historical impact on Assets: USOilRoll",,,,,,on chart,0.1,0.022,0.03000000,,0.063,-15.02,99.37,,,,,,,,,,,,,,,,,,
,,Forecast:, -   ,,,USOILRoll,,,,,,,,,,,,,,,,,,,,,,,,,,,,,,,,
,,Previous:,-0.515M,,,,,,,,,,Hist 1,0.1,0.06410,0.03000000,1.0,0.12615, (30),61,2.39, 72 ,,,,,,,,,,,,,,,,
,,Time (GMT):,17:30,,,,,,,21:00,17:30,,Hist 2,0.1,0.07607,0.03000000,1.0,0.1441, (34),61, 2.1 , 71 ,,,,,,,,,,,,,,,,
,,Release Date,Actual,Forecast,Previous,Time,,,,,,,,,,,,,,,,,,,,,,,,,,,,,,,,
,,30-Oct-24,-0.515M,1.500M ,5.474M,16:30,,,,,,,,,,,,,,,,,,,,,,,,,,,,,,,,
,,23-Oct-24,5.474M,0.800M ,-2.191M,16:30,,,,,,,Placement,0.1,0.0761,0.03000000,1.0,0.1441, (34),61,2.1, 71 ,,,,,,,,,,,,,,,,
,,17-Oct-24,-2.191M,1.800M ,5.810M,17:00,,,,,,,,,,,,,,,,,,,,,,,,,,,,,,,,
,,09-Oct-24,5.810M,2.000M ,3.889M,16:30,,,,,,,,,,,,,,,,,,,,,,,,,,,,,,,,
,,02-Oct-24,3.889M,-1.500M ,-4.471M,16:30,,,,,,,,,,,,,,,,,,,,,,,,,,,,,,,,
,,25-Sep-24,-4.471M,-1.300M ,-1.630M,16:30,,,,,,,,,,,,,,,,,,,,,,,,,,,,,,,,
,8,Event,30-Year Note Auction,,,Asset,Description,,,IST Time,MT5 server time,x,Investment,Size,atr,spread,factor,VU,sl,margin,RRR,R,Notes,Notes,,,,,,,,,,,,,,
,,Actual:,,,,C:USDJPY,"The figures displayed in the calendar represent the yield on the Treasury Bond auctioned.

U.S. Treasury Bonds have maturities from ten up to 30 years. Governments issue treasuries to borrow money to cover the gap between the amount they receive in taxes and the amount they spend to refinance existing debt and/or to raise capital. The rate on a Treasury Bond represents the return an investor will receive by holding the bond for its entire duration. All bidders receive the same rate at the highest accepted bid.

Yield fluctuations should be monitored closely as an indicator of the government debt situation. Investors compare the average rate at auction to the rate at previous auctions of the same security.

Historical impact on Assets: USDJPY",,,,,,on chart,0.1,0.036,0.02700000,,0.081,-22.8,119.47,,,,,,,,,,,,,,,,,,
,,Forecast:, -   ,,,USDJPY.sd,,,,,,,,,,,,,,,,,,,,,,,,,,,,,,,,
,,Previous:,4.389%,,,,,,,,,,Hist 1,0.1,0.06480,0.02800000,1.0,0.1252, (35),61,4.17, 147 ,,,,,,,,,,,,,,,,
,,Time (GMT):,20:00,,,,,,,23:30,20:00,,Hist 2,0.05,0.07147,0.02800000,1.0,0.1352, (19),30, 4.7 , 90 ,,,,,,,,,,,,,,,,
,,Release Date,Actual,Forecast,Previous,Time,,,,,,,,,,,,,,,,,,,,,,,,,,,,,,,,
,,10-Oct-24,4.389%,  ,4.015%,19:00,,,,,,,,,,,,,,,,,,,,,,,,,,,,,,,,
,,12-Sep-24,4.015%,  ,4.314%,19:00,,,,,,,Placement,0.1,0.0715,0.02800000,1.0,0.1352, (19),30,2.0, 38 ,,P,,,,,,,,,,,,,,
,,08-Aug-24,4.314%,  ,4.405%,19:00,,,,,,,,,,,,,,,,,,,,,,,,,,,,,,,,
,,11-Jul-24,4.405%,  ,4.403%,19:00,,,,,,,,,,,,,,,,,,,,,,,,,,,,,,,,
,,13-Jun-24,4.403%,  ,4.635%,19:00,,,,,,,,,,,,,,,,,,,,,,,,,,,,,,,,
,,09-May-24,4.635%,  ,4.671%,19:00,,,,,,,,,,,,,,,,,,,,,,,,,,,,,,,,
,9,Event,BoE Interest Rate Decision (Nov),,,Asset,Description,,,IST Time,MT5 server time,x,Investment,Size,atr,spread,factor,VU,sl,margin,RRR,R,Notes,Notes,,,,,,,,,,,,,,
,,Actual:,,,,C:GBPJPY,"Bank of England (BOE) monetary policy committee members vote on where to set the Bank Rate. Traders watch interest rate changes closely because short term interest rates are the primary factor in currency valuation.

A reading that is stronger than forecast is generally supportive (bullish) for the GBP, while a weaker than forecast reading is generally negative (bearish) for the GBP.

Historical impact on Assets: GBPJPY",,,,,,on chart,0.1,0.032,0.01800000,0,0.0505,-16.61,60.5,2,,,,,,,,,,,,,,,,,
,,Forecast:,4.75%,,,GBPJPY.sd,,,,,,,,,,,,,,,,,,,,,,,,,,,,,,,,
,,Previous:,5.00%,,,,,,,,,,Hist 1,0.1,0.11820,0.01800000,1.0,0.1953, (64),61,1.93, 124 ,,,,,,,,,,,,,,,,
,,Time (GMT):,12:00,,,,,,,17:30,14:00,,Hist 2,0.1,0.12453,0.01800000,1.0,0.2048, (67),61, 2.5 , 167 ,,,,,,,,,,,,,,,,
,,Release Date,Actual,Forecast,Previous,Time,,,,,,,,,,,,,,,,,,,,,,,,,,,,,,,,
,,19-Sep-24,5.00%,5.00% ,5.00%,11:00,,,,,,,,,,,,,,,,,,,,,,,,,,,,,,,,
,,01-Aug-24,5.00%,5.00% ,5.25%,11:00,,,,,,,Placement,-0.10,0.0500,0.01800000,-1.0,0.093, (31),61,1.5, 46 ,P,,,,,,,,,,,,,,,
,,20-Jun-24,5.25%,5.25% ,5.25%,11:00,,,,,,,,,,,,,,,,,,,,,,,,,,,,,,,,
,,09-May-24,5.25%,5.25% ,5.25%,11:00,,,,,,,,,,,,,,,,,,,,,,,,,,,,,,,,
,,21-Mar-24,5.25%,5.25% ,5.25%,12:00,,,,,,,,,,,,,,,,,,,,,,,,,,,,,,,,
,,01-Feb-24,5.25%,5.25% ,5.25%,12:00,,,,,,,,,,,,,,,,,,,,,,,,,,,,,,,,
,10,Event,Initial Jobless Claims,,,Asset,Description,,,IST Time,MT5 server time,x,Investment,Size,atr,spread,factor,VU,sl,margin,RRR,R,Notes,Notes,,,,,,,,,,,,,,
,,Actual:,,,,C:USDJPY,"
Initial Jobless Claims measures the number of people who filed for unemployment insurance for the first time during the past week. This is the most timely U.S. economic data, but the market impact varies from week to week.
A reading that is higher than forecast is generally negative (bearish) for the USD, while a lower than forecast reading is generally supportive (bullish) for the USD.

Historical impact on Assets: USDJPY",,,,,,on chart,0.1,0.019,0.01800000,0,0.061,-10.78,91.8,2,,,,,,,,,,,,,,,,,
,,Forecast:,220K,,,USDJPY.sd,,,,,,,,,,,,,,,,,,,,,,,,,,,,,,,,
,,Previous:,216K,,,,,,,,,,Hist 1,0.1,0.06810,0.01800000,1.0,0.12015, (21),61,1.77, 38 ,,,,,,,,,,,,,,,,
,,Time (GMT):,13:30,,,,,,,19:00,15:30,,Hist 2,0.1,0.11893,0.01400000,1.0,0.1924, (34),61, 3.1 , 105 ,,,,,,,,,,,,,,,,
,,Release Date,Actual,Forecast,Previous,Time,,,,,,,,,,,,,,,,,,,,,,,,,,,,,,,,
,,31-Oct-24,216K,229K ,228K,12:30,,,,,,,,,,,,,,,,,,,,,,,,,,,,,,,,
,,24-Oct-24,227K,243K ,242K,12:30,,,,,,,Placement,0.10,0.0300,0.01400000,1.0,0.1924, (34),61,3.0, 102 ,P,,,,,,,,,,,,,,,
,,17-Oct-24,241K,241K ,260K,12:30,,,,,,,Placement,-0.10,0.0300,0.01400000,-1.0,0.1924, (34),61,3.0, 102 ,P,,,,,,,,,,,,,,,
,,10-Oct-24,258K,231K ,225K,12:30,,,,,,,,,,,,,,,,,,,,,,,,,,,,,,,,
,,03-Oct-24,225K,222K ,219K,12:30,,,,,,,,,,,,,,,,,,,,,,,,,,,,,,,,
,,26-Sep-24,218K,224K ,222K,12:30,,,,,,,,,,,,,,,,,,,,,,,,,,,,,,,,
,11,Event,Fed Interest Rate Decision,,,Asset,Description,,,IST Time,MT5 server time,x,Investment,Size,atr,spread,factor,VU,sl,margin,RRR,R,Notes,Notes,,,,,,,,,,,,,,
,,Actual:,,,,C:USDJPY,"Federal Open Market Committee (FOMC) members vote on where to set the target interest rate. Traders watch interest rate changes closely as relative short term interest rates are a primary factor in currency valuation.

A reading that is stronger than forecast is generally supportive (bullish) for the USD, while a weaker than forecast reading is generally negative (bearish) for the USD.

A continued easing of inflation and robust labour market could give the Fed more room to implement rate cuts without stoking inflation fears, supporting the case for a soft landing.

Historical impact on Assets: USDJPY | XAGUSD",,,,,,on chart,0.1,0.019,0.01800000,0,0.061,-10.78,91.8,2,,,,,,,,,,,,,,,,,
,,Forecast:,4.62%,,,USDJPY.sd,,,,,,,,,,,,,,,,,,,,,,,,,,,,,,,,
,,Previous:,4.88%,,,,,,,,,,Hist 1,0.1,0.06810,0.01800000,1.0,0.12015, (21),61,1.77, 38 ,,,,,,,,,,,,,,,,
,,Time (GMT):,19:00,,,,,,,0:30,21:00,,Hist 2,0.1,0.11893,0.01400000,1.0,0.1924, (34),61, 3.1 , 105 ,,,,,,,,,,,,,,,,
,,Release Date,Actual,Forecast,Previous,Time,,,,,,,,,,,,,,,,,,,,,,,,,,,,,,,,
,,18-Sep-24,5.0%,5.25% ,5.5%,19:00,,,,,,,,,,,,,,,,,,,,,,,,,,,,,,,,
,,31-Jul-24,5.5%,5.50% ,5.5%,19:00,,,,,,,Placement,0.10,0.0300,0.01400000,1.0,0.1924, (34),61,3.0, 102 ,P,,,,,,,,,,,,,,,
,,12-Jun-24,5.5%,5.50% ,5.5%,19:00,,,,,,,Placement,-0.10,0.0300,0.01400000,-1.0,0.1924, (34),61,3.0, 102 ,P,,,,,,,,,,,,,,,
,,01-May-24,5.5%,5.50% ,5.5%,19:00,,,,,,,,,,,,,,,,,,,,,,,,,,,,,,,,
,,20-Mar-24,5.5%,5.50% ,5.5%,19:00,,,,,,,,,,,,,,,,,,,,,,,,,,,,,,,,
,,31-Jan-24,5.5%,5.50% ,5.5%,20:00,,,,,,,,,,,,,,,,,,,,,,,,,,,,,,,,
,12,Event,FOMC Statement,,,Asset,Description,,,IST Time,MT5 server time,x,Investment,Size,atr,spread,factor,VU,sl,margin,RRR,R,Notes,Notes,,,,,,,,,,,,,,
,,Actual:,,,,C:USDJPY,"
The U.S. Federal Reserve's Federal Open Market Committee (FOMC) statement is the primary tool the panel uses to communicate with investors about monetary policy. It contains the outcome of the vote on interest rates, discusses the economic outlook and offers clues on the outcome of future votes.

A more dovish than expected statement could be taken as negative/bearish for the USD, while a more hawkish than expected statement could be taken as positive/bullish for the USD.

Historical impact on Assets: USDJPY | XAGUSD",,,,,,on chart,0.1,0.039,0.02100000,,0.0795,-18.99,91.8,,,,,,,,,,,,,,,,,,
,,Forecast:, -   ,,,USDJPY.sd,,,,,,,,,,,,,,,,,,,,,,,,,,,,,,,,
,,Previous:, -   ,,,,,,,,,,Hist 1,0.1,0.07220,0.01500000,1,0.1233, (29),61,4.88, 144 ,,4.435,,,,,,,,,,,,,,
,,Time (GMT):,19:00,,,,,,,0:30,21:00,,Hist 2,0.1,0.04053,0.01500000,0.5,0.0758, (9),61,2.365, 21 ,,,,,,,,,,,,,,,,
,,Release Date,Actual,Forecast,Previous,Time,,,,,,,,,,,,,,,,,,,,,,,,,,,,,,,,
,,18-Sep-24, -   ,    , -   ,19:00,,,,,,,,,,,,,,,,,,,,,,,,,,,,,,,,
,,31-Jul-24, -   ,    , -   ,19:00,,,,,,,Placement,0.25,0.0405,0.01500000,0.5,0.0758, (23),151,2, 45 ,P,,,,,,,,,,,,,,,
,,12-Jun-24, -   ,    , -   ,19:00,,,,,,,Placement,0.25,0.0405,0.01500000,0.5,0.0758, (22),151,2, 44 ,,,,,,,,,,,,,,,,
,,01-May-24, -   ,    , -   ,19:00,,,,,,,Final,,,,,, (22),,, 44 ,,,,,,,,,,,,,,,,
,,20-Mar-24, -   ,    , -   ,19:00,,,,,,,,,,,,,,,,,,,,,,,,,,,,,,,,
,,31-Jan-24, -   , -   , -   ,20:00,,,,,,,,,,,,,,,,,,,,,,,,,,,,,,,,
,13,Event,FOMC Press Conference,,,Asset,Description,,,IST Time,MT5 server time,x,Investment,Size,atr,spread,factor,VU,sl,margin,RRR,R,Notes,Notes,,,,,,,,,,,,,,
,,Actual:,,,,C:USDJPY,Historical impact on Assets: USDJPY | XAGUSD,,,,,,on chart,0.1,0.039,0.02100000,,0.0795,-18.99,91.8,,,,,,,,,,,,,,,,,,
,,Forecast:, -   ,,,USDJPY.sd,,,,,,,,,,,,,,,,,,,,,,,,,,,,,,,,
,,Previous:, -   ,,,,,,,,,,Hist 1,0.1,0.07220,0.01500000,1,0.1233, (29),61,4.88, 144 ,,4.435,,,,,,,,,,,,,,
,,Time (GMT):,19:30,,,,,,,1:00,21:30,,Hist 2,0.1,0.04053,0.01500000,0.5,0.0758, (9),61,2.365, 21 ,,,,,,,,,,,,,,,,
,,Release Date,Actual,Forecast,Previous,Time,,,,,,,,,,,,,,,,,,,,,,,,,,,,,,,,
,,18-Sep-24, -   ,    , -   ,19:30,,,,,,,,,,,,,,,,,,,,,,,,,,,,,,,,
,,31-Jul-24, -   ,    , -   ,19:30,,,,,,,Placement,0.25,0.0405,0.01500000,0.5,0.0758, (23),151,2, 45 ,P,,,,,,,,,,,,,,,
,,12-Jun-24, -   ,    , -   ,19:30,,,,,,,Placement,0.25,0.0405,0.01500000,0.5,0.0758, (22),151,2, 44 ,,,,,,,,,,,,,,,,
,,01-May-24, -   ,    , -   ,19:30,,,,,,,Final,,,,,, (22),,, 44 ,,,,,,,,,,,,,,,,
,,20-Mar-24, -   ,    , -   ,19:30,,,,,,,,,,,,,,,,,,,,,,,,,,,,,,,,
,,31-Jan-24, -   ,    , -   ,20:30,,,,,,,,,,,,,,,,,,,,,,,,,,,,,,,,
X,1,Event,German CPI (MoM) (Oct),,,Asset,Description,,,IST Time,MT5 server time,x,Investment,Size,atr,spread,factor,VU,sl,margin,RRR,R,Notes,Notes,,,,,,,,,,,,,,
,,Actual:,,,,C:EURJPY,"The Consumer Price Index (CPI) measures the change in the prices of goods and services from the perspective of the consumer. As Germany has the largest output of any country in the euro-zone, the European Central bank pays very close attention to this figure in its role of maintaining price stability.

A reading that is stronger than forecast is generally supportive (bullish) for the EUR, while a weaker than forecast reading is generally negative (bearish) for the EUR.

Historical impact on Assets: EURJPY | EURUSD",,,,,,on chart,0.1,0.019,0.02200000,,0.0505,-12.04,60.5,2, 24 ,,,,,,,,,,,,,,,,
,,Forecast:,0.40%,,,EURJPY.sd,,,,,,,,,,,,,,,,,,,,,,,,,,,,,,,,
,,Previous:,0.00%,,,,,,,,,,Hist 1,0.1,0.05730,0.05000000,1,0.13595, (32),61,3.28, 106 ,,,,,,,,,,,,,,,,
,,Time (GMT):,7:00,,,,,,,12:30,9:00,,Hist 2,0.1,0.07080,0.05000000,1,0.1562, (37),61,2.97, 111 ,,,,,,,,,,,,,,,,
,,Release Date,Actual,Forecast,Previous,Time,,,,Time ET,,,,,,,,,,,,,,,,,,,,,,,,,,,,
,,30-Oct-24,0.40%,0.2% ,0.00%,13:00,,,,8:00,,,,,,,,,,,,,,,,,,,,,,,,,,,,
,,11-Oct-24,0.00%,0.0% ,-0.10%,6:00,,,,1:00,,,Placement,0.1,0.0641,0.05000000,1,0.146075, (35),61,2, 70 ,,,,,,,,,,,,,,,,
,,30-Sep-24,0.00%,0.1% ,-0.10%,12:00,,,,7:00,,,,,,,,,,,,,,,,,,,,,,,,,,,,
,,10-Sep-24,-0.10%,-0.1% ,0.30%,6:00,,,,1:00,,,Final,,,,,, -   ,,, -   ,,,,,,,,,,,,,,,,
,,29-Aug-24,-0.10%,0.0% ,0.30%,12:00,,,,7:00,,,,,,,,,,,,,,,,,,,,,,,,,,,,
,,09-Aug-24,0.30%,0.3% ,0.10%,6:00,,,,1:00,,,,,,,,,,,,,,,,,,,,,,,,,,,,
,2,Event,Core CPI (MoM) (Oct),,,Asset,Description,,,IST Time,MT5 server time,x,Investment,Size,atr,spread,factor,VU,sl,margin,RRR,R,Notes,Notes,,,,,,,,,,,,,,
,,Actual:,,,,C:USDJPY,"The Core Consumer Price Index (CPI) measures the changes in the price of goods and services, excluding food and energy. The Central bank pays very close attention to this figure in its role of maintaining price stability. Because the Fed believes that core inflation is a better gauge of underlying price pressures, it is more closely watched than overall inflation which tends to be more volatile.

A reading that is stronger than forecast is generally supportive (bullish) for the USD, while a weaker than forecast reading is generally negative (bearish) for the USD.

Historical impact on Assets: USDJPY | EURUSD",,,,,,on chart,0.1,0.03,0.01600000,,0.061,-14.17,91.8,2, 28 ,,,,,,,,,,,,,,,,
,,Forecast:,0.30%,,,USDJPY.sd,,,,,,,,,,,,,,,,,,,,,,,,,,,,,,,,
,,Previous:,0.30%,,,,,,,,,,Hist 1,0.1,0.05700,0.07000000,1,0.1555, (36),61,2.74, 99 ,,4.435,,,,,,,,,,,,,,
,,Time (GMT):,13:30,,,,,,,19:00,15:30,,Hist 2,0.1,0.10600,0.07000000,1,0.2290, (53),61,4.06, 216 ,,,,,,,,,,,,,,,,
,,Release Date,Actual,Forecast,Previous,Time,,,,Time ET,,,,,,,,,,,,,,,,,,,,,,,,,,,,
,,10-Oct-24,0.30%,0.2% ,0.30%,12:30,,,,7:30,,,,,,,,,,,,,,,,,,,,,,,,,,,,
,,11-Sep-24,0.30%,0.2% ,0.20%,12:30,,,,7:30,,,Placement,0.1,0.0815,0.07000000,1,0.19225, (45),61,2, 89 ,,,,,,,,,,,,,,,,
,,14-Aug-24,0.20%,0.2% ,0.10%,12:30,,,,7:30,,,,,,,,,,,,,,,,,,,,,,,,,,,,
,,11-Jul-24,0.10%,0.2% ,0.20%,12:30,,,,7:30,,,Final,,,,,, -   ,,, -   ,,,,,,,,,,,,,,,,
,,12-Jun-24,0.20%,0.3% ,0.30%,12:30,,,,7:30,,,,,,,,,,,,,,,,,,,,,,,,,,,,
,,15-May-24,0.30%,0.3% ,0.40%,12:30,,,,7:30,,,,,,,,,,,,,,,,,,,,,,,,,,,,
,3,Event,CPI (YoY) (Oct),,,Asset,Description,,,IST Time,MT5 server time,x,Investment,Size,atr,spread,factor,VU,sl,margin,RRR,R,Notes,Notes,,,,,,,,,,,,,,
,,Actual:,,,,C:USDJPY,"The Consumer Price Index (CPI) measures the change in the prices of goods and services contained in a basket of consumer items. The Central bank pays very close attention to this figure in its role of maintaining price stability.

A reading that is stronger than forecast is generally supportive (bullish) for the USD, while a weaker than forecast reading is generally negative (bearish) for the USD.

Historical impact on Assets: USDJPY | EURUSD",,,,,,on chart,0.1,0.027,0.01600000,,0.0565,-13.31,91.8,2, 27 ,,,,,,,,,,,,,,,,
,,Forecast:,2.40%,,,USDJPY.sd,,,,,,,,,,,,,,,,,,,,,,,,,,,,,,,,
,,Previous:,2.40%,,,,,,,,,,Hist 1,0.1,0.08310,0.01700000,1,0.14165, (33),61,5.49, 183 ,,4.435,,,,,,,,,,,,,,
,,Time (GMT):,13:30,,,,,,,19:00,15:30,,Hist 2,0.1,0.09133,0.01700000,1,0.1540, (36),61,4.06, 147 ,,,,,,,,,,,,,,,,
,,Release Date,Actual,Forecast,Previous,Time,,,,Time ET,,,,,,,,,,,,,,,,,,,,,,,,,,,,
,,10-Oct-24,2.40%,2.3% ,2.50%,12:30,,,,7:30,,,,,,,,,,,,,,,,,,,,,,,,,,,,
,,11-Sep-24,2.50%,2.5% ,2.90%,12:30,,,,7:30,,,Placement,0.1,0.0872,0.01700000,1,0.147825, (35),61,2, 70 ,,,,,,,,,,,,,,,,
,,14-Aug-24,2.90%,3.0% ,3.00%,12:30,,,,7:30,,,,,,,,,,,,,,,,,,,,,,,,,,,,
,,11-Jul-24,3.00%,3.1% ,3.30%,12:30,,,,7:30,,,Final,,,,,, -   ,,, -   ,,,,,,,,,,,,,,,,
,,12-Jun-24,3.30%,3.4% ,3.40%,12:30,,,,7:30,,,,,,,,,,,,,,,,,,,,,,,,,,,,
,,15-May-24,3.40%,3.4% ,3.50%,12:30,,,,7:30,,,,,,,,,,,,,,,,,,,,,,,,,,,,
,4,Event,CPI (MoM) (Oct),,,Asset,Description,,,IST Time,MT5 server time,x,Investment,Size,atr,spread,factor,VU,sl,margin,RRR,R,Notes,Notes,,,,,,,,,,,,,,
,,Actual:,,,,C:USDJPY,"The Consumer Price Index (CPI) measures the change in the prices of goods and services contained in a basket of consumer items. The Central bank pays very close attention to this figure in its role of maintaining price stability.

A reading that is stronger than forecast is generally supportive (bullish) for the USD, while a weaker than forecast reading is generally negative (bearish) for the USD.

Historical impact on Assets: USDJPY | EURUSD",,,,,,on chart,0.1,0.03,0.01600000,,0.061,-14.17,91.8,2, 28 ,,,,,,,,,,,,,,,,
,,Forecast:,0.20%,,,USDJPY.sd,,,,,,,,,,,,,,,,,,,,,,,,,,,,,,,,
,,Previous:,0.20%,,,,,,,,,,Hist 1,0.05,0.07510,0.07000000,1,0.18265, (21),30,2.94, 62 ,,4.435,,,,,,,,,,,,,,
,,Time (GMT):,13:30,,,,,,,19:00,15:30,,Hist 2,0.05,0.10167,0.07000000,1,0.2225, (26),30,3.19, 82 ,,,,,,,,,,,,,,,,
,,Release Date,Actual,Forecast,Previous,Time,,,,Time ET,,,,,,,,,,,,,,,,,,,,,,,,,,,,
,,10-Oct-24,0.20%,0.1% ,0.20%,12:30,,,,7:30,,,,,,,,,,,,,,,,,,,,,,,,,,,,
,,11-Sep-24,0.20%,0.2% ,0.20%,12:30,,,,7:30,,,Placement,-0.05,0.0884,0.07000000,-1,0.202575, (24),-30,2.5, 59 ,,,,,,,,,,,,,,,,
,,14-Aug-24,0.20%,0.2% ,-0.10%,12:30,,,,7:30,,,Placement,0.05,0.0884,0.07000000,1,0.202575, (24),30,2.5, 59 ,,,,,,,,,,,,,,,,
,,11-Jul-24,-0.10%,0.1% ,0.00%,12:30,,,,7:30,,,Final,,,,,,,,,,,,,,,,,,,,,,,,,
,,12-Jun-24,0.00%,0.1% ,0.30%,12:30,,,,7:30,,,,,,,,,,,,,,,,,,,,,,,,,,,,
,,15-May-24,0.30%,0.4% ,0.40%,12:30,,,,7:30,,,,,,,,,,,,,,,,,,,,,,,,,,,,
,5,Event,Initial Jobless Claims,,,Asset,Description,,,IST Time,MT5 server time,x,Investment,Size,atr,spread,factor,VU,sl,margin,RRR,R,Notes,Notes,,,,,,,,,,,,,,
,,Actual:,,,,C:USDJPY,"Initial Jobless Claims measures the number of people who filed for unemployment insurance for the first time during the past week. This is the most timely U.S. economic data, but the market impact varies from week to week.
A reading that is higher than forecast is generally negative (bearish) for the USD, while a lower than forecast reading is generally supportive (bullish) for the USD.

Historical impact on Assets: USDJPY | EURUSD",,,,,,on chart,0.1,0.013,0.02200000,,0.0415,-10.74,60.23,,,,,,,,,,,,,,,,,,
,,Forecast:,222K,,,USDJPY.sd,,,,,,,,,,,,,,,,,,,,,,,,,,,,,,,,
,,Previous:,221K,,,,,,,,,,Hist 1,0.1,0.09270,0.02400000,1.0,0.16305, (42),61,4.95, 209 ,,,,,,,,,,,,,,,,
,,Time (GMT):,13:30,,,,,,,19:00,15:30,,Hist 2,0.1,0.10253,0.02400000,1.0,0.1778, (46),61, 3.6 , 165 ,,,,,,,,,,,,,,,,
,,Release Date,Actual,Forecast,Previous,Time,,,,Time ET,,,,,,,,,,,,,,,,,,,,,,,,,,,,
,,07-Nov-24,221,223,218,13:30,,,,8:30,,,,,,,,,,,,,,,,,,,,,,,,,,,,
,,31-Oct-24,216,229,228,12:30,,,,7:30,,,Placement,0.1,0.1025,0.02400000,1.0,0.1778, (46),61,3.0, 138 ,,,,,,,,,,,,,,,,
,,24-Oct-24,227,243,242,12:30,,,,7:30,,,,,,,,,,,,,,,,,,,,,,,,,,,,
,,17-Oct-24,241,241,260,12:30,,,,7:30,,,,,,,,,,,,,,,,,,,,,,,,,,,,
,,10-Oct-24,258,231,225,12:30,,,,7:30,,,,,,,,,,,,,,,,,,,,,,,,,,,,
,,03-Oct-24,225,222,219,12:30,,,,7:30,,,,,,,,,,,,,,,,,,,,,,,,,,,,
,6,Event,PPI (MoM) (Oct),,,Asset,Description,,,IST Time,MT5 server time,x,Investment,Size,atr,spread,factor,VU,sl,margin,RRR,R,Notes,Notes,,,,,,,,,,,,,,
,,Actual:,,,,C:USDJPY,"The Producer Price Index (PPI) measures a change in input prices of raw, semi-finished or finished goods and services. If input costs rise, some will be absorbed by the producer and some passed on to the consumer. Conversely, if input costs fall, some of the decline will be enjoyed as wider profit margins by the producer and some will be passed on to the consumer in the form of lower prices. Because PPI impacts consumer prices, it is watched by central bankers as part of fulfilling their mandate of price stability.

A reading that is stronger than forecast is generally supportive (bullish) for the USD, while a weaker than forecast reading is generally negative (bearish) for the USD.

Historical impact on Assets: USDJPY | EURUSD",,,,,,on chart,0.1,0.027,0.01600000,,0.0565,-13.31,91.8,2, 27 ,,,,,,,,,,,,,,,,
,,Forecast:,0.20%,,,USDJPY.sd,,,,,,,,,,,,,,,,,,,,,,,,,,,,,,,,
,,Previous:,0.00%,,,,,,,,,,Hist 1,0.1,0.04790,0.01700000,1,0.08885, (21),61,2.2, 46 ,,4.435,,,,,,,,,,,,,,
,,Time (GMT):,13:30,,,,,,,19:00,15:30,,Hist 2,0.1,0.07287,0.01700000,1,0.1263, (30),61, 3.3 , 98 ,,,,,,,,,,,,,,,,
,,Release Date,Actual,Forecast,Previous,Time,,,,Time ET,,,,,,,,,,,,,,,,,,,,,,,,,,,,
,,11-Oct-24,0.00%,0.1% ,0.20%,12:30,,,,7:30,,,,,,,,,,,,,,,,,,,,,,,,,,,,
,,12-Sep-24,0.20%,0.1% ,0.00%,12:30,,,,7:30,,,Placement,0.1,0.0604,0.01700000,1,0.107575, (25),61,2, 51 ,,,,,,,,,,,,,,,,
,,13-Aug-24,0.10%,0.2% ,0.20%,12:30,,,,7:30,,,Placement,0.1,0.0729,0.00000000,1,0.1093, (26),61,2, 51 ,,,,,,,,,,,,,,,,
,,12-Jul-24,0.20%,0.1% ,0.00%,12:30,,,,7:30,,,Final,,,,,,,,,,,,,,,,,,,,,,,,,
,,13-Jun-24,-0.20%,0.1% ,0.50%,12:30,,,,7:30,,,,,,,,,,,,,,,,,,,,,,,,,,,,
,,14-May-24,0.50%,0.3% ,-0.10%,12:30,,,,7:30,,,,,,,,,,,,,,,,,,,,,,,,,,,,
,7,Event,Crude Oil Inventories,,,Asset,Description,,,IST Time,MT5 server time,x,Investment,Size,atr,spread,factor,VU,sl,margin,RRR,R,Notes,Notes,,,,,,,,,,,,,,
,,Actual:,,,,USOILRoll,"The Energy Information Administration's (EIA) Crude Oil Inventories measures the weekly change in the number of barrels of commercial crude oil held by US firms. The level of inventories influences the price of petroleum products, which can have an impact on inflation.

If the increase in crude inventories is more than expected, it implies weaker demand and is bearish for crude prices. The same can be said if a decline in inventories is less than expected.
If the increase in crude is less than expected, it implies greater demand and is bullish for crude prices. The same can be said if a decline in inventories is more than expected.

Historical impact on Assets: USOilRoll",,,,,,on chart,0.1,0.022,0.03000000,,0.063,-15.02,99.37,,,,,,,,,,,,,,,,,,
,,Forecast:,,,,USOILRoll,,,,,,,,,,,,,,,,,,,,,,,,,,,,,,,,
,,Previous:,2.149M,,,,,,,,,,Hist 1,0.1,0.06410,0.03000000,1.0,0.12615, (30),61,2.39, 72 ,,,,,,,,,,,,,,,,
,,Time (GMT):,16:00,,,,,,,21:30,18:00,,Hist 2,0.1,0.07607,0.03000000,1.0,0.1441, (34),61, 2.1 , 71 ,,,,,,,,,,,,,,,,
,,Release Date,Actual,Forecast,Previous,Time,,,,Time ET,GMT,,,,,,,,,,,,,,,,,,,,,,,,,,,
,,06-Nov-24,2.149,0.300,-0.51,17:30,,,,10:30,15:30,,,,,,,,,,,,,,,,,,,,,,,,,,,
,,30-Oct-24,-0.51,1.500,5.474,16:30,,,,9:30,14:30,,Placement,0.1,0.0761,0.03000000,1.0,0.1441, (34),61,2.1, 71 ,,,,,,,,,,,,,,,,
,,23-Oct-24,5.474,0.800,-2.19,16:30,,,,9:30,14:30,,,,,,,,,,,,,,,,,,,,,,,,,,,
,,17-Oct-24,-2.19,1.800,5.810,17:00,,,,10:00,15:00,,,,,,,,,,,,,,,,,,,,,,,,,,,
,,09-Oct-24,5.810,2.000,3.889,16:30,,,,9:30,14:30,,,,,,,,,,,,,,,,,,,,,,,,,,,
,,02-Oct-24,3.889,-1.50,-4.47,16:30,,,,9:30,14:30,,,,,,,,,,,,,,,,,,,,,,,,,,,
,8,Event,GDP (QoQ) (Q3) P (Japan),,,Asset,Description,,,IST Time,MT5 server time,x,Investment,Size,atr,spread,factor,VU,sl,margin,RRR,R,Notes,Notes,,,,,,,,,,,,,,
,,Actual:,,,,C:USDJPY,"Gross Domestic Product (GDP) measures the change in the inflation-adjusted value of all goods and services produced by the economy. It is the broadest measure of economic activity and the primary indicator of the economy's health.

A reading that is stronger than forecast is generally supportive (bullish) for the JPY, while a weaker than forecast reading is generally negative (bearish) for the JPY.

Historical impact on Assets: USDJPY",,,,,,on chart,0.1,0.027,0.01600000,,0.0565,-13.31,91.8,2, 27 ,,,,,,,,,,,,,,,,
,,Forecast:,0.20%,,,USDJPY.sd,,,,,,,,,,,,,,,,,,,,,,,,,,,,,,,,
,,Previous:,0.70%,,,,,,,,,,Hist 1,0.1,0.04050,0.01700000,1,0.07775, (18),61,3.27, 60 ,,4.435,,,,,,,,,,,,,,
,,Time (GMT):,1:50,,,,,,,5:20,1:50,,Hist 2,0.1,0.02527,0.01700000,1,0.0549, (13),61, 2.2 , 29 ,,,,,,,,,,,,,,,,
,,Release Date,Actual,Forecast,Previous,Time,,,,Time ET,,,,,,,,,,,,,,,,,,,,,,,,,,,,
,,07-Sep-24,0.70%,0.8% ,-0.60%,23:50,,,,18:50,,,,,,,,,,,,,,,,,,,,,,,,,,,,
,,13-Aug-24,0.80%,0.6% ,-0.60%,23:50,,,,18:50,,,Placement,0.1,0.0329,0.01700000,1,0.066325, (16),61,2, 31 ,,,,,,,,,,,,,,,,
,,08-Jun-24,-0.50%,-0.5% ,0.10%,23:50,,,,18:50,,,,,,,,,,,,,,,,,,,,,,,,,,,,
,,14-May-24,-0.50%,-0.3% ,0.00%,23:50,,,,18:50,,,,,,,,,,,,,,,,,,,,,,,,,,,,
,,09-Mar-24,0.10%,-0.1% ,-0.70%,23:50,,,,18:50,,,,,,,,,,,,,,,,,,,,,,,,,,,,
,,13-Feb-24,-0.10%,0.2% ,-0.80%,23:50,,,,18:50,,,,,,,,,,,,,,,,,,,,,,,,,,,,
,9,Event,GDP (YoY) (Q3) P (UK),,,Asset,Description,,,IST Time,MT5 server time,x,Investment,Size,atr,spread,factor,VU,sl,margin,RRR,R,Notes,Notes,,,,,,,,,,,,,,
,,Actual:,,,,C:GBPJPY,"Gross Domestic Product (GDP) gauges the inflation-adjusted value of all goods and services produced within the economy. It is the most comprehensive measure of economic activity and an important indicator of economic health.

A reading that is stronger than forecast is generally supportive (bullish) for the GBP, while a weaker than forecast reading is generally negative (bearish) for the GBP.

Historical impact on Assets: GBPJPY",,,,,,on chart,0.1,0.032,0.01800000,0,0.0505,-16.61,60.5,2,,,,,,,,,,,,,,,,,
,,Forecast:,0.10%,,,GBPJPY.sd,,,,,,,,,,,,,,,,,,,,,,,,,,,,,,,,
,,Previous:,0.70%,,,,,,,,,,Hist 1,0.1,0.11820,0.01800000,1.0,0.1953, (64),61,1.93, 124 ,,,,,,,,,,,,,,,,
,,Time (GMT):,7:00,,,,,,,12:30,9:00,,Hist 2,0.1,0.12453,0.01800000,1.0,0.2048, (67),61, 2.5 , 167 ,,,,,,,,,,,,,,,,
,,Release Date,Actual,Forecast,Previous,Time,,,,Time ET,,,,,,,,,,,,,,,,,,,,,,,,,,,,
,,30-Sep-24,0.70%,0.9% ,0.30%,6:00,,,,1:00,,,,,,,,,,,,,,,,,,,,,,,,,,,,
,,15-Aug-24,0.90%,0.9% ,0.30%,6:00,,,,1:00,,,Placement,-0.10,0.0500,0.01800000,-1.0,0.093, (31),61,1.5, 46 ,P,,,,,,,,,,,,,,,
,,28-Jun-24,0.30%,0.2% ,-0.20%,6:00,,,,1:00,,,,,,,,,,,,,,,,,,,,,,,,,,,,
,,10-May-24,0.20%,0.0% ,-0.20%,6:00,,,,1:00,,,,,,,,,,,,,,,,,,,,,,,,,,,,
,,28-Mar-24,-0.20%,-0.2% ,0.30%,7:00,,,,2:00,,,,,,,,,,,,,,,,,,,,,,,,,,,,
,,15-Feb-24,-0.20%,0.1% ,0.20%,7:00,,,,2:00,,,,,,,,,,,,,,,,,,,,,,,,,,,,
,10,Event,GDP (MoM) (Sep) (UK),,,Asset,Description,,,IST Time,MT5 server time,x,Investment,Size,atr,spread,factor,VU,sl,margin,RRR,R,Notes,Notes,,x,Investment,Size,atr,spread,factor,VU,sl,margin,RRR,R,Notes,Notes
,,Actual:,,,,C:GBPJPY,"
Gross Domestic Product (GDP) measures the annualized change in the inflation-adjusted value of all goods and services produced by the economy. It is the broadest measure of economic activity and the primary indicator of the economy's health. A higher than expected reading should be taken as positive/bullish for the GBP, while a lower than expected reading should be taken as negative/bearish for the GBP.

Historical impact on Assets: GBPJPY",,,,,,on chart,0.1,0.049,0.01500000,0,0.061,-21.14,91.8,2,,,,,,on chart,0,0.049,0.01500000,0,0.061,-21.14,0,0,,,
,,Forecast:,0.20%,,,GBPJPY.sd,,,,,,,,,,,,,,,,,,,,,,,,,,,,,,,,
,,Previous:,0.20%,,,,,,,,,,Hist 1,0.1,0.09140,0.02000000,1.0,0.1571, (54),61,7.02, 382 ,,,,,Hist 1,0.1,0.09140,0.02000000,1.0,0.1571, (54),61,7.02, 382 ,,
,,Time (GMT):,7:00,,,,,,,12:30,9:00,,Hist 2,0.1,0.05673,0.02000000,1.0,0.1051, (36),61, 2.3 , 84 ,,,,,Hist 2,0.1,0.05673,0.02000000,1.0,0.1051, (36),61, 2.3 , 84 ,,
,,Release Date,Actual,Forecast,Previous,Time,,,,Time ET,,,,,,,,,,,,,,,,,,,,,,,,,,,,
,,30-Sep-24,0.50%,0.6% ,0.70%,6:00,,,,1:00,,,,,,,,,,,,,,,,,,,,,,,,,,,,
,,15-Aug-24,0.60%,0.6% ,0.70%,6:00,,,,1:00,,,Placement,0.05,0.0657,0.02000000,1.5,0.118566667, (31),30,2.0, 62 ,,,,,Placement,0.05,0.0657,0.02000000,1.5,0.118566667, (31),30,2.0, 62 ,-0.3%,% of 10K (OL of 100K)
,,28-Jun-24,0.70%,0.6% ,-0.30%,6:00,,,,1:00,,,,,,,,,,,,,,,,,,,,,,,,,,,,
,,10-May-24,0.60%,0.4% ,-0.30%,6:00,,,,1:00,,,,,,,,,,,,,,,,,,,,,,,,,,,,
,,28-Mar-24,-0.30%,-0.3% ,-0.10%,6:00,,,,1:00,,,,,,,,,,,,,,,,,,,,,,,,,,,,
,,15-Feb-24,-0.30%,-0.1% ,-0.10%,6:00,,,,1:00,,,,,,,,,,,,,,,,,,,,,,,,,,,,
,11,Event,GDP (QoQ) (Q3) P (UK),,,Asset,Description,,,IST Time,MT5 server time,x,Investment,Size,atr,spread,factor,VU,sl,margin,RRR,R,Notes,Notes,,,,,,,,,,,,,,
,,Actual:,,,,C:GBPJPY,"
Gross Domestic Product (GDP) gauges the inflation-adjusted value of all goods and services produced within the economy. It is the most comprehensive measure of economic activity and an important indicator of economic health.

A reading that is stronger than forecast is generally supportive (bullish) for the GBP, while a weaker than forecast reading is generally negative (bearish) for the GBP.

Historical impact on Assets: GBPJPY",,,,,,on chart,0.1,0.019,0.01800000,0,0.0565,-10.78,91.8,2,,,,,,,,,,,,,,,,,
,,Forecast:,0.20%,,,GBPJPY.sd,,,,,,,,,,,,,,,,,,,,,,,,,,,,,,,,
,,Previous:,0.50%,,,,,,,,,,Hist 1,0.1,0.06810,0.01800000,1.0,0.12015, (23),61,1.77, 41 ,,,,,,,,,,,,,,,,
,,Time (GMT):,7:00,,,,,,,12:30,9:00,,Hist 2,0.1,0.11893,0.01400000,1.0,0.1924, (37),61, 3.1 , 113 ,,,,,,,,,,,,,,,,
,,Release Date,Actual,Forecast,Previous,Time,,,,,,,,,,,,,,,,,,,,,,,,,,,,,,,,
,,30-Sep-24,0.50%,0.6% ,0.70%,6:00,,,,1:00,,,,,,,,,,,,,,,,2:00,,,,,,,,,,,,
,,15-Aug-24,0.60%,0.6% ,0.70%,6:00,,,,1:00,,,Placement,0.10,0.0300,0.01400000,1.0,0.1924, (37),61,3.0, 110 ,P,,,8:00,,,,,,,,,,,,
,,28-Jun-24,0.70%,0.6% ,-0.30%,6:00,,,,1:00,,,Placement,-0.10,0.0300,0.01400000,-1.0,0.1924, (37),61,3.0, 110 ,P,,,2:00,,,,,,,,,,,,
,,10-May-24,0.60%,0.4% ,-0.30%,6:00,,,,1:00,,,,,,,,,,,,,,,,8:00,,,,,,,,,,,,
,,28-Mar-24,-0.30%,-0.3% ,-0.10%,7:00,,,,2:00,,,,,,,,,,,,,,,,2:00,,,,,,,,,,,,
,,15-Feb-24,-0.30%,-0.1% ,-0.10%,7:00,,,,2:00,,,,,,,,,,,,,,,,8:00,,,,,,,,,,,,
,12,Event,Core Retail Sales (MoM) (Oct),,,Asset,Description,,,IST Time,MT5 server time,x,Investment,Size,atr,spread,factor,VU,sl,margin,RRR,R,Notes,Notes,,,,,,,,,,,,,,
,,Actual:,,,,C:USDJPY,"Core Retail Sales measures the change in the total value of sales at the retail level in the U.S., excluding automobiles. It is an important indicator of consumer spending which accounts for a large percentage of US GDP.

A reading that is stronger than forecast is generally supportive (bullish) for the USD, while a weaker than forecast reading is generally negative (bearish) for the USD.

Historical impact on Assets: USDJPY",,,,,,on chart,0.1,0.039,0.02100000,,0.0795,-18.99,91.8,,,,,,,,,,,,,,,,,,
,,Forecast:,0.20%,,,USDJPY.sd,,,,,,,,,,,,,,,,,,,,,,,,,,,,,,,,
,,Previous:,0.50%,,,,,,,,,,Hist 1,0.1,0.07220,0.01500000,1,0.1233, (29),61,4.88, 144 ,,4.435,,,,,,,,,,,,,,
,,Time (GMT):,13:30,,,,,,,19:00,15:30,,Hist 2,0.1,0.04053,0.01500000,0.5,0.0758, (9),61,2.365, 21 ,,,,,,,,,,,,,,,,
,,Release Date,Actual,Forecast,Previous,Time,,,,,,,,,,,,,,,,,,,,,,,,,,,,,,,,
,,17-Oct-24,0.50%,0.1% ,0.20%,12:30,,,,7:30,,,,,,,,,,,,,,,,,,,,,,,,,,,,
,,17-Sep-24,0.10%,0.2% ,0.40%,12:30,,,,7:30,,,Placement,0.25,0.0405,0.01500000,0.5,0.0758, (23),151,2, 45 ,P,,,,,,,,,,,,,,,
,,15-Aug-24,0.40%,0.1% ,0.50%,12:30,,,,7:30,,,Placement,0.25,0.0405,0.01500000,0.5,0.0758, (22),151,2, 44 ,,,,,,,,,,,,,,,,
,,16-Jul-24,0.40%,0.1% ,0.10%,12:30,,,,7:30,,,Final,,,,,, (22),,, 44 ,,,,,,,,,,,,,,,,
,,18-Jun-24,-0.10%,0.2% ,-0.10%,12:30,,,,7:30,,,,,,,,,,,,,,,,,,,,,,,,,,,,
,,15-May-24,0.20%,0.2% ,0.90%,12:30,,,,7:30,,,,,,,,,,,,,,,,,,,,,,,,,,,,
,13,Event,Retail Sales (MoM) (Oct),,,Asset,Description,,,IST Time,MT5 server time,x,Investment,Size,atr,spread,factor,VU,sl,margin,RRR,R,Notes,Notes,,,,,,,,,,,,,,
,,Actual:,,,,C:USDJPY,"
Retail Sales gauges the change in the aggregate value of sales at the retail level across the country. It is an important indicator of consumer spending accounting for the majority of overall economic activity.

A reading that is stronger than forecast is generally supportive (bullish) for the USD, while a weaker than forecast reading is generally negative (bearish) for the USD.

Historical impact on Assets: USDJPY",,,,,,on chart,0.1,0.027,0.01600000,,0.0565,-13.31,91.8,2, 27 ,,,,,,,,,,,,,,,,
,,Forecast:,0.30%,,,USDJPY.sd,,,,,,,,,,,,,,,,,,,,,,,,,,,,,,,,
,,Previous:,0.40%,,,,,,,,,,Hist 1,0.1,0.07640,0.01700000,1,0.1316, (31),61, 4.4 , 135 ,,4.435,,,,,,,,,,,,,,
,,Time (GMT):,13:30,,,,,,,19:00,15:30,,Hist 2,0.1,0.06680,0.01700000,1.5,0.1172, (41),61, 5.9 , 245 ,,,,,,,,,,,,,,,,
,,Release Date,Actual,Forecast,Previous,Time,,,,,,,,,,,,,,,,,,,,,,,,,,,,,,,,
,,17-Oct-24,0.40%,0.3% ,0.10%,12:30,,,,7:30,,,,,,,,,,,,,,,,,,,,,,,,,,,,
,,17-Sep-24,0.10%,-0.2% ,1.10%,12:30,,,,7:30,,,Placement,0.06,0.0716,0.01700000,2,0.1244, (35),36, 4.0 , 141 ,,,,,,,,,,,,,,,,
,,15-Aug-24,1.00%,0.4% ,-0.20%,12:30,,,,7:30,,,Placement,0.06,0.0716,0.01700000,2,0.1244, (35),36, 4.0 , 141 ,,,,,,,,,,,,,,,,
,,16-Jul-24,0.00%,-0.3% ,0.30%,12:30,,,,7:30,,,Final,,,,,,,,,,,,,,,,,,,,,,,,,
,,18-Jun-24,0.10%,0.3% ,-0.20%,12:30,,,,7:30,,,,,,,,,,,,,,,,,,,,,,,,,,,,
,,15-May-24,0.00%,0.4% ,0.60%,12:30,,,,7:30,,,,,,,,,,,,,,,,,,,,,,,,,,,,
x,1,Event,EUR CPI (YoY) (Oct),,,Asset,Description,,,IST Time,MT5 server time,x,Investment,Size,atr,spread,factor,VU,sl,margin,RRR,R,Notes,Notes,,,,,,,,,,,,,,
,,Actual:,,,,C:EURUSD,"The YoY inflation headline fell to 1.7% in September primarily due to lower energy prices. Markets now anticipate the European Central Bank (ECB) may continue its rate-cutting trajectory through this year, potentially extending into Q1 of next year. 

Bloomberg forecasts suggest that the YoY CPI of October may stabilize at 2.0%, keeping current market expectations intact. A further drop in inflation could prompt markets to factor in additional rate cuts in Q2 2025, which may exert downward presurre on the euro against major currencies. 

It should be noted that over the past two weeks, the euro has lost approximately 2.5% of its value against the US dollar, largely driven by the dollar's stregth following Trump's returm to power, which raises concerns about overshooting inflation rates under his proposed policies. 

Historical impact on Assets: EURJPY | EURUSD | EURCAD",,,,,,on chart,0.1,0.00021,0.00014000,,0.000455,-16.51,60.5,2, 33 ,,,,,,,,,,,,,,,,
,,Forecast:,2.00%,,,EURUSD.sd,,,,,,,,,,,,,,,,,,,,,,,,,,,,,,,,
,,Previous:,2.00%,,,,,,,,,,Hist 1,0.1,0.00030,0.00020000,1,0.00065, (24),61,1.48, 35 ,,,,,,,,,,,,,,,,
,,Time (GMT):,10:00,,,5:00,,,,15:30,12:00,,Hist 2,0.1,0.00027,0.00020000,1,0.0006, (22),61,1.75, 38 ,,,,,,,,,,,,,,,,
,,Release Date,Actual,Forecast,Previous,Time,,,,Time ET,,,,,,,,,,,,,,,,,,,,,,,,,,,,
,,31-Oct-24,2.00%,1.9% ,1.70%,10:00,,,,5:00,,,,,,,,,,,,,,,,,,,,,,,,,,,,
,,17-Oct-24,1.70%,1.8% ,2.20%,9:00,,,,4:00,,,Placement,-0.05,0.0003,0.00020000,-1,0.000625, (11),-30,1.5, 17 ,,ECB might continue cutting while Fed pauses,,,,,,,,,,,,,,
,,01-Oct-24,1.80%,1.8% ,2.20%,9:00,,,,4:00,,,,,,,,,,,,,,,,,,,,,,,,,,,,
,,18-Sep-24,2.20%,2.2% ,2.60%,9:00,,,,4:00,,,,,,,,,,,,,,,,,,,,,,,,,,,,
,,30-Aug-24,2.20%,2.2% ,2.60%,9:00,,,,4:00,,,,,,,,,,,,,,,,,,,,,,,,,,,,
,,20-Aug-24,2.60%,2.6% ,2.50%,9:00,,,,4:00,,,,,,,,,,,,,,,,,,,,,,,,,,,,
,2,Event,CAD CPI (YoY),,,Asset,Description,,,IST Time,MT5 server time,x,Investment,Size,atr,spread,factor,VU,sl,margin,RRR,R,Notes,Notes,,,,,,,,,,,,,,
,,Actual:,,,,C:CADJPY,"In September, the YoY inflation headline reached a three-and-a-half-year low of 1.6% prompting the Bank of Canada to cut rates by 50 basis points at its last meeting. Markets expect a further 25 basis-point cut by December, followed by an addiitonal 25 basis points early next year. 

According to Bloomberg, Canadian CPI may increase from 1.6% in September to 1.9% in October. Any data below expectations could reinforce market predictions for further rate cuts next year, potentially weakening the Canadian dollar against major currencies like the euro. 

Historical impact on Assets: EURCAD",,,,,,on chart,0.1,0.0002,0.00017000,,0.00047,-12.97,60.5,2, 26 ,,,,,,,,,,,,,,,,
,,Forecast:,0.00%,,,CADJPY.sd,,,,,,,,,,,,,,,,,,,,,,,,,,,,,,,,
,,Previous:,1.60%,,,,,,,,,,Hist 1,0.1,0.00060,0.00025000,1,0.00115, (32),61,3.28, 104 ,,,,,,,,,,,,,,,,
,,Time (GMT):,13:30,,,8:30,,,,19:00,15:30,,Hist 2,0.1,0.00063,0.00025000,1,0.0012, (33),61,2.97, 98 ,,,,,,,,,,,,,,,,
,,Release Date,Actual,Forecast,Previous,Time,,,,Time ET,,,,,,,,,,,,,,,,,,,,,,,,,,,,
,,15-Oct-24,1.60%,1.8% ,2.00%,12:30,,,,7:30,,,,,,,,,,,,,,,,,,,,,,,,,,,,
,,17-Sep-24,2.00%,  ,2.50%,12:30,,,,7:30,,,Placement,0.05,0.0006,0.00025000,1,0.001175, (16),30,2, 32 ,,,,,,,,,,,,,,,,
,,20-Aug-24,2.50%,2.5% ,2.70%,12:30,,,,7:30,,,Placement,0.05,0.0006,0.00025000,1,0.001175, (16),30,2, 32 ,,,,,,,,,,,,,,,,
,,16-Jul-24,2.70%,  ,2.90%,12:30,,,,7:30,,,,,,,,,,,,,,,,,,,,,,,,,,,,
,,25-Jun-24,2.90%,2.6% ,2.70%,12:30,,,,7:30,,,,,,,,,,,,,,,,,,,,,,,,,,,,
,,21-May-24,2.70%,2.7% ,2.90%,12:30,,,,7:30,,,,,,,,,,,,,,,,,,,,,,,,,,,,
,3,Event,GBP CPI (YoY) (Oct),,,Asset,Description,,,IST Time,MT5 server time,x,Investment,Size,atr,spread,factor,VU,sl,margin,RRR,R,Notes,Notes,,,,,,,,,,,,,,
,,Actual:,,,,UK100Roll,"The YoY inflation rate dropeed to a three-year low of 1.7% in September, which encouraged the Bank of England's Monetary Policy Committee to lower rates by 25 basis points in its last meeting.

Bloomberg predicts the YoY inlfation rate could rise to 2.1% in October. However, if the data falls below expectations, it could motivate furhter rate cuts by the Bank of England in the coming year, likely boosting stock pices and the UK100 index.

Historical impact on Assets: GBPJPY | GBPUSD | UK100Roll",,,,,,on chart,0.1,1.07,2.70000000,,4.305,-2,91.8,2, 4 ,,,,,,,,,,,,,,,,
,,Forecast:,,,,UK100Roll,,,,,,,,,,,,,,,,,,,,,,,,,,,,,,,,
,,Previous:,1.70%,,,,,,,,,,Hist 1,0.65,5.57140,2.70000000,1,11.0571, (33),393,5.31, 177 ,,,,,,,,,,,,,,,,
,,Time (GMT):,7:00,,,2:00,,,,12:30,9:00,,Hist 2,0.65,4.05600,2.70000000,1,8.7840, (27),393,4.068, 108 ,,,,,,,,,,,,,,,,
,,Release Date,Actual,Forecast,Previous,Time,,,,Time ET,,,,,,,,,,,,,,,,,,,,,,,,,,,,
,,16-Oct-24,1.70%,1.9% ,2.20%,6:00,,,,1:00,,,,,,,,,,,,,,,,,,,,,,,,,,,,
,,18-Sep-24,2.20%,2.2% ,2.20%,6:00,,,,1:00,,,Placement,0.65,4.8137,2.70000000,1,9.92055, (30),393,4, 120 ,,,,,,,,,,,,,,,,
,,14-Aug-24,2.20%,2.3% ,2.00%,6:00,,,,1:00,,,Placement,0.65,4.8137,2.70000000,1,9.92055, (30),393,4, 120 ,,,,,,,,,,,,,,,,
,,17-Jul-24,2.00%,1.9% ,2.00%,6:00,,,,1:00,,,,,,,,,,,,,,,,,,,,,,,,,,,,
,,19-Jun-24,2.00%,2.0% ,2.30%,6:00,,,,1:00,,,,,,,,,,,,,,,,,,,,,,,,,,,,
,,22-May-24,2.30%,2.1% ,3.20%,6:00,,,,1:00,,,,,,,,,,,,,,,,,,,,,,,,,,,,
,4,Event,Crude Oil Inventories,,,Asset,Description,,,IST Time,MT5 server time,x,Investment,Size,atr,spread,factor,VU,sl,margin,RRR,R,Notes,Notes,,,,,,,,,,,,,,
,,Actual:,,,,USOILRoll,"The Energy Information Administration's (EIA) Crude Oil Inventories measures the weekly change in the number of barrels of commercial crude oil held by US firms. The level of inventories influences the price of petroleum products, which can have an impact on inflation.

If the increase in crude inventories is more than expected, it implies weaker demand and is bearish for crude prices. The same can be said if a decline in inventories is less than expected.
If the increase in crude is less than expected, it implies greater demand and is bullish for crude prices. The same can be said if a decline in inventories is more than expected.

Historical impact on Assets: USOilRoll",,,,,,on chart,0.1,0.027,0.01600000,,0.0565,-13.31,91.8,2, 27 ,,,,,,,,,,,,,,,,
,,Forecast:,,,,USOILRoll,,,,,,,,,,,,,,,,,,,,,,,,,,,,,,,,
,,Previous:,2.089M,,,,,,,,,,Hist 1,0.1,0.08310,0.01700000,1,0.14165, (33),61,5.49, 183 ,,4.435,,,,,,,,,,,,,,
,,Time (GMT):,15:30,,,10:30,,,,21:00,17:30,,Hist 2,0.1,0.09133,0.01700000,1,0.1540, (36),61,4.06, 147 ,,,,,,,,,,,,,,,,
,,Release Date,Actual,Forecast,Previous,Time,,,,Time ET,,,,,,,,,,,,,,,,,,,,,,,,,,,,
,,14-Nov-24,2.089,0.400,2.149,16:00,,,,11:00,,,,,,,,,,,,,,,,,,,,,,,,,,,,
,,06-Nov-24,2.149,0.300,-0.51,15:30,,,,10:30,,,Placement,0.1,0.0872,0.01700000,1,0.147825, (35),61,2, 70 ,,,,,,,,,,,,,,,,
,,30-Oct-24,-0.51,1.500,5.474,14:30,,,,9:30,,,,,,,,,,,,,,,,,,,,,,,,,,,,
,,23-Oct-24,5.474,0.800,-2.19,14:30,,,,9:30,,,Final,,,,,, -   ,,, -   ,,,,,,,,,,,,,,,,
,,17-Oct-24,-2.19,1.800,5.810,15:00,,,,10:00,,,,,,,,,,,,,,,,,,,,,,,,,,,,
,,09-Oct-24,5.810,2.000,3.889,14:30,,,,9:30,,,,,,,,,,,,,,,,,,,,,,,,,,,,
,5,Event,NVIDIA's Q4 Earnings Report,,,Asset,Description,,,IST Time,MT5 server time,x,Investment,Size,atr,spread,factor,VU,sl,margin,RRR,R,Notes,Notes,,,,,,,,,,,,,,
,,Actual:,,,,NVIDIA,"According to Bloomberg, investors expect NVIDIA to report $32.97 billion of revenue with earnings per share of approximately 0.75.

If results fall below these expectations, it may impact Nvidia’s stock performance and, consequently, the US500 index, as NVIDIA is a key component.

Notably, NVIDIA overtook Apple in market capitalization this month, reaching $3.44 trillion compared to Apple’s $3.37 trillion – although Apple’s share price remains higher.

Historical impact on Assets: US500 | UT100",,,,,,on chart,0.1,1.82,3.00000000,,5.73,-2.16,91.8,2, 4 ,,,,,,,,,,,,,,,,
,,Forecast:, 32.97 ,,,NVIDIA,,,,,,,,,,,,,,,,,,,,,,,,,,,,,,,,
,,Previous:,,,,,,,,,,,Hist 1,0.15,20.99710,3.00000000,1,34.49565, (20),91,8.03, 157 ,,,,,,,,,,,,,,,,
,,Time (GMT):,0:00,,,,,,,2:30,0:00,,Hist 2,0.25,13.42667,3.00000000,1,23.1400, (22),151,4.75, 104 ,,,,,,,,,,,,,,,,
,,Release Date,Actual,Forecast,Previous,Time,,,,Time ET,,,,,,,,,,,,,,,,,,,,,,,,,,,,
,,28-Aug-24, 0.68 , 0.64 ,,23:00,,,,0:00,,,,,,,,,,,,,,,,,,,,,,,,,,,,
,,22-May-24, 0.61 , 0.55 ,,23:00,,,,0:00,,,Placement,0.1,17.2119,3.00000000,1.5,28.817825, (16),61,2, 33 ,,,,,,,,,,,,,,,,
,,21-Feb-24, 0.52 , 0.46 ,,0:00,,,,0:00,,,Placement,0.1,17.2119,3.00000000,1.5,28.817825, (16),61,2, 33 ,,,,,,,,,,,,,,,,
,,21-Nov-23, 0.40 , 0.34 ,,0:00,,,,0:00,,,,,,,,,,,,,,,,,,,,,,,,,,,,
,,23-Aug-23, 0.27 , 0.21 ,,23:00,,,,0:00,,,,,,,,,,,,,,,,,,,,,,,,,,,,
,,24-May-23, 0.11 , 0.09 ,,23:00,,,,0:00,,,,,,,,,,,,,,,,,,,,,,,,,,,,
,6,Event,Initial Jobless Claims,,,Asset,Description,,,IST Time,MT5 server time,x,Investment,Size,atr,spread,factor,VU,sl,margin,RRR,R,Notes,Notes,,,,,,,,,,,,,,
,,Actual:,,,,C:EURUSD,"Initial Jobless Claims measures the number of people who filed for unemployment insurance for the first time during the past week. This is the most timely U.S. economic data, but the market impact varies from week to week.
A reading that is higher than forecast is generally negative (bearish) for the USD, while a lower than forecast reading is generally supportive (bullish) for the USD.

Historical impact on Assets: USDJPY | EURUSD",,,,,,on chart,0.1,0.03,0.01600000,,0.061,-14.17,91.8,2, 28 ,,,,,,,,,,,,,,,,
,,Forecast:,215K,,,EURUSD.sd,,,,,,,,,,,,,,,,,,,,,,,,,,,,,,,,
,,Previous:,217K,,,,,,,,,,Hist 1,0.05,0.07510,0.07000000,1,0.18265, (21),30,2.94, 62 ,,4.435,,,,,,,,,,,,,,
,,Time (GMT):,13:30,,,8:30,,,,19:00,15:30,,Hist 2,0.05,0.10167,0.07000000,1,0.2225, (26),30,3.19, 82 ,,,,,,,,,,,,,,,,
,,Release Date,Actual,Forecast,Previous,Time,,,,Time ET,,,,,,,,,,,,,,,,,,,,,,,,,,,,
,,14-Nov-24,217,224,221,13:30,,,,8:30,,,,,,,,,,,,,,,,,,,,,,,,,,,,
,,07-Nov-24,221,223,218,13:30,,,,8:30,,,Placement,-0.05,0.0884,0.07000000,-1,0.202575, (24),-30,2.5, 59 ,,,,,,,,,,,,,,,,
,,31-Oct-24,216,229,228,12:30,,,,7:30,,,Placement,0.05,0.0884,0.07000000,1,0.202575, (24),30,2.5, 59 ,,,,,,,,,,,,,,,,
,,24-Oct-24,227,243,242,12:30,,,,7:30,,,Final,,,,,,,,,,,,,,,,,,,,,,,,,
,,17-Oct-24,241,241,260,12:30,,,,7:30,,,,,,,,,,,,,,,,,,,,,,,,,,,,
,,10-Oct-24,258,231,225,12:30,,,,7:30,,,,,,,,,,,,,,,,,,,,,,,,,,,,
,7,Event,Philadelphia Fed Manufacturing Index (Nov),,,Asset,Description,,,IST Time,MT5 server time,x,Investment,Size,atr,spread,factor,VU,sl,margin,RRR,R,Notes,Notes,,,,,,,,,,,,,,
,,Actual:,,,,C:EURUSD,"The Philadelphia Federal Reserve Manufacturing Index measures the relative level of business conditions amongst manufacturers in the Federal reserve district. A level above zero on the index indicates improving conditions; below indicates worsening conditions. The data is compiled from a survey of about 250 manufacturers in the Philadelphia Federal Reserve district.A reading that is stronger than forecast is generally supportive (bullish) for the USD, while a weaker than forecast reading is generally negative (bearish) for the USD.Historical impact on Assets: USDJPY | EURUSD 

Historical impact on Assets: USDJPY | EURUSD",,,,,,on chart,0.1,0.039,0.01700000,,0.0755,-17.67,60.23,,,,,,,,,,,,,,,,,,
,,Forecast:,,,,EURUSD.sd,,,,,,,,,,,,,,,,,,,,,,,,,,,,,,,,
,,Previous:, 10.30 ,,,,,,,,,,Hist 1,0.1,0.07640,0.01700000,1.0,0.1316, (31),61,4.29, 132 ,,,,,,,,,,,,,,,,
,,Time (GMT):,13:30,,,8:30,,,,19:00,15:30,,Hist 2,0.1,0.06527,0.01700000,1.0,0.1149, (27),61, 4.9 , 132 ,,,,,,,,,,,,,,,,
,,Release Date,Actual,Forecast,Previous,Time,,,,Time ET,,,,,,,,,,,,,,,,,,,,,,,,,,,,
,,17-Oct-24, 10.3 , 4.2  , 1.7 ,12:30,,,,7:30,,,,,,,,,,,,,,,,,,,,,,,,,,,,
,,19-Sep-24, 1.7 , -0.8  , (7.0),12:30,,,,7:30,,,Placement,0.1,0.0653,0.01700000,1.0,0.1149, (27),61,3.0, 81 ,,,,,,,,,,,,,,,,
,,15-Aug-24, (7.0), 5.4  , 13.9 ,12:30,,,,7:30,,,Placement,0.1,0.0653,0.01700000,1.0,0.1149, (27),61,3.0, 81 ,,,,,,,,,,,,,,,,
,,18-Jul-24, 13.9 , 2.7  , 1.3 ,12:30,,,,7:30,,,,,,,,,,,,,,,,,,,,,,,,,,,,
,,20-Jun-24, 1.3 , 4.8  , 4.5 ,12:30,,,,7:30,,,,,,,,,,,,,,,,,,,,,,,,,,,,
,,16-May-24, 4.5 , 7.7  , 15.5 ,12:30,,,,7:30,,,,,,,,,,,,,,,,,,,,,,,,,,,,
,8,Event,Existing Home Sales (Oct),,,Asset,Description,,,IST Time,MT5 server time,x,Investment,Size,atr,spread,factor,VU,sl,margin,RRR,R,Notes,Notes,,,,,,,,,,,,,,
,,Actual:,,,,C:EURUSD,"Existing Home Sales measures the change in the annualised number of existing residential buildings that were sold during the prior month. This report helps to gauge the strength of the U.S. housing market and is an important indicator of overall economic strength.

A reading that is stronger than forecast is generally supportive (bullish) for the USD, while a weaker than forecast reading is generally negative (bearish) for the USD.

Historical impact on Assets: USDJPY | EURUSD",,,,,,on chart,0.1,0.039,0.01700000,,0.0755,-17.67,60.23,,,,,,,,,,,,,,,,,,
,,Forecast:,3.88M,,,EURUSD.sd,,,,,,,,,,,,,,,,,,,,,,,,,,,,,,,,
,,Previous:,3.84M,,,,,,,,,,Hist 1,0.1,0.03910,0.01400000,1.0,0.07265, (17),61,4.29, 73 ,,,,,,,,,,,,,,,,
,,Time (GMT):,15:00,,,10:00,,,,20:30,17:00,,Hist 2,0.1,0.04993,0.01400000,1.0,0.0889, (21),61, 4.9 , 102 ,,,,,,,,,,,,,,,,
,,Release Date,Actual,Forecast,Previous,Time,,,,Time ET,,,,,,,,,,,,,,,,,,,,,,,,,,,,
,,23-Oct-24,3.84,3.88,3.88,14:00,,,,9:00,,,,,,,,,,,,,,,,,,,,,,,,,,,,
,,19-Sep-24,3.86,3.92,3.96,14:00,,,,9:00,,,Placement,0.1,0.0499,0.01400000,1.0,0.0889, (21),61,2.0, 42 ,,,,,,,,,,,,,,,,
,,22-Aug-24,3.95,3.94,3.90,14:00,,,,9:00,,,Placement,0.1,0.0499,0.01400000,1.0,0.0889, (21),61,2.0, 42 ,,,,,,,,,,,,,,,,
,,23-Jul-24,3.89,3.99,4.11,14:00,,,,9:00,,,,,,,,,,,,,,,,,,,,,,,,,,,,
,,21-Jun-24,4.11,4.08,4.14,14:00,,,,9:00,,,,,,,,,,,,,,,,,,,,,,,,,,,,
,,22-May-24,4.14,4.21,4.22,14:00,,,,9:00,,,,,,,,,,,,,,,,,,,,,,,,,,,,
,9,Event,German GDP (QoQ) (Q3),,,Asset,Description,,,IST Time,MT5 server time,x,Investment,Size,atr,spread,factor,VU,sl,margin,RRR,R,Notes,Notes,,,,,,,,,,,,,,
,,Actual:,,,,C:EURUSD,"Gross Domestic Product (GDP) is the broadest measure of economic activity and is a key indicator of economic health. The quarterly percent changes in GDP show the growth rate of the economy as a whole.

A reading that is stronger than forecast is generally supportive (bullish) for the EUR, while a weaker than forecast reading is generally negative (bearish) for the EUR.

Historical impact on Assets: EURJPY | EURUSD",,,,,,on chart,0.1,0.022,0.03000000,,0.063,-15.02,99.37,,,,,,,,,,,,,,,,,,
,,Forecast:,,,,EURUSD.sd,,,,,,,,,,,,,,,,,,,,,,,,,,,,,,,,
,,Previous:,0.20%,,,,,,,,,,Hist 1,0.1,0.06410,0.03000000,1.0,0.12615, (30),61,2.39, 72 ,,,,,,,,,,,,,,,,
,,Time (GMT):,7:00,,,2:00,,,,12:30,9:00,,Hist 2,0.1,0.07607,0.03000000,1.0,0.1441, (34),61, 2.1 , 71 ,,,,,,,,,,,,,,,,
,,Release Date,Actual,Forecast,Previous,Time,,,,Time ET,GMT,,,,,,,,,,,,,,,,,,,,,,,,,,,
,,30-Oct-24,0.20%,-0.1% ,-0.30%,11:00,,,,4:00,9:00,,,,,,,,,,,,,,,,,,,,,,,,,,,
,,27-Aug-24,-0.10%,-0.1% ,0.20%,8:00,,,,1:00,6:00,,Placement,0.1,0.0761,0.03000000,1.0,0.1441, (34),61,2.1, 71 ,,,,,,,,,,,,,,,,
,,30-Jul-24,-0.10%,0.1% ,0.20%,10:00,,,,3:00,8:00,,,,,,,,,,,,,,,,,,,,,,,,,,,
,,24-May-24,0.20%,0.2% ,-0.30%,8:00,,,,1:00,6:00,,,,,,,,,,,,,,,,,,,,,,,,,,,
,,30-Apr-24,0.20%,0.1% ,-0.50%,10:00,,,,3:00,8:00,,,,,,,,,,,,,,,,,,,,,,,,,,,
,,23-Feb-24,-0.30%,-0.3% ,-0.10%,9:00,,,,2:00,7:00,,,,,,,,,,,,,,,,,,,,,,,,,,,
,10,Event,Manufacturing PMI (Nov) P,,,Asset,Description,,,IST Time,MT5 server time,x,Investment,Size,atr,spread,factor,VU,sl,margin,RRR,R,Notes,Notes,,,,,,,,,,,,,,
,,Actual:,,,,C:EURUSD,"The Manufacturing Purchasing Managers' Index (PMI) is a diffusion index incorporating survey results provided by manufacturing firms throughout the country. A reading above fifty suggests the manufacturing sector is expanding, while a reading below fifty suggests the manufacturing sector is in contraction. Policymakers and traders watch these surveys closely as purchasing managers usually have early access to data about their company’s performance, rather than waiting for the hard data to emerge. While manufacturing accounts for a far smaller percentage of economic output than services, it is far more cyclical and is therefore a useful indicator of where in the economic cycle the economy is currently situated. A reading that is stronger than forecast is generally supportive (bullish) for the USD while a weaker than forecast reading is generally negative (bearish) for the USD.

Historical impact on Assets: USDJPY | EURUSD",,,,,,on chart,0.1,0.027,0.01600000,,0.0565,-13.31,91.8,2, 27 ,,,,,,,,,,,,,,,,
,,Forecast:,,,,EURUSD.sd,,,,,,,,,,,,,,,,,,,,,,,,,,,,,,,,
,,Previous:, 48.50 ,,,,,,,,,,Hist 1,0.1,0.04050,0.01700000,1,0.07775, (18),61,3.27, 60 ,,4.435,,,,,,,,,,,,,,
,,Time (GMT):,14:45,,,9:45,,,,20:15,16:45,,Hist 2,0.1,0.02527,0.01700000,1,0.0549, (13),61, 2.2 , 29 ,,,,,,,,,,,,,,,,
,,Release Date,Actual,Forecast,Previous,Time,,,,Time ET,,,,,,,,,,,,,,,,,,,,,,,,,,,,
,,01-Nov-24, 48.5 , 47.8  , 47.8 ,13:45,,,,8:45,,,,,,,,,,,,,,,,,,,,,,,,,,,,
,,24-Oct-24, 47.8 , 47.5  , 47.3 ,13:45,,,,8:45,,,Placement,0.1,0.0329,0.01700000,1,0.066325, (16),61,2, 31 ,,,,,,,,,,,,,,,,
,,01-Oct-24, 47.3 , 47.0  , 47.9 ,13:45,,,,8:45,,,,,,,,,,,,,,,,,,,,,,,,,,,,
,,23-Sep-24, 47.0 , 48.6  , 47.9 ,13:45,,,,8:45,,,,,,,,,,,,,,,,,,,,,,,,,,,,
,,03-Sep-24, 47.9 , 48.0  , 49.6 ,13:45,,,,8:45,,,,,,,,,,,,,,,,,,,,,,,,,,,,
,,22-Aug-24, 48.0 , 49.5  , 49.6 ,13:45,,,,8:45,,,,,,,,,,,,,,,,,,,,,,,,,,,,
,11,Event,Services PMI (Nov) P,,,Asset,Description,,,IST Time,MT5 server time,x,Investment,Size,atr,spread,factor,VU,sl,margin,RRR,R,Notes,Notes,,,,,,,,,,,,,,
,,Actual:,,,,C:EURUSD,"The Service PMI release is published monthly by Markit Economics. The data are based on surveys of over 400 executives in private sector service companies. The surveys cover transport and communication, financial intermediaries, business and personal services, computing & IT, hotels and restaurants. 
An index level of 50 denotes no change since the previous month, while a level above 50 signals an improvement, and below 50 indicates a deterioration. A reading that is stronger than forecast is generally supportive (bullish) for the USD, while a weaker than forecast reading is generally negative (bearish) for the USD.

Historical impact on Assets: USDJPY | EURUSD",,,,,,on chart,0.1,0.00033,0.00015000,1,0.000455,-22.85,60.5,2,,,,,,,,,,,,,,,,,
,,Forecast:,,,,EURUSD.sd,,,,,,,,,,,,,,,,,,,,,,,,,,,,,,,,
,,Previous:, 55.00 ,,,,,,,,,,Hist 1,0.1,0.00030,0.00020000,1.0,0.00065, (33),61,2.81, 92 ,,,,,,,,,,,,,,,,
,,Time (GMT):,14:45,,,9:45,,,,20:15,16:45,,Hist 2,0.1,0.00040,0.00020000,1.0,0.0008, (40),61, 2.5 , 100 ,,,,,,,,,,,,,,,,
,,Release Date,Actual,Forecast,Previous,Time,,,,Time ET,,,,,,,,,,,,,,,,,,,,,,,,,,,,
,,05-Nov-24, 55.00 , 55.3  , 55.20 ,14:45,,,,9:45,,,,,,,,,,,,,,,,,,,,,,,,,,,,
,,24-Oct-24, 55.30 , 55.0  , 55.20 ,13:45,,,,8:45,,,Placement,-0.10,0.0003,0.00020000,-1.0,0.000715, (36),61,2.0, 72 ,P,,,,,,,,,,,,,,,
,,03-Oct-24, 55.20 , 55.4  , 55.70 ,13:45,,,,8:45,,,Placement,0.10,0.0003,0.00000000,1.0,0.000715, (36),61,2.0, 72 ,P,,,,,,,,,,,,,,,
,,23-Sep-24, 55.40 , 55.3  , 55.70 ,13:45,,,,8:45,,,,,,,,,,,,,,,,,,,,,,,,,,,,
,,05-Sep-24, 55.70 , 55.2  , 55.00 ,13:45,,,,8:45,,,,,,,,,,,,,,,,,,,,,,,,,,,,
,,22-Aug-24, 55.20 , 54.0  , 55.00 ,13:45,,,,8:45,,,,,,,,,,,,,,,,,,,,,,,,,,,,
x,1,Event,CB Consumer Confidence (Nov),,,Asset,Description,,,IST Time,MT5 server time,x,Investment,Size,atr,spread,factor,VU,sl,margin,RRR,R,Notes,Notes,,,,,,,,,,,,,,
,,Actual:,,,,C:EURUSD,"Conference Board (CB) Consumer Confidence measures the level of confidence consumers have in the economy. When consumers are optimistic, they tend to spend more which increases consumption and overall economic growth.

A reading that is stronger than forecast is generally supportive (bullish) for the USD, while a weaker than forecast reading is generally negative (bearish) for the USD.

Historical impact on Assets: USDJPY | EURUSD",,,,CB Consumer Confidence (Nov),,on chart,0.1,0.00021,0.00014000,,0.000455,-16.51,60.5,2, 33 ,,,,,,,,,,,,,,,,
,,Forecast:,  ,,,EURUSD.sd,,,,,,,,,,,,,,,,,,,,,,,,,,,,,,,,
,,Previous:, 108.70 ,,,,,,,,,,Hist 1,0.1,0.00030,0.00020000,1,0.00065, (24),61,1.48, 35 ,,,,,,,,,,,,,,,,
,,Time (GMT):,15:00,,,10:00,,,,20:30,17:00,,Hist 2,0.1,0.00027,0.00020000,1,0.0006, (22),61,1.75, 38 ,,,,,,,,,,,,,,,,
,,Release Date,Actual,Forecast,Previous,Time,,,,Time ET,,,,,,,,,,,,,,,,,,,,,,,,,,,,
,,29-Oct-24, 108.7 , 99.5  , 99.2 ,14:00,,,,9:00,,,,,,,,,,,,,,,,,,,,,,,,,,,,
,,24-Sep-24, 98.7 , 103.9  , 105.6 ,14:00,,,,9:00,,,Placement,-0.05,0.0003,0.00020000,-1,0.000625, (11),-30,1.5, 17 ,,ECB might continue cutting while Fed pauses,,,,,,,,,,,,,,
,,27-Aug-24, 103.3 , 100.9  , 101.9 ,14:00,,,,9:00,,,,,,,,,,,,,,,,,,,,,,,,,,,,
,,30-Jul-24, 100.3 , 99.7  , 97.8 ,14:00,,,,9:00,,,,,,,,,,,,,,,,,,,,,,,,,,,,
,,25-Jun-24, 100.4 , 100.0  , 101.3 ,14:00,,,,9:00,,,,,,,,,,,,,,,,,,,,,,,,,,,,
,,28-May-24, 102.0 , 96.0  , 97.5 ,14:00,,,,9:00,,,,,,,,,,,,,,,,,,,,,,,,,,,,
,2,Event,New Home Sales (Oct),,,Asset,Description,,,IST Time,MT5 server time,x,Investment,Size,atr,spread,factor,VU,sl,margin,RRR,R,Notes,Notes,,,,,,,,,,,,,,
,,Actual:,,,,C:EURUSD,"New Home Sales measures the annualised number of new single-family homes that were sold during the prior month. When it's released ahead of Existing Home Sales, this report tends to have more impact because the two reports are highly correlated.

A reading that is stronger than forecast is generally supportive (bullish) for the USD, while a weaker than forecast reading is generally negative (bearish) for the USD.

Historical impact on Assets: USDJPY | EURUSD",,,,New Home Sales (Oct),,on chart,0.1,0.03,0.01400000,,0.059,-14.72,60.5,2, 29 ,,,,,,,,,,,,,,,,
,,Forecast:,,,,EURUSD.sd,,,,,,,,,,,,,,,,,,,,,,,,,,,,,,,,
,,Previous:,738K,,,,,,,,,,Hist 1,0.1,0.05700,0.01800000,1,0.1035, (26),61,4.12, 106 ,,,,,,,,,,,,,,,,
,,Time (GMT):,15:00,,,10:00,,,,20:30,17:00,,Hist 2,0.1,0.06327,0.01800000,1,0.1129, (28),61,2.46, 69 ,,,,,,,,,,,,,,,,
,,Release Date,Actual,Forecast,Previous,Time,,,,Time ET,,,,,,,,,,,,,,,,,,,,,,,,,,,,
,,24-Oct-24,738,719,709,14:00,,,,9:00,,,,,,,,,,,,,,,,,,,,,,,,,,,,
,,25-Sep-24,716,699,751,14:00,,,,9:00,,,Placement,0.1,0.0601,0.01800000,1,0.1082, (27),61,2, 54 ,,,,,,,,,,,,,,,,
,,23-Aug-24,739,624,668,14:00,,,,9:00,,,Placement,0.1,0.0601,0.01800000,1,0.1082, (27),61,2, 54 ,,,,,,,,,,,,,,,,
,,24-Jul-24,617,639,621,14:00,,,,9:00,,,,,,,,,,,,,,,,,,,,,,,,,,,,
,,26-Jun-24,619,636,698,14:00,,,,9:00,,,,,,,,,,,,,,,,,,,,,,,,,,,,
,,23-May-24,634,677,665,14:00,,,,9:00,,,,,,,,,,,,,,,,,,,,,,,,,,,,
,3,Event,FOMC Meeting Minutes,,,Asset,Description,,,IST Time,MT5 server time,x,Investment,Size,atr,spread,factor,VU,sl,margin,RRR,R,Notes,Notes,,,,,,,,,,,,,,
,,Actual:,,,,C:USDJPY,"The Federal Open Market Committee (FOMC) Meeting Minutes are a detailed record of the committee's policy-setting meeting held about three weeks earlier. The minutes offer detailed insights regarding the FOMC's stance on monetary policy, so currency traders carefully examine them for clues regarding the outcome of future interest rate decisions.

Historical impact on Assets: USDJPY | EURUSD",,,,FOMC Meeting Minutes,,on chart,0.1,0.03,0.01400000,,0.059,-14.72,60.5,2, 29 ,,,,,,,,,,,,,,,,
,,Forecast:,,,,USDJPY.sd,,,,,,,,,,,,,,,,,,,,,,,,,,,,,,,,
,,Previous:,,,,,,,,,,,Hist 1,0.1,0.02740,0.01700000,1,0.0581, (14),61,2.95, 43 ,,,,,,,,,,,,,,,,
,,Time (GMT):,19:00,,,14:00,,,,0:30,21:00,,Hist 2,0.1,0.02947,0.01700000,1,0.0612, (15),61,3.35, 51 ,,,,,,,,,,,,,,,,
,,Release Date,Actual,Forecast,Previous,Time,,,,Time ET,,,,,,,,,,,,,,,,,,,,,,,,,,,,
,,09-Oct-24,,,,18:00,,,,13:00,,,,,,,,,,,,,,,,,,,,,,,,,,,,
,,21-Aug-24,,,,18:00,,,,13:00,,,Placement,0.2,0.0284,0.01700000,1,0.05965, (30),121,2, 60 ,,,,,,,,,,,,,,,,
,,03-Jul-24,,,,18:00,,,,13:00,,,Placement,0.2,0.0284,0.01700000,1,0.05965, (30),121,2, 60 ,,,,,,,,,,,,,,,,
,,22-May-24,,,,18:00,,,,13:00,,,,,,,,,,,,,,,,,,,,,,,,,,,,
,,10-Apr-24,,,,18:00,,,,13:00,,,,,,,,,,,,,,,,,,,,,,,,,,,,
,,21-Feb-24,,,,19:00,,,,14:00,,,,,,,,,,,,,,,,,,,,,,,,,,,,
,4,Event,RBNZ Interest Rate Decision,,,Asset,Description,,,IST Time,MT5 server time,x,Investment,Size,atr,spread,factor,VU,sl,margin,RRR,R,Notes,Notes,,,,,,,,,,,,,,
,,Actual:,,,,C:NZDUSD,"New Zealand's inflation rate has significantly declined, dropping from 3.3% in Q2 to 2.2% in Q3. This sharp reduction has paved the way for the RBNZ to ease monetary policy, potentially lowering rates from restrictive levels to a neutral stance that neither stimulates nor constrains economic growth.

Bloomberg predicts a 50-basis-point rate cut at the upcoming RBNZ meeting. A larger reduction of upto 75 basis points remains possible in response to weaker economic performance. If the RBNZ opts for the larger cut, from 4.75% to 4.00%, it could lead to the depreciation of the New Zealand dollar against major currencies like the US dollar, as markets have already priced in a 50-basis-point cut. 

Historical impact on Assets: AUDNZD | NZDJPY | NZDUSD",,,,RBNZ Interest Rate Decision,,on chart,0.1,0.016,0.02400000,,0.048,-10.88,91.8,2, 22 ,,,,,,,,,,,,,,,,
,,Forecast:,,,,NZDUSD.sd,,,,,,,,,,,,,,,,,,,,,,,,,,,,,,,,
,,Previous:,4.75%,,,,,,,,,,Hist 1,0.15,0.09240,0.02200000,1,0.1606, (55),91,3.43, 187 ,,4.435,,,,,,,,,,,,,,
,,Time (GMT):,1:00,,,20:00,,,,6:30,3:00,,Hist 2,0.15,0.10387,0.02200000,1,0.1778, (60),91,3.55, 215 ,,,,,,,,,,,,,,,,
,,Release Date,Actual,Forecast,Previous,Time,,,,Time ET,,,,,,,,,,,,,,,,,,,,,,,,,,,,
,,09-Oct-24,4.75%,4.75% ,5.25%,1:00,,,,20:00,,,,,,,,,,,,,,,,,,,,,,,,,,,,
,,14-Aug-24,5.25%,5.50% ,5.50%,2:00,,,,21:00,,,Placement,0.15,0.0981,0.02200000,1,0.1692, (58),91,2.5, 144 ,,,,,,,,,,,,,,,,
,,10-Jul-24,5.50%,5.50% ,5.50%,2:00,,,,21:00,,,,,,,,,,,,,,,,,,,,,,,,,,,,
,,22-May-24,5.50%,5.50% ,5.50%,2:00,,,,21:00,,,Final,,,,,, -   ,,, -   ,,,,,,,,,,,,,,,,
,,10-Apr-24,5.50%,5.50% ,5.50%,2:00,,,,21:00,,,,,,,,,,,,,,,,,,,,,,,,,,,,
,,28-Feb-24,5.50%,5.50% ,5.50%,1:00,,,,20:00,,,,,,,,,,,,,,,,,,,,,,,,,,,,
,5,Event,Durable Goods Orders (MoM) (Oct) P,,,Asset,Description,,,IST Time,MT5 server time,x,Investment,Size,atr,spread,factor,VU,sl,margin,RRR,R,Notes,Notes,,,,,,,,,,,,,,
,,Actual:,,,,C:EURUSD,"Durable Goods Orders reports the change in the total value of new orders for long lasting manufactured goods, including transportation items.

A reading that is stronger than forecast is generally supportive (bullish) for the USD, while a weaker than forecast reading is generally negative (bearish) for the USD.

Historical impact on Assets: USDJPY | EURUSD",,,,Durable Goods Orders (MoM) (Oct) P,,on chart,0.1,0.03,0.01400000,,0.059,-14.72,60.5,2, 29 ,,,,,,,,,,,,,,,,
,,Forecast:,,,,EURUSD.sd,,,,,,,,,,,,,,,,,,,,,,,,,,,,,,,,
,,Previous:,-0.7%,,,,,,,,,,Hist 1,0.15,20.99710,3.00000000,1,34.49565," (12,910)",91,8.03," 103,664 ",,,,,,,,,,,,,,,,
,,Time (GMT):,16:30,,,8:30,,,,19:00,16:30,,Hist 2,0.25,13.42667,3.00000000,1,23.1400," (14,433)",151,4.75," 68,557 ",,,,,,,,,,,,,,,,
,,Release Date,Actual,Forecast,Previous,Time,,,,Time ET,,,,,,,,,,,,,,,,,,,,,,,,,,,,
,,25-Oct-24,-0.80%,-1.1% ,-0.80%,15:30,,,,7:30,,,,,,,,,,,,,,,,,,,,,,,,,,,,
,,26-Sep-24,0.00%,-2.8% ,9.90%,15:30,,,,7:30,,,Placement,0.1,17.2119,3.00000000,1.5,28.817825," (10,785)",61,2," 21,569 ",,,,,,,,,,,,,,,,
,,26-Aug-24,9.90%,4.0% ,-6.90%,15:30,,,,7:30,,,Placement,0.1,17.2119,3.00000000,1.5,28.817825," (10,785)",61,2," 21,569 ",,,,,,,,,,,,,,,,
,,25-Jul-24,-6.60%,0.3% ,0.10%,15:30,,,,7:30,,,,,,,,,,,,,,,,,,,,,,,,,,,,
,,27-Jun-24,0.10%,-0.5% ,0.20%,15:30,,,,7:30,,,,,,,,,,,,,,,,,,,,,,,,,,,,
,,24-May-24,0.70%,-0.9% ,0.80%,15:30,,,,7:30,,,,,,,,,,,,,,,,,,,,,,,,,,,,
,6,Event,US GDP (QoQ) (Q3) P,,,Asset,Description,,,IST Time,MT5 server time,x,Investment,Size,atr,spread,factor,VU,sl,margin,RRR,R,Notes,Notes,,,,,,,,,,,,,,
,,Actual:,,,,C:EURUSD,"Gross Domestic Product (GDP) measures the annualised change in the inflation-adjusted value of all goods and services produced by the economy. It is the broadest measure of economic activity and the primary indicator of the economy's health.

A reading that is stronger than forecast is generally supportive (bullish) for the USD, while a weaker than forecast reading is generally negative (bearish) for the USD.

Historical impact on Assets: USDJPY | EURUSD",,,,US GDP (QoQ) (Q3) P,,on chart,0.1,0.03,0.01600000,,0.061,-14.17,91.8,2, 28 ,,,,,,,,,,,,,,,,
,,Forecast:,,,,EURUSD.sd,,,,,,,,,,,,,,,,,,,,,,,,,,,,,,,,
,,Previous:,2.80%,,,,,,,,,,Hist 1,0.1,0.07910,0.01600000,1,0.13465, (31),61,3.81, 119 ,,4.435,,,,,,,,,,,,,,
,,Time (GMT):,13:30,,,8:30,,,,19:00,15:30,,Hist 2,0.1,0.06327,0.01600000,1,0.1109, (26),61,5.21, 134 ,,,,,,,,,,,,,,,,
,,Release Date,Actual,Forecast,Previous,Time,,,,Time ET,,,,,,,,,,,,,,,,,,,,,,,,,,,,
,,30-Oct-24,2.80%,3.0% ,3.00%,12:30,,,,7:30,,,,,,,,,,,,,,,,,,,,,,,,,,,,
,,26-Sep-24,3.00%,3.0% ,1.60%,12:30,,,,7:30,,,Placement,-0.06,0.0712,0.01600000,-1.5,0.122775, (26),-36,2, 51 ,,,,,,,,,,,,,,,,
,,29-Aug-24,3.00%,2.8% ,1.40%,12:30,,,,7:30,,,Placement,0.06,0.0712,0.01600000,1.5,0.122775, (26),36,2, 51 ,,,,,,,,,,,,,,,,
,,25-Jul-24,2.80%,2.0% ,1.40%,12:30,,,,7:30,,,Final,,,,,,,,,,,,,,,,,,,,,,,,,
,,27-Jun-24,1.40%,1.3% ,3.40%,12:30,,,,7:30,,,,,,,,,,,,,,,,,,,,,,,,,,,,
,,30-May-24,1.30%,1.6% ,3.40%,12:30,,,,7:30,,,,,,,,,,,,,,,,,,,,,,,,,,,,
,7,Event,Initial Jobless Claims,,,Asset,Description,,,IST Time,MT5 server time,x,Investment,Size,atr,spread,factor,VU,sl,margin,RRR,R,Notes,Notes,,,,,,,,,,,,,,
,,Actual:,,,,C:EURUSD,"
Initial Jobless Claims measures the number of people who filed for unemployment insurance for the first time during the past week. This is the most timely U.S. economic data, but the market impact varies from week to week.
A reading that is higher than forecast is generally negative (bearish) for the USD, while a lower than forecast reading is generally supportive (bullish) for the USD.

Historical impact on Assets: USDJPY | EURUSD",,,,Initial Jobless Claims,,on chart,0.1,0.039,0.01700000,,0.0755,-17.67,60.23,,,,,,,,,,,,,,,,,,
,,Forecast:,,,,EURUSD.sd,,,,,,,,,,,,,,,,,,,,,,,,,,,,,,,,
,,Previous:, 213K ,,,,,,,,,,Hist 1,0.1,0.07640,0.01700000,1.0,0.1316, (31),61,4.29, 132 ,,,,,,,,,,,,,,,,
,,Time (GMT):,13:30,,,8:30,,,,19:00,15:30,,Hist 2,0.1,0.06527,0.01700000,1.0,0.1149, (27),61, 4.9 , 132 ,,,,,,,,,,,,,,,,
,,Release Date,Actual,Forecast,Previous,Time,,,,Time ET,,,,,,,,,,,,,,,,,,,,,,,,,,,,
,,21-Nov-24, 213 , 220 , 219 ,13:30,,,,8:30,,,,,,,,,,,,,,,,,,,,,,,,,,,,
,,14-Nov-24, 217 , 224 , 221 ,13:30,,,,8:30,,,Placement,0.1,0.0653,0.01700000,1.0,0.1149, (27),61,3.0, 81 ,,,,,,,,,,,,,,,,
,,07-Nov-24, 221 , 223 , 218 ,13:30,,,,8:30,,,Placement,0.1,0.0653,0.01700000,1.0,0.1149, (27),61,3.0, 81 ,,,,,,,,,,,,,,,,
,,31-Oct-24, 216 , 229 , 228 ,12:30,,,,7:30,,,,,,,,,,,,,,,,,,,,,,,,,,,,
,,24-Oct-24, 227 , 243 , 242 ,12:30,,,,7:30,,,,,,,,,,,,,,,,,,,,,,,,,,,,
,,17-Oct-24, 241 , 241 , 260 ,12:30,,,,7:30,,,,,,,,,,,,,,,,,,,,,,,,,,,,
,8,Event,Chicago PMI,,,Asset,Description,,,IST Time,MT5 server time,x,Investment,Size,atr,spread,factor,VU,sl,margin,RRR,R,Notes,Notes,,,,,,,,,,,,,,
,,Actual:,,,,C:USDJPY,"The Chicago Purchasing Managers' Index (PMI) is a diffusion index incorporating survey results provided by manufacturing firms around the Chicago area. A reading above fifty suggests the manufacturing sector is expanding, while a reading below fifty suggests the manufacturing sector is in contraction. The Chicago PMI can be of some assistance in forecasting the ISM manufacturing PMI.

A reading that is stronger than forecast is generally supportive (bullish) for the USD, while a weaker than forecast reading is generally negative (bearish) for the USD.

Historical impact on Assets: USDJPY | EURUSD",,,,,,on chart,0.1,0.039,0.01700000,,0.0755,-17.67,60.23,,,,,,,,,,,,,,,,,,
,,Forecast:, 44.90 ,,,USDJPY.sd,,,,,,,,,,,,,,,,,,,,,,,,,,,,,,,,
,,Previous:, 41.60 ,,,,,,,,,,Hist 1,0.1,0.03910,0.01400000,1.0,0.07265, (17),61,4.29, 73 ,,,,,,,,,,,,,,,,
,,Time (GMT):,14:45,,,9:45,,,,20:15,16:45,,Hist 2,0.1,0.04993,0.01400000,1.0,0.0889, (21),61, 4.9 , 102 ,,,,,,,,,,,,,,,,
,,Release Date,Actual,Forecast,Previous,Time,,,,Time ET,,,,,,,,,,,,,,,,,,,,,,,,,,,,
,,31-Oct-24,41.6,46.9,46.6,13:45,,,,8:45,,,,,,,,,,,,,,,,,,,,,,,,,,,,
,,30-Sep-24,46.6,46.1,46.1,13:45,,,,8:45,,,Placement,0.1,0.0499,0.01400000,1.0,0.0889, (21),61,2.0, 42 ,,,,,,,,,,,,,,,,
,,30-Aug-24,46.1,45.0,45.3,13:45,,,,8:45,,,Placement,0.1,0.0499,0.01400000,1.0,0.0889, (21),61,2.0, 42 ,,,,,,,,,,,,,,,,
,,31-Jul-24,45.3,44.8,47.4,13:45,,,,8:45,,,,,,,,,,,,,,,,,,,,,,,,,,,,
,,28-Jun-24,47.4,39.7,35.4,13:45,,,,8:45,,,,,,,,,,,,,,,,,,,,,,,,,,,,
,,31-May-24,35.4,41.1,37.9,13:45,,,,8:45,,,,,,,,,,,,,,,,,,,,,,,,,,,,
,9,Event,Core PCE Price Index (YoY) (Oct),,,Asset,Description,,,IST Time,MT5 server time,x,Investment,Size,atr,spread,factor,VU,sl,margin,RRR,R,Notes,Notes,,,,,,,,,,,,,,
,,Actual:,,,,C:EURUSD,"The Personal Consumption Expenditure, alongside the US jobs report for November (set to be released for December 6), will be pivotal in determining whether the Federal Reserve opts for a 25-basis-points rate hike at its final meeting of the year.

The upcoming jobs report will shed light on whether the labour market's softening in November, a temporary effect of strikes and adverse weather conditions or a sign of a broader economic slowdown could warrant additional stimulus through rate cuts. 

According to Bloomberg, the YoY PCE is projected to increase from 2.1% in September to 2.3% in October, while the Core Index is expected to edge up from 2.7% to 2.8% during the same period. Any data falling short of these expectations could strengthen the case for rate cuts at the December meeting, potentially weakening the dollar while boosting precious metal prices such as silver. 

Historical impact on Assets: USDJPY | EURUSD | XAGUSD",,,,Core PCE Price Index (YoY) (Oct),,on chart,0.1,0.022,0.03000000,,0.063,-15.02,99.37,,,,,,,,,,,,,,,,,,
,,Forecast:,,,,EURUSD.sd,,,,,,,,,,,,,,,,,,,,,,,,,,,,,,,,
,,Previous:,2.70%,,,,,,,,,,Hist 1,0.1,0.06410,0.03000000,1.0,0.12615, (30),61,2.39, 72 ,,,,,,,,,,,,,,,,
,,Time (GMT):,13:30,,,8:30,,,,19:00,15:30,,Hist 2,0.1,0.07607,0.03000000,1.0,0.1441, (34),61, 2.1 , 71 ,,,,,,,,,,,,,,,,
,,Release Date,Actual,Forecast,Previous,Time,,,,Time ET,,,,,,,,,,,,,,,,,,,,,,,,,,,,
,,31-Oct-24,2.70%,2.6% ,2.70%,12:30,,,,7:30,,,,,,,,,,,,,,,,,,,,,,,,,,,,
,,27-Sep-24,2.70%,2.7% ,2.60%,12:30,,,,7:30,,,Placement,0.1,0.0761,0.03000000,1.0,0.1441, (34),61,2.1, 71 ,,,,,,,,,,,,,,,,
,,30-Aug-24,2.60%,2.7% ,2.60%,12:30,,,,7:30,,,,,,,,,,,,,,,,,,,,,,,,,,,,
,,26-Jul-24,2.60%,2.5% ,2.60%,12:30,,,,7:30,,,,,,,,,,,,,,,,,,,,,,,,,,,,
,,28-Jun-24,2.60%,2.6% ,2.80%,12:30,,,,7:30,,,,,,,,,,,,,,,,,,,,,,,,,,,,
,,31-May-24,2.80%,2.8% ,2.80%,12:30,,,,7:30,,,,,,,,,,,,,,,,,,,,,,,,,,,,
,10,Event,Core PCE Price Index (MoM) (Oct),,,Asset,Description,,,IST Time,MT5 server time,x,Investment,Size,atr,spread,factor,VU,sl,margin,RRR,R,Notes,Notes,,,,,,,,,,,,,,
,,Actual:,,,,C:EURUSD,"The Personal Consumption Expenditure, alongside the US jobs report for November (set to be released for December 6), will be pivotal in determining whether the Federal Reserve opts for a 25-basis-points rate hike at its final meeting of the year.

The upcoming jobs report will shed light on whether the labour market's softening in November, a temporary effect of strikes and adverse weather conditions or a sign of a broader economic slowdown could warrant additional stimulus through rate cuts. 

According to Bloomberg, the YoY PCE is projected to increase from 2.1% in September to 2.3% in October, while the Core Index is expected to edge up from 2.7% to 2.8% during the same period. Any data falling short of these expectations could strengthen the case for rate cuts at the December meeting, potentially weakening the dollar while boosting precious metal prices such as silver. 

Historical impact on Assets: USDJPY | EURUSD | XAGUSD",,,,Core PCE Price Index (MoM) (Oct),,on chart,0.1,0.027,0.01600000,,0.0565,-13.31,91.8,2, 27 ,,,,,,,,,,,,,,,,
,,Forecast:,,,,EURUSD.sd,,,,,,,,,,,,,,,,,,,,,,,,,,,,,,,,
,,Previous:,0.3%,,,,,,,,,,Hist 1,0.1,0.04050,0.01700000,1,0.07775, (18),61,3.27, 60 ,,4.435,,,,,,,,,,,,,,
,,Time (GMT):,13:30,,,8:30,,,,19:00,15:30,,Hist 2,0.1,0.02527,0.01700000,1,0.0549, (13),61, 2.2 , 29 ,,,,,,,,,,,,,,,,
,,Release Date,Actual,Forecast,Previous,Time,,,,Time ET,,,,,,,,,,,,,,,,,,,,,,,,,,,,
,,31-Oct-24,0.30%,0.3% ,0.20%,12:30,,,,7:30,,,,,,,,,,,,,,,,,,,,,,,,,,,,
,,27-Sep-24,0.10%,0.2% ,0.20%,12:30,,,,7:30,,,Placement,0.1,0.0329,0.01700000,1,0.066325, (16),61,2, 31 ,,,,,,,,,,,,,,,,
,,30-Aug-24,0.20%,0.2% ,0.20%,12:30,,,,7:30,,,,,,,,,,,,,,,,,,,,,,,,,,,,
,,26-Jul-24,0.20%,0.2% ,0.10%,12:30,,,,7:30,,,,,,,,,,,,,,,,,,,,,,,,,,,,
,,28-Jun-24,0.10%,0.1% ,0.30%,12:30,,,,7:30,,,,,,,,,,,,,,,,,,,,,,,,,,,,
,,31-May-24,0.20%,0.3% ,0.30%,12:30,,,,7:30,,,,,,,,,,,,,,,,,,,,,,,,,,,,
,11,Event,Crude Oil Inventories,,,Asset,Description,,,IST Time,MT5 server time,x,Investment,Size,atr,spread,factor,VU,sl,margin,RRR,R,Notes,Notes,,,,,,,,,,,,,,
,,Actual:,,,,USOILRoll,"The Energy Information Administration's (EIA) Crude Oil Inventories measures the weekly change in the number of barrels of commercial crude oil held by US firms. The level of inventories influences the price of petroleum products, which can have an impact on inflation.

If the increase in crude inventories is more than expected, it implies weaker demand and is bearish for crude prices. The same can be said if a decline in inventories is less than expected.
If the increase in crude is less than expected, it implies greater demand and is bullish for crude prices. The same can be said if a decline in inventories is more than expected.

Historical impact on Assets: USOilRoll ",,,,Crude Oil Inventories,,on chart,0.1,0.00033,0.00015000,1,0.000455,-22.85,60.5,2,,,,,,,,,,,,,,,,,
,,Forecast:,,,,USOILRoll,,,,,,,,,,,,,,,,,,,,,,,,,,,,,,,,
,,Previous:, 0.545M ,,,,,,,,,,Hist 1,0.1,0.00030,0.00020000,1.0,0.00065, (33),61,2.81, 92 ,,,,,,,,,,,,,,,,
,,Time (GMT):,15:30,,,10:30,,,,21:00,17:30,,Hist 2,0.1,0.00040,0.00020000,1.0,0.0008, (40),61, 2.5 , 100 ,,,,,,,,,,,,,,,,
,,Release Date,Actual,Forecast,Previous,Time,,,,Time ET,,,,,,,,,,,,,,,,,,,,,,,,,,,,
,,20-Nov-24, 0.545 , 0.400 , 2.089 ,15:30,,,,10:30,,,,,,,,,,,,,,,,,,,,,,,,,,,,
,,14-Nov-24, 2.089 , 0.400 , 2.149 ,16:00,,,,11:00,,,Placement,-0.10,0.0003,0.00020000,-1.0,0.000715, (36),61,2.0, 72 ,P,,,,,,,,,,,,,,,
,,06-Nov-24, 2.149 , 0.300 , -0.51 ,15:30,,,,10:30,,,Placement,0.10,0.0003,0.00000000,1.0,0.000715, (36),61,2.0, 72 ,P,,,,,,,,,,,,,,,
,,30-Oct-24, -0.51 , 1.500 , 5.474 ,14:30,,,,9:30,,,,,,,,,,,,,,,,,,,,,,,,,,,,
,,23-Oct-24, 5.474 , 0.800 , -2.19 ,14:30,,,,9:30,,,,,,,,,,,,,,,,,,,,,,,,,,,,
,,17-Oct-24, -2.19 , 1.800 , 5.810 ,15:00,,,,10:00,,,,,,,,,,,,,,,,,,,,,,,,,,,,
,12,Event,FOMC Meeting Minutes,,,Asset,Description,,,IST Time,MT5 server time,x,Investment,Size,atr,spread,factor,VU,sl,margin,RRR,R,Notes,Notes,,,,,,,,,,,,,,
,,Actual:,,,,XAGUSD.sd,"The Federal Open Market Committee (FOMC) Meeting Minutes are a detailed record of the committee's policy-setting meeting held about three weeks earlier. The minutes offer detailed insights regarding the FOMC's stance on monetary policy, so currency traders carefully examine them for clues regarding the outcome of future interest rate decisions.

Historical impact on Assets: USDJPY | EURUSD",,,,FOMC Meeting Minutes,,on chart,0.1,0.027,0.01600000,,0.0565,-13.31,91.8,2, 27 ,,,,,,,,,,,,,,,,
,,Forecast:,,,,XAGUSD.sd,,,,,,,,,,,,,,,,,,,,,,,,,,,,,,,,
,,Previous:,,,,,,,,,,,Hist 1,0.1,0.04050,0.01700000,1,0.07775, (18),61,3.27, 60 ,,4.435,,,,,,,,,,,,,,
,,Time (GMT):,19:00,,,14:00,,,,0:30,21:00,,Hist 2,0.1,0.02527,0.01700000,1,0.0549, (13),61, 2.2 , 29 ,,,,,,,,,,,,,,,,
,,Release Date,Actual,Forecast,Previous,Time,,,,Time ET,,,,,,,,,,,,,,,,,,,,,,,,,,,,
,,09-Oct-24,,  ,,13:00,,,,,,,,,,,,,,,,,,,,,,,,,,,,,,,,
,,21-Aug-24,,  ,,13:00,,,,,,,Placement,0.1,0.0329,0.01700000,1,0.066325, (16),61,2, 31 ,,,,,,,,,,,,,,,,
,,03-Jul-24,,  ,,13:00,,,,,,,,,,,,,,,,,,,,,,,,,,,,,,,,
,,22-May-24,,  ,,13:00,,,,,,,,,,,,,,,,,,,,,,,,,,,,,,,,
,,10-Apr-24,,  ,,13:00,,,,,,,,,,,,,,,,,,,,,,,,,,,,,,,,
,,21-Feb-24,,  ,,14:00,,,,,,,,,,,,,,,,,,,,,,,,,,,,,,,,
,12,Event,German CPI (MoM) (Nov) P,,,Asset,Description,,,IST Time,MT5 server time,x,Investment,Size,atr,spread,factor,VU,sl,margin,RRR,R,Notes,Notes,,,,,,,,,,,,,,
,,Actual:,,,,C:EURJPY,"The Consumer Price Index (CPI) measures the change in the prices of goods and services from the perspective of the consumer. As Germany has the largest output of any country in the euro-zone, the European Central bank pays very close attention to this figure in its role of maintaining price stability.

A reading that is stronger than forecast is generally supportive (bullish) for the EUR, while a weaker than forecast reading is generally negative (bearish) for the EUR.

Historical impact on Assets: EURJPY | EURUSD ",,,,German CPI (MoM) (Nov) P,,on chart,0.1,0.049,0.01500000,0,0.059,-21.14,60.5,2,,,,,,,,,,,,,,,,,
,,Forecast:,,,,EURJPY.sd,,,,,,,,,,,,,,,,,,,,,,,,,,,,,,,,
,,Previous:,0.40%,,,,,,,,,,Hist 1,0.1,0.09140,0.02000000,1.0,0.1571, (56),61,7.02, 395 ,,,,,,,,,,,,,,,,
,,Time (GMT):,13:00,,,8:00,,,,18:30,15:00,,Hist 2,0.1,0.05673,0.02000000,1.0,0.1051, (38),61, 2.3 , 87 ,,,,,,,,,,,,,,,,
,,Release Date,Actual,Forecast,Previous,Time,,,,Time ET,,,,,,,,,,,,,,,,,,,,,,,,,,,,
,,12-Nov-24,0.4%,0.4% ,0.0%,7:00,,,,12:30,7:00,,,,,,,,,,,,,,,,,,,,,,,,,,,
,,30-Oct-24,0.4%,0.2% ,0.0%,13:00,,,,18:30,13:00,,Placement,0.05,0.0657,0.02000000,1.5,0.118566667, (32),30,2.0, 64 ,,,,,,,,,,,,,,,,
,,11-Oct-24,0.0%,0.0% ,-0.1%,6:00,,,,11:30,6:00,,,,,,,,,,,,,,,,,,,,,,,,,,,
,,30-Sep-24,0.0%,0.1% ,-0.1%,12:00,,,,17:30,12:00,,,,,,,,,,,,,,,,,,,,,,,,,,,
,,10-Sep-24,-0.1%,-0.1% ,0.3%,6:00,,,,11:30,6:00,,,,,,,,,,,,,,,,,,,,,,,,,,,
,,29-Aug-24,-0.1%,0.0% ,0.3%,12:00,,,,17:30,12:00,,,,,,,,,,,,,,,,,,,,,,,,,,,
,13,Event,CHF GDP (QoQ) (Q3),,,Asset,Description,,,IST Time,MT5 server time,x,Investment,Size,atr,spread,factor,VU,sl,margin,RRR,R,Notes,Notes,,,,,,,,,,,,,,
,,Actual:,,,,C:CHFUSD,"Switzerland's economy expanded by 1.8% in the second quarter, but a slowdown in growth could further suppress inflation, which dropped from 0.8% in September to 0.6% in October. This trend could prompt the Swiss National Bank to consider additional interest rate cuts. 

Markets have already priced in a 25-basis-point cut by the Swiss National Bank. However, weak growth may lead to expectations of a more aggresive 50-basis-point reduction, potentially boosting Swiss index prices. 

Historical impact on Assets: Swiss Market Index | CHFJPY",,,,CHF GDP (QoQ) (Q3),,on chart,0.1,0.049,0.02800000,0,0.048,-26.23,91.8,2,,,,,,,,,,,,,,,,,
,,Forecast:,,,,CHFUSD.sd,,,,,,,,,,,,,,,,,,,,,,,,,,,,,,,,
,,Previous:,0.70%,,,,,,,,,,Hist 1,0.02,0.13020,0.02900000,1.0,0.2243, (25),12,3, 74 ,,,,,,,,,,,,,,,,
,,Time (GMT):,8:00,,,3:00,,,,13:30,10:00,,Hist 2,0.02,0.09747,0.02900000,1.0,0.1752, (19),12, 2.5 , 47 ,,,,,,,,,,,,,,,,
,,Release Date,Actual,Forecast,Previous,Time,,,,Time ET,,,,,,,,,,,,,,,,,,,,,,,,,,,,
,,03-Sep-24,0.7%,0.5% ,0.5%,7:00,,,,2:00,,,,,,,,,,,,,,,,,,,,,,,,,,,,
,,30-May-24,0.5%,0.3% ,0.3%,7:00,,,,2:00,,,Placement,0.02,0.1138,0.02900000,1.0,0.19975, (22),12,2.0, 44 ,,,,,,,,,,,,,,,,
,,29-Feb-24,0.3%,0.1% ,0.3%,8:00,,,,3:00,,,Placement,0.02,0.1138,0.02900000,1.0,0.19975, (22),12,2.0, 44 ,,,,,,,,,,,,,,,,
,,01-Dec-23,0.3%,0.1% ,-0.1%,8:00,,,,3:00,,,,,,,,,,,,,,,,,,,,,,,,,,,,
,,04-Sep-23,0.0%,0.1% ,0.3%,7:00,,,,2:00,,,,,,,,,,,,,,,,,,,,,,,,,,,,
,,30-May-23,0.3%,0.1% ,0.0%,7:00,,,,2:00,,,,,,,,,,,,,,,,,,,,,,,,,,,,
,13,Event,EUR CPI (YoY) (Nov) P,,,Asset,Description,,,IST Time,MT5 server time,x,Investment,Size,atr,spread,factor,VU,sl,margin,RRR,R,Notes,Notes,,,,,,,,,,,,,,
,,Actual:,,,,C:EURUSD,"The Consumer Price Index (CPI) measures the change in the prices of goods and services contained in a basket of consumer items. The Central bank pays very close attention to this figure in its role of maintaining price stability.

A reading that is stronger than forecast is generally supportive (bullish) for the EUR, while a weaker than forecast reading is generally negative (bearish) for the EUR.

Historical impact on Assets: EURJPY | EURUSD ",,,,EUR CPI (YoY) (Nov) P,,on chart,0.1,0.00027,0.00015000,1,0.000555,-19.69,91.8,2,,,,,,,,,,,,,,,,,
,,Forecast:,,,,EURUSD.sd,,,,,,,,,,,,,,,,,,,,,,,,,,,,,,,,
,,Previous:,2.00%,,,,,,,,,,Hist 1,0.1,0.00050,0.00013000,1.0,0.00088, (31),61,2.45, 76 ,,,,,,,,,,,,,,,,
,,Time (GMT):,10:00,,,5:00,,,,15:30,12:00,,Hist 2,0.1,0.00031,0.00013000,1.0,0.0006, (21),61, 2.1 , 45 ,,,,,,,,,,,,,,,,
,,Release Date,Actual,Forecast,Previous,Time,,,,,,,,,,,,,,,,,,,,,,,,,,,,,,,,
,,19-Nov-24,2.00%,2.0% ,2.00%,10:00,,,,5:00,,,,,,,,,,,,,,,,,,,,,,,,,,,,
,,31-Oct-24,2.00%,1.9% ,1.70%,10:00,,,,5:00,,,Placement,0.08,0.0004,0.00013000,1.0,0.0006, (17),48,2.0, 34 ,P,,,,,,,,,,,,,,,
,,17-Oct-24,1.70%,1.8% ,2.20%,9:00,,,,4:00,,,Placement,-0.08,0.0004,0.00013000,-1.0,0.0006, (17),48,2.0, 34 ,P,,,,,,,,,,,,,,,
,,01-Oct-24,1.80%,1.8% ,2.20%,9:00,,,,4:00,,,,,,,,,,,,,,,,,,,,,,,,,,,,
,,18-Sep-24,2.20%,2.2% ,2.60%,9:00,,,,4:00,,,,,,,,,,,,,,,,,,,,,,,,,,,,
,,30-Aug-24,2.20%,2.2% ,2.60%,9:00,,,,4:00,,,,,,,,,,,,,,,,,,,,,,,,,,,,
,14,Event,Chicago PMI (Nov),,,Asset,Description,,,IST Time,MT5 server time,x,Investment,Size,atr,spread,factor,VU,sl,margin,RRR,R,Notes,Notes,,,,,,,,,,,,,,
,,Actual:,,,,C:EURUSD,"The Chicago Purchasing Managers' Index (PMI) is a diffusion index incorporating survey results provided by manufacturing firms around the Chicago area. A reading above fifty suggests the manufacturing sector is expanding, while a reading below fifty suggests the manufacturing sector is in contraction. The Chicago PMI can be of some assistance in forecasting the ISM manufacturing PMI.

A reading that is stronger than forecast is generally supportive (bullish) for the USD, while a weaker than forecast reading is generally negative (bearish) for the USD.

Historical impact on Assets: USDJPY | EURUSD",,,,Chicago PMI (Nov),,on chart,0.1,0.039,0.02100000,,0.0795,-18.99,91.8,,,,,,,,,,,,,,,,,,
,,Forecast:,0.00%,,,EURUSD.sd,,,,,,,,,,,,,,,,,,,,,,,,,,,,,,,,
,,Previous:,4160.00%,,,,,,,,,,Hist 1,0.1,0.07220,0.01500000,1,0.1233, (29),61,4.88, 144 ,,4.435,,,,,,,,,,,,,,
,,Time (GMT):,14:45,,,9:45,,,,20:15,16:45,,Hist 2,0.1,0.04053,0.01500000,0.5,0.0758, (9),61,2.365, 21 ,,,,,,,,,,,,,,,,
,,Release Date,Actual,Forecast,Previous,Time,,,,,,,,,,,,,,,,,,,,,,,,,,,,,,,,
,,31-Oct-24, 41.6 , 46.9  , 46.6 ,13:45,,,,8:45,,,,,,,,,,,,,,,,,,,,,,,,,,,,
,,30-Sep-24, 46.6 , 46.1  , 46.1 ,13:45,,,,8:45,,,Placement,0.25,0.0405,0.01500000,0.5,0.0758, (23),151,2, 45 ,P,,,,,,,,,,,,,,,
,,30-Aug-24, 46.1 , 45.0  , 45.3 ,13:45,,,,8:45,,,Placement,0.25,0.0405,0.01500000,0.5,0.0758, (24),151,2, 47 ,,,,,,,,,,,,,,,,
,,31-Jul-24, 45.3 , 44.8  , 47.4 ,13:45,,,,8:45,,,Final,,,,,, (24),,, 47 ,,,,,,,,,,,,,,,,
,,28-Jun-24, 47.4 , 39.7  , 35.4 ,13:45,,,,8:45,,,,,,,,,,,,,,,,,,,,,,,,,,,,
,,31-May-24, 35.4 , 41.1  , 37.9 ,13:45,,,,8:45,,,,,,,,,,,,,,,,,,,,,,,,,,,,
,15,Event,Manufacturing PMI (Nov),,,Asset,Description,,,IST Time,MT5 server time,x,Investment,Size,atr,spread,factor,VU,sl,margin,RRR,R,Notes,Notes,,,,,,,,,,,,,,
,,Actual:,,,,C:USDCNY,"China Manufacturing Purchasing Managers Index (PMI) provides an early indication each month of economic activities in the Chinese manufacturing sector. It is compiled by China Federation of Logistics & Purchasing (CFLP) and China Logistics Information Centre (CLIC), based on data collected by the National Bureau of Statistics (NBS).Li & Fung Research Centre is responsible for drafting and disseminating the English PMI report. Every month questionnaires are sent to over 700 manufacturing enterprises all over China. The data presented here is compiled from the enterprises responses about their purchasing activities and supply situations. The PMI should be compared to other economic data sources when used in decision-making.
A reading that is stronger than forecast is generally supportive (bullish) for the CNY , while a weaker than forecast reading is generally negative (bearish) for the CNY.

Historical impact on Assets: USDCNH ",,,,Manufacturing PMI (Nov),,on chart,0.1,0.027,0.01600000,,0.0565,-13.31,91.8,2, 27 ,,,,,,,,,,,,,,,,
,,Forecast:,,,,USDCNY.sd,,,,,,,,,,,,,,,,,,,,,,,,,,,,,,,,
,,Previous:, 50.1 ,,,,,,,,,,Hist 1,0.1,0.07640,0.01700000,1,0.1316, (31),61, 4.4 , 135 ,,4.435,,,,,,,,,,,,,,
,,Time (GMT):,1:30,,,20:30,,,,7:00,3:30,,Hist 2,0.1,0.06680,0.01700000,1.5,0.1172, (41),61, 5.9 , 245 ,,,,,,,,,,,,,,,,
,,Release Date,Actual,Forecast,Previous,Time,,,,,,,,,,,,,,,,,,,,,,,,,,,,,,,,
,,30-Oct-24, 50.1 , 49.8  , 49.8 ,1:30,,,,20:30,,,,,,,,,,,,,,,,,,,,,,,,,,,,
,,29-Sep-24, 49.8 , 49.4  , 49.1 ,1:30,,,,20:30,,,Placement,0.06,0.0716,0.01700000,2,0.1244, (35),36, 4.0 , 141 ,,,,,,,,,,,,,,,,
,,30-Aug-24, 49.1 , 49.5  , 49.4 ,1:30,,,,20:30,,,Placement,0.06,0.0716,0.01700000,2,0.1244, (35),36, 4.0 , 141 ,,,,,,,,,,,,,,,,
,,30-Jul-24, 49.4 , 49.4  , 49.5 ,1:30,,,,20:30,,,Final,,,,,,,,,,,,,,,,,,,,,,,,,
,,29-Jun-24, 49.5 , 49.5  , 49.5 ,1:30,,,,20:30,,,,,,,,,,,,,,,,,,,,,,,,,,,,
,,30-May-24, 49.5 , 50.5  , 50.4 ,1:30,,,,20:30,,,,,,,,,,,,,,,,,,,,,,,,,,,,
x,1,Event,JPY GDP (QoQ) (Q3),,,Asset,Description,,,IST Time,MT5 server time,x,Investment,Size,atr,spread,factor,VU,sl,margin,RRR,R,Notes,Notes,,,,,,,,,,,,,,
,,Actual:,,,,C:USDJPY,"Gross Domestic Product (GDP) measures the change in the inflation-adjusted value of all goods and services produced by the economy. It is the broadest measure of economic activity and the primary indicator of the economy's health.

A reading that is stronger than forecast is generally supportive (bullish) for the JPY, while a weaker than forecast reading is generally negative (bearish) for the JPY.

Historical impact on Assets: USDJPY ",,,,JPY GDP (QoQ) (Q3),,on chart,0.1,0.036,0.02200000,,0.076,-20.06,60.5,2, 40 ,,,,,,,,,,,,,,,,
,,Forecast:,0.2%,,,USDJPY.sd,,,,,,,,,,,,,,,,,,,,,,,,,,,,,,,,
,,Previous:,0.2%,,,,,,,,,,Hist 1,0.1,0.09270,0.02600000,1,0.16505, (44),61,4.89, 213 ,,,,,,,,,,,,,,,,
,,Time (GMT):,23:50,,,,,,,5:20,1:50,,Hist 2,0.1,0.05873,0.02600000,1,0.1141, (30),61,2, 60 ,,,,,,,,,,,,,,,,
,,Release Date,Actual,Forecast,Previous,Time,,,,Time IST,,,,,,,,,,,,,,,,,,,,,,,,,,,,
,,30-Oct-24,0.1%,0.3% ,0.7%,23:50,,,,,,,,,,,,,,,,,,,,,,,,,,,,,,,,
,,30-Sep-24,0.7%,0.4% ,0.1%,23:50,,,,,,,Placement,0.05,0.0757,0.02600000,1,0.139575, (18),30,1.5, 28 ,,,,,,,,,,,,,,,,
,,29-Aug-24,0.0%,0.3% ,0.5%,23:50,,,,,,,Placement,-0.05,0.0757,0.02600000,-1,0.139575, (18),-30,1.5, 28 ,,,,,,,,,,,,,,,,
,,30-Jul-24,0.5%,0.2% ,0.6%,23:50,,,,,,,,,,,,,,,,,,,,,,,,,,,,,,,,
,,02-Jul-24,0.6%,0.3% ,0.1%,23:50,,,,,,,,,,,,,,,,,,,,,,,,,,,,,,,,
,,03-Jun-24,0.1%,0.1% ,-0.4%,23:50,,,,,,,,,,,,,,,,,,,,,,,,,,,,,,,,
,1,Event,RBA Interest Rate Decision (Dec),,,Asset,Description,,,IST Time,MT5 server time,x,Investment,Size,atr,spread,factor,VU,sl,margin,RRR,R,Notes,Notes,,,,,,,,,,,,,,
,,Actual:,,,,C:AUDJPY,"Australian inflation rates dropped significantly from 3.8% in Q2 to 2.8% in Q3, increasing the likelihood that the RBA may consider reducing rates to levels that neither hinder nor overly stimulate economic growth. 

Bloomberg forecasts suggest that the RBA could hold interest rates steady at this meeting. Attention will then shift to the central bank governor’s press conference, where hints about future monetary policy could emerge. Any indication that rate cuts are approaching, could weigh on the Australian dollar against major currencies, including the Japanese yen, which is currently buoyed by expectations of a potential rate hike by the Bank of Japan.

Historical impact on Assets: AUDUSD | AUDJPY",,,,RBA Interest Rate Decision (Dec),,on chart,0.1,0.014,0.02300000,,0.044,-10.93,60.5,2, 22 ,,,,,,,,,,,,,,,,
,,Forecast:, 0.04 ,,,AUDJPY.sd,,,,,,,,,,,,,,,,,,,,,,,,,,,,,,,,
,,Previous:, 0.04 ,,,,,,,,,,Hist 1,0.1,0.06470,0.05100000,1,0.14805, (37),61,4.26, 157 ,,,,,,,,,,,,,,,,
,,Time (GMT):,4:30,,,,,,,9:00,5:30,,Hist 2,0.1,0.07213,0.05100000,1,0.1592, (40),61,3.07, 121 ,,,,,,,,,,,,,,,,
,,Release Date,Actual,Forecast,Previous,Time,,,,Time IST,,,,,,,,,,,,,,,,,,,,,,,,,,,,
,,22-Nov-24,4880.00%,48.8 ,4850.00%,4:30,,,,3:30,,,,,,,,,,,,,,,,,,,,,,,,,,,,
,,01-Nov-24,4850.00%,47.8 ,4780.00%,5:30,,,,4:30,,,Placement,0.02,0.0684,0.05100000,1.5,0.153625, (11),12,2, 23 ,,,,,,,,,,,,,,,,
,,24-Oct-24,4780.00%,47.5 ,4730.00%,5:30,,,,4:30,,,Placement,-0.02,0.0684,0.05100000,-1.5,0.153625, (11),-12,2, 23 ,,,,,,,,,,,,,,,,
,,01-Oct-24,4730.00%,47.0 ,4790.00%,5:30,,,,4:30,,,,,,,,,,,,,,,,,,,,,,,,,,,,
,,23-Sep-24,4700.00%,48.6 ,4790.00%,5:30,,,,4:30,,,,,,,,,,,,,,,,,,,,,,,,,,,,
,,03-Sep-24,4790.00%,48.0 ,4960.00%,4:30,,,,3:30,,,,,,,,,,,,,,,,,,,,,,,,,,,,
,2,Event,German CPI (MoM) (Nov),,,Asset,Description,,,IST Time,MT5 server time,x,Investment,Size,atr,spread,factor,VU,sl,margin,RRR,R,Notes,Notes,,,,,,,,,,,,,,
,,Actual:,,,,C:EURJPY,"The Consumer Price Index (CPI) measures the change in the prices of goods and services from the perspective of the consumer. As Germany has the largest output of any country in the euro-zone, the European Central bank pays very close attention to this figure in its role of maintaining price stability.A reading that is stronger than forecast is generally supportive (bullish) for the EUR, while a weaker than forecast reading is generally negative (bearish) for the EUR.

Historical impact on Assets: EURUSD | EURJPY",,,,German CPI (MoM) (Nov),,on chart,0.1,0.03,0.01400000,,0.059,-14.72,60.5,2, 29 ,,,,,,,,,,,,,,,,
,,Forecast:, (0.00),,,EURJPY.sd,,,,,,,,,,,,,,,,,,,,,,,,,,,,,,,,
,,Previous:, 0.00 ,,,,,,,,,,Hist 1,0.1,0.05700,0.01800000,1,0.1035, (26),61,4.12, 106 ,,,,,,,,,,,,,,,,
,,Time (GMT):,7:00,,,2:00,,,,12:30,9:00,,Hist 2,0.1,0.06327,0.01800000,1,0.1129, (28),61,2.46, 69 ,,,,,,,,,,,,,,,,
,,Release Date,Actual,Forecast,Previous,Time,,,,Time IST,,,,,,,,,,,,,,,,,,,,,,,,,,,,
,,01-Nov-24, 46.5 , 47.6 , 47.2 ,13:00,,,,19:30,,,,,,,,,,,,,,,,,,,,,,,,,,,,
,,01-Oct-24, 47.2 , 47.6 , 47.2 ,7:00,,,,19:30,,,Placement,0.1,0.0601,0.01800000,1,0.1082, (27),61,2, 54 ,,,,,,,,,,,,,,,,
,,03-Sep-24, 47.2 , 47.5 , 46.8 ,13:00,,,,19:30,,,Placement,0.1,0.0601,0.01800000,1,0.1082, (27),61,2, 54 ,,,,,,,,,,,,,,,,
,,01-Aug-24, 46.8 , 48.8 , 48.5 ,6:00,,,,19:30,,,,,,,,,,,,,,,,,,,,,,,,,,,,
,,01-Jul-24, 48.5 , 49.2 , 48.7 ,12:00,,,,19:30,,,,,,,,,,,,,,,,,,,,,,,,,,,,
,,03-Jun-24, 48.7 , 49.8 , 49.2 ,6:00,,,,19:30,,,,,,,,,,,,,,,,,,,,,,,,,,,,
,3,Event,USD Core CPI (MoM) (Nov),,,Asset,Description,,,IST Time,MT5 server time,x,Investment,Size,atr,spread,factor,VU,sl,margin,RRR,R,Notes,Notes,,,,,,,,,,,,,,
,,Actual:,,,,US500Roll,"Bloomberg expects US inflation levels to rise slightly, from 2.6% in October to 2.7% in November, while core inflation is projected to remain stable at 3.3%.

Despite inflation moving contrary to the Federal Reserve’s targets, markets are pricing in a 75% probability of a 25-basis point rate cut at the next meeting. A lower-than-expected inflation rate, particularly in the core index, could reinforce this expectation and increase the likelihood of further rate cut in March. In this scenario, US stock indices, including the S&P500 – which recently surpassed the 6,000 threshold – could benefit. 

Historical impact on Assets: USDJPY | EURUSD | US500",,,,USD Core CPI (MoM) (Nov),,on chart,0.1,0.025,0.02100000,,0.0585,-14.31,60.5,2, 29 ,,,,,,,,,,,,,,,,
,,Forecast:, 0.00 ,,,US500Roll,,,,,,,,,,,,,,,,,,,,,,,,,,,,,,,,
,,Previous:,0.3%,,,,,,,,,,Hist 1,0.1,0.06810,0.04800000,1,0.15015, (37),61,3.83, 141 ,,,,,,,,,,,,,,,,
,,Time (GMT):,13:30,,,8:30,,,,19:00,15:30,,Hist 2,0.1,0.09780,0.04800000,1,0.1947, (48),61,8.13, 387 ,,,,,,,,,,,,,,,,
,,Release Date,Actual,Forecast,Previous,Time,,,,,,,,,,,,,,,,,,,,,,,,,,,,,,,,
,,01-Nov-24, 54.80 , 49.9  , 48.30 ,13:30,,,,,,,,,,,,,,,,,,,,,,,,,,,,,,,,
,,01-Oct-24, 48.30 , 53.5  , 54.00 ,12:30,,,,,,,Placement,0.1,0.0830,0.04800000,1.5,0.172425, (63),61,2, 127 ,,,,,,,,,,,,,,,,
,,03-Sep-24, 54.00 , 52.1  , 52.90 ,12:30,,,,,,,Placement,0.1,0.0830,0.04800000,1.5,0.172425, (63),61,2, 127 ,,,,,,,,,,,,,,,,
,,01-Aug-24, 52.90 , 51.9  , 52.10 ,12:30,,,,,,,,,,,,,,,,,,,,,,,,,,,,,,,,
,,01-Jul-24, 52.10 , 55.8  , 57.00 ,12:30,,,,,,,,,,,,,,,,,,,,,,,,,,,,,,,,
,,03-Jun-24, 57.00 , 60.0  , 60.90 ,12:30,,,,,,,,,,,,,,,,,,,,,,,,,,,,,,,,
,4,Event,USD CPI (MoM) (Nov),,,Asset,Description,,,IST Time,MT5 server time,x,Investment,Size,atr,spread,factor,VU,sl,margin,RRR,R,Notes,Notes,,,,,,,,,,,,,,
,,Actual:,,,,C:USDJPY,"Bloomberg expects US inflation levels to rise slightly, from 2.6% in October to 2.7% in November, while core inflation is projected to remain stable at 3.3%.

Despite inflation moving contrary to the Federal Reserve’s targets, markets are pricing in a 75% probability of a 25-basis point rate cut at the next meeting. A lower-than-expected inflation rate, particularly in the core index, could reinforce this expectation and increase the likelihood of further rate cut in March. In this scenario, US stock indices, including the S&P500 – which recently surpassed the 6,000 threshold – could benefit. 
Historical impact on Assets: USDJPY | EURUSD | US500",,,,USD CPI (MoM) (Nov),,on chart,0.1,0.034,0.01500000,,0.066,-16.5,60.5,2, 33 ,,,,,,,,,,,,,,,,
,,Forecast:,,,,USDJPY.sd,,,,,,,,,,,,,,,,,,,,,,,,,,,,,,,,
,,Previous:,2.60%,,,,,,,,,,Hist 1,0.06,0.08670,0.01900000,1,0.14905, (22),36,4.58, 102 ,,4.435,,,,,,,,,,,,,,
,,Time (GMT):,13:30,,,8:30,,,,19:00,15:30,,Hist 2,0.06,0.07973,0.01900000,1,0.1386, (21),36,3.37, 70 ,,,,,,,,,,,,,,,,
,,Release Date,Actual,Forecast,Previous,Time,,,,Time IST,,,,,,,,,,,,,,,,,,,,,,,,,,,,
,,29-Oct-24,7.443,7.980,7.861,13:30,,,,19:30,,,,,,,,,,,,,,,,,,,,,,,,,,,,
,,01-Oct-24,8.040,7.640,7.711,12:30,,,,19:30,,,Placement,0.06,0.0832,0.01900000,1,0.143825, (22),36,2, 43 ,,,,,,,,,,,,,,,,
,,04-Sep-24,7.673,8.090,7.910,12:30,,,,19:30,,,Placement,0.06,0.0832,0.01900000,1,0.143825, (22),36,2, 43 ,,,,,,,,,,,,,,,,
,,30-Jul-24,8.184,8.020,8.230,12:30,,,,19:30,,,Final,,,,,,,,,,,,,,,,,,,,,,,,,
,,02-Jul-24,8.140,7.960,7.919,12:30,,,,19:30,,,,,,,,,,,,,,,,,,,,,,,,,,,,
,,04-Jun-24,8.059,8.370,8.355,12:30,,,,19:30,,,,,,,,,,,,,,,,,,,,,,,,,,,,
,5,Event,USD CPI (YoY) (Nov),,,Asset,Description,,,IST Time,MT5 server time,x,Investment,Size,atr,spread,factor,VU,sl,margin,RRR,R,Notes,Notes,,,,,,,,,,,,,,
,,Actual:,,,,US500Roll,"Bloomberg expects US inflation levels to rise slightly, from 2.6% in October to 2.7% in November, while core inflation is projected to remain stable at 3.3%.

Despite inflation moving contrary to the Federal Reserve’s targets, markets are pricing in a 75% probability of a 25-basis point rate cut at the next meeting. A lower-than-expected inflation rate, particularly in the core index, could reinforce this expectation and increase the likelihood of further rate cut in March. In this scenario, US stock indices, including the S&P500 – which recently surpassed the 6,000 threshold – could benefit. 
Historical impact on Assets: USDJPY | EURUSD | US500",,,,USD CPI (YoY) (Nov),,on chart,0.1,0.034,0.01500000,,0.066,-16.5,60.5,2, 33 ,,,,,,,,,,,,,,,,
,,Forecast:,,,,US500Roll,,,,,,,,,,,,,,,,,,,,,,,,,,,,,,,,
,,Previous:,#REF!,,,,,,,,,,Hist 1,0.1,0.05940,0.00070000,1,0.0898, (22),61,4.38, 98 ,,,,,,,,,,,,,,,,
,,Time (GMT):,13:30,,,8:30,,,,19:00,15:30,,Hist 2,0.1,0.07153,0.00070000,1,0.1080, (27),61,8, 216 ,,,,,,,,,,,,,,,,
,,Release Date,Actual,Forecast,Previous,Time,,,,Time IST,,,,,,,,,,,,,,,,,,,,,,,,,,,,
,,30-Oct-24,233,110,159,13:30,,,,17:45,,,,,,,,,,,,,,,,,,,,,,,,,,,,
,,02-Oct-24,143,124,103,12:30,,,,17:45,,,Placement,0.1,0.0655,0.00070000,1,0.0989, (25),61,3, 74 ,,,,,,,,,,,,,,,,
,,05-Sep-24,99,144,111,12:30,,,,17:45,,,Placement,0.1,0.0655,0.00070000,1,0.0989, (25),61,3, 74 ,,,,,,,,,,,,,,,,
,,31-Jul-24,122,147,155,12:30,,,,17:45,,,,,,,,,,,,,,,,,,,,,,,,,,,,
,,03-Jul-24,150,163,157,12:30,,,,17:45,,,,,,,,,,,,,,,,,,,,,,,,,,,,
,,05-Jun-24,152,173,188,12:30,,,,17:45,,,,,,,,,,,,,,,,,,,,,,,,,,,,
,6,Event,BoC Interest Rate Decision,,,Asset,Description,,,IST Time,MT5 server time,x,Investment,Size,atr,spread,factor,VU,sl,margin,RRR,R,Notes,Notes,,,,,,,,,,,,,,
,,Actual:,,,,C:CADJPY,"The Bank of Canada (BOC) publishes its decision on where to set the benchmark interest rate. As short term interest rates are an important determinant of currency valuation, traders watch interest rate changes closely.A reading that is stronger than forecast is generally supportive (bullish) for the CAD, while a weaker than forecast reading is generally negative (bearish) for the CAD.

Historical impact on Assets: CADJPY | USDCAD",,,,BoC Interest Rate Decision,,on chart,0.1,0.04,0.02500000,,0.085,-20.73,60.5,2, 41 ,,,,,,,,,,,,,,,,
,,Forecast:, 0.03 ,,,CADJPY.sd,,,,,,,,,,,,,,,,,,,,,,,,,,,,,,,,
,,Previous:, 0.04 ,,,,,,,,,,Hist 1,0.1,0.06910,0.11800000,1,0.22165, (54),61,0.9, 49 ,,4.435,,,,,,,,,,,,,,
,,Time (GMT):,14:45,,,9:45,,,,20:15,16:45,,Hist 2,0.1,0.07200,0.11800000,1,0.2260, (55),61,1.29, 71 ,,,,,,,,,,,,,,,,
,,Release Date,Actual,Forecast,Previous,Time,,,,Time IST,,,,,,,,,,,,,,,,,,,,,,,,,,,,
,,22-Nov-24,5700.00%,55.2 ,5500.00%,13:45,,,,,,,,,,,,,,,,,,,,,,,,,,,,,,,,
,,05-Nov-24,5500.00%,55.3 ,5520.00%,13:45,,,,,,,Placement,0.05,0.0706,0.11800000,-1,0.223825, (27),30,2, 55 ,,,,,,,,,,,,,,,,
,,24-Oct-24,5530.00%,55.0 ,5520.00%,13:45,,,,,,,Placement,0.05,0.0706,0.11800000,1,0.223825, (27),30,2, 55 ,,,,,,,,,,,,,,,,
,,03-Oct-24,5520.00%,55.4 ,5570.00%,13:45,,,,,,,Final,,,,,,,,,,,,,,,,,,,,,,,,,
,,23-Sep-24,5540.00%,55.3 ,5570.00%,13:45,,,,,,,,,,,,,,,,,,,,,,,,,,,,,,,,
,,05-Sep-24,5570.00%,55.2 ,5500.00%,14:45,,,,,,,,,,,,,,,,,,,,,,,,,,,,,,,,
,7,Event,Crude Oil Inventories,,,Asset,Description,,,IST Time,MT5 server time,x,Investment,Size,atr,spread,factor,VU,sl,margin,RRR,R,Notes,Notes,,,,,,,,,,,,,,
,,Actual:,,,,USOILRoll,"The Energy Information Administration's (EIA) Crude Oil Inventories measures the weekly change in the number of barrels of commercial crude oil held by US firms. The level of inventories influences the price of petroleum products, which can have an impact on inflation.If the increase in crude inventories is more than expected, it implies weaker demand and is bearish for crude prices. The same can be said if a decline in inventories is less than expected.If the increase in crude is less than expected, it implies greater demand and is bullish for crude prices. The same can be said if a decline in inventories is more than expected.

Historical impact on Assets: GBPJPY | GBPUSD",,,,Crude Oil Inventories,,on chart,0.1,0.034,0.01500000,,0.066,-16.5,60.5,2, 33 ,,,,,,,,,,,,,,,,
,,Forecast:,,,,USOILRoll,,,,,,,,,,,,,,,,,,,,,,,,,,,,,,,,
,,Previous:, -5.073M ,,,,,,,,,,Hist 1,0.1,0.06880,0.01700000,1.0,0.1202, (30),61,2.3, 69 ,,,,,,,,,,,,,,,,
,,Time (GMT):,15:30,,,10:30,,,,21:00,17:30,,Hist 2,0.1,0.10173,0.01700000,1.0,0.1696, (42),61, 4.0 , 170 ,,,,,,,,,,,,,,,,
,,Release Date,Actual,Forecast,Previous,Time,,,,Time IST,,,,,,,,,,,,,,,,,,,,,,,,,,,,
,,05-Nov-24, 56 , 53.8 , 54.9 ,17:30,,,,,,,,,,,,,,,,,,,,,,,,,,,,,,,,
,,03-Oct-24, 54.9 , 51.7 , 51.5 ,17:30,,,,,,,Placement,0.06,0.0853,0.01700000,-1.5,0.1449, 33 ,36,2, (65),,,,,,,,,,,,,,,,
,,05-Sep-24, 51.5 , 51.3 , 51.4 ,17:30,,,,,,,Placement,0.06,0.0853,0.01700000,1.5,0.1449, (32),36,2, 64 ,,,,,,,,,,,,,,,,
,,05-Aug-24, 51.4 , 51.4 , 48.8 ,18:00,,,,,,,,,,,,,,,,,,,,,,,,,,,,,,,,
,,03-Jul-24, 48.8 , 52.6 , 53.8 ,17:30,,,,,,,,,,,,,,,,,,,,,,,,,,,,,,,,
,,05-Jun-24, 53.8 , 51.0 , 49.4 ,16:30,,,,,,,,,,,,,,,,,,,,,,,,,,,,,,,,
,8,Event,10-Year Note Auction,,,Asset,Description,,,IST Time,MT5 server time,x,Investment,Size,atr,spread,factor,VU,sl,margin,RRR,R,Notes,Notes,,,,,,,,,,,,,,
,,Actual:,,,,C:USDJPY,"The figures displayed in the calendar represent the yield on the Treasury Note auctioned.U.S. Treasury Notes have maturities of two to ten years. Governments issue treasuries to borrow money to cover the gap between the amount they receive in taxes and the amount they spend to refinance existing debt and/or to raise capital. The rate on a Treasury Note represents the return an investor will receive by holding the note for its entire duration. All bidders receive the same rate at the highest accepted bid.Yield fluctuations should be monitored closely as an indicator of the government debt situation. Investors compare the average rate at auction to the rate at previous auctions of the same security.

Historical impact on Assets: CHFJPY | USDCHF",,,,,,on chart,0.1,0.039,0.01700000,,0.0755,-17.67,60.23,,,,,,,,,,,,,,,,,,
,,Forecast:, -   ,,,USDJPY.sd,,,,,,,,,,,,,,,,,,,,,,,,,,,,,,,,
,,Previous:, 0.04 ,,,,,,,,,,Hist 1,0.1,0.03910,0.01400000,1.0,0.07265, (17),61,4.29, 73 ,,,,,,,,,,,,,,,,
,,Time (GMT):,18:00,,,,,,,23:30,20:00,,Hist 2,0.1,0.04993,0.01400000,1.0,0.0889, (21),61, 4.9 , 102 ,,,,,,,,,,,,,,,,
,,Release Date,Actual,Forecast,Previous,Time,,,,Time IST,,,,,,,,,,,,,,,,,,,,,,,,,,,,
,,05-Nov-24, 58.1 , 58.0 , 59.4 ,18:00,,,,20:30,,,,,,,,,,,,,,,,,,,,,,,,,,,,
,,03-Oct-24, 59.4 , 56.3 , 57.3 ,17:00,,,,19:30,,,Placement,0.1,0.0499,0.01400000,1.0,0.0889, (21),61,2.0, 42 ,,,,,,,,,,,,,,,,
,,05-Sep-24, 57.3 , 56.0 , 57 ,17:00,,,,19:30,,,Placement,0.1,0.0499,0.01400000,1.0,0.0889, (21),61,2.0, 42 ,,,,,,,,,,,,,,,,
,,05-Aug-24, 57 , 56.0 , 56.3 ,17:00,,,,19:30,,,,,,,,,,,,,,,,,,,,,,,,,,,,
,,03-Jul-24, 56.3 , 56.7 , 58.1 ,17:00,,,,19:30,,,,,,,,,,,,,,,,,,,,,,,,,,,,
,,05-Jun-24, 58.1 , 59.0 , 59.2 ,17:00,,,,19:30,,,,,,,,,,,,,,,,,,,,,,,,,,,,
,9,Event,SNB Interest Rate Decision (Q4),,,Asset,Description,,,IST Time,MT5 server time,x,Investment,Size,atr,spread,factor,VU,sl,margin,RRR,R,Notes,Notes,,,,,,,,,,,,,,
,,Actual:,,,,C:CHFJPY,"Swiss National Bank (SNB) governing board members come to a consensus on where to set the target range for the rate. Traders watch interest rate changes closely as short term interest rates are the primary factor in currency valuation.A reading that is stronger than forecast is generally supportive (bullish) for the CHF, while a weaker than forecast reading is generally negative (bearish) for the CHF.

Historical impact on Assets: CHFJPY | USDCHF",,,,SNB Interest Rate Decision (Q4),,on chart,0.1,0.022,0.03000000,,0.063,-15.02,99.37,,,,,,,,,,,,,,,,,,
,,Forecast:,,,,CHFJPY.sd,,,,,,,,,,,,,,,,,,,,,,,,,,,,,,,,
,,Previous:,1.00%,,,,,,,,,,Hist 1,0.1,0.06410,0.03000000,1.0,0.12615, (30),61,2.39, 72 ,,,,,,,,,,,,,,,,
,,Time (GMT):,15:30,,,,,,,21:00,17:30,,Hist 2,0.1,0.07607,0.03000000,1.0,0.1441, (34),61, 2.1 , 71 ,,,,,,,,,,,,,,,,
,,Release Date,Actual,Forecast,Previous,Time,,,,Time IST,,,,,,,,,,,,,,,,,,,,,,,,,,,,
,,27-Nov-24,-1.84,-1.30,0.545,7:30,,,,,,,,,,,,,,,,,,,,,,,,,,,,,,,,
,,20-Nov-24,0.545,0.400,2.089,7:30,,,,,,,Placement,0.1,0.0761,0.03000000,1.0,0.1441, (34),61,2.1, 71 ,,,,,,,,,,,,,,,,
,,14-Nov-24,2.089,0.400,2.149,8:30,,,,,,,,,,,,,,,,,,,,,,,,,,,,,,,,
,,06-Nov-24,2.149,0.300,-0.51,8:30,,,,,,,,,,,,,,,,,,,,,,,,,,,,,,,,
,,30-Oct-24,-0.51,1.500,5.474,7:30,,,,,,,,,,,,,,,,,,,,,,,,,,,,,,,,
,,23-Oct-24,5.474,0.800,-2.19,7:30,,,,,,,,,,,,,,,,,,,,,,,,,,,,,,,,
,10,Event,EUR Deposit Facility Rate (Dec),,,Asset,Description,,,IST Time,MT5 server time,x,Investment,Size,atr,spread,factor,VU,sl,margin,RRR,R,Notes,Notes,,,,,,,,,,,,,,
,,Actual:,,,,C:EURJPY,"Bloomberg anticipates a 25-basis point rate cut, from 3.40% to 3.15%, to align with neutral levels suggested by some ECB board members as being between 2% and 3%. 

While overall European inflation has risen from 1.7% in September to 2.3% in November, core inflation has remained steady at 2.7% since September. Markets expect the ECB to continue its rate cuts, pricing in three reductions over the next three meetings. 

Investors will also closely watch the ECB President, Christine Lagarde’s press conference for hints about the potential end of the rate-cutting cycle. Such signals could boost the euro while negatively impacting European stock indices like ESTOX, DAX 

Historical impact on Assets: EURJPY | EURUSD | ESTOX | DE40Roll",,,,EUR Deposit Facility Rate (Dec),,on chart,0.1,0.034,0.03500000,,0.086,-20.67,91.8,2, 41 ,,,,,,,,,,,,,,,,
,,Forecast:,,,,EURJPY.sd,,,,,,,,,,,,,,,,,,,,,,,,,,,,,,,,
,,Previous:,0.0%,,,,,,,,,,Hist 1,0.1,0.06090,0.03000000,1,0.12135, (29),61,5.11, 149 ,,4.435,,,,,,,,,,,,,,
,,Time (GMT):,15:30,,,,,,,21:00,17:30,,Hist 2,0.1,0.07087,0.03000000,1,0.1363, (33),61, 2.9 , 94 ,,,,,,,,,,,,,,,,
,,Release Date,Actual,Forecast,Previous,Time,,,,Time IST,,,,,,,,,,,,,,,,,,,,,,,,,,,,
,,14-Nov-24,0.00%,0.00%,0.00%,12:15,,,,,,,,,,,,,,,,,,,,,,,,,,,,,,,,
,,30-Sep-24,0.00%,0.00%,0.00%,12:15,,,,,,,Placement,0.05,0.0659,0.03000000,1.5,0.128825, (23),30,1, 23 ,,,,,,,,,,,,,,,,
,,26-Sep-24,0.00%,0.00%,0.00%,12:15,,,,,,,Placement,0.05,0.0709,0.03000000,1.5,0.1363, (25),30,1, 25 ,,,,,,,,,,,,,,,,
,,23-Aug-24,0.00%,0.00%,0.00%,12:15,,,,,,,,,,,,,,,,,,,,,,,,,,,,,,,,
,,15-Jul-24,0.00%,0.00%,0.00%,12:15,,,,,,,,,,,,,,,,,,,,,,,,,,,,,,,,
,,02-Jul-24,0.00%,0.00%,0.00%,13:15,,,,,,,,,,,,,,,,,,,,,,,,,,,,,,,,
,11,Event,ECB Interest Rate Decision (Dec),,,Asset,Description,,,IST Time,MT5 server time,x,Investment,Size,atr,spread,factor,VU,sl,margin,RRR,R,Notes,Notes,,,,,,,,,,,,,,
,,Actual:,,,,C:EURJPY,"Bloomberg anticipates a 25-basis point rate cut, from 3.40% to 3.15%, to align with neutral levels suggested by some ECB board members as being between 2% and 3%. 

While overall European inflation has risen from 1.7% in September to 2.3% in November, core inflation has remained steady at 2.7% since September. Markets expect the ECB to continue its rate cuts, pricing in three reductions over the next three meetings. 

Investors will also closely watch the ECB President, Christine Lagarde’s press conference for hints about the potential end of the rate-cutting cycle. Such signals could boost the euro while negatively impacting European stock indices like ESTOX, DAX 

Historical impact on Assets: EURJPY | EURUSD | ESTOX | DE40Roll",,,,ECB Interest Rate Decision (Dec),,on chart,0.1,0.034,0.01500000,,0.066,-16.5,60.5,2, 33 ,,,,,,,,,,,,,,,,
,,Forecast:,,,,EURJPY.sd,,,,,,,,,,,,,,,,,,,,,,,,,,,,,,,,
,,Previous:,3.40%,,,,,,,,,,Hist 1,0.1,0.05666,0.01900000,1,0.10399, (26),61,5.7, 148 ,,,,,,,,,,,,,,,,
,,Time (GMT):,13:15,,,,,,,18:45,15:15,,Hist 2,0.1,0.06253,0.01900000,1,0.1128, (28),61, 3.6 , 102 ,,,,,,,,,,,,,,,,
,,Release Date,Actual,Forecast,Previous,Time,,,,Time IST,,,,,,,,,,,,,,,,,,,,,,,,,,,,
,,27-Nov-24, 213 , 215 , 215 ,12:15,,,,,,,,,,,,,,,,,,,,,,,,,,,,,,,,
,,21-Nov-24, 213 , 220 , 219 ,12:15,,,,,,,Placement,-0.1,0.0511,0.01900000,-1,0.095596667, (24),61,2, 48 ,P,,,,,,,,,,,,,,,
,,14-Nov-24, 217 , 224 , 221 ,12:15,,,,,,,Placement,0.10,0.0511,0.00000000,1.0,0.095596667, (24),61,2.0, 48 ,P,,,,,,,,,,,,,,,
,,07-Nov-24, 221 , 223 , 218 ,12:15,,,,,,,,,,,,,,,,,,,,,,,,,,,,,,,,
,,31-Oct-24, 216 , 229 , 228 ,12:15,,,,,,,,,,,,,,,,,,,,,,,,,,,,,,,,
,,24-Oct-24, 227 , 243 , 242 ,13:15,,,,,,,,,,,,,,,,,,,,,,,,,,,,,,,,
,12,Event,Initial Jobless Claims,,,Asset,Description,,,IST Time,MT5 server time,x,Investment,Size,atr,spread,factor,VU,sl,margin,RRR,R,Notes,Notes,,,,,,,,,,,,,,
,,Actual:,,,,C:USDJPY,"Initial Jobless Claims measures the number of people who filed for unemployment insurance for the first time during the past week. This is the most timely U.S. economic data, but the market impact varies from week to week.A reading that is higher than forecast is generally negative (bearish) for the USD, while a lower than forecast reading is generally supportive (bullish) for the USD.

Historical impact on Assets: USDJPY | EURUSD",,,,Initial Jobless Claims,,on chart,0.1,0.035,0.03500000,1,0.059,-21.24,60.5,2,,,,,,,,,,,,,,,,,
,,Forecast:,,,,USDJPY.sd,,,,,,,,,,,,,,,,,,,,,,,,,,,,,,,,
,,Previous:,224K,,,,,,,,,,Hist 1,0.1,0.06450,0.03000,1,0.12675, (46),61,3.53, 161 ,,,,,,,,,,,,,,,,
,,Time (GMT):,13:30,,,8:30,,,,19:00,15:30,,Hist 2,0.1,0.06233,0.03000000,1,0.1235, (44),61, 1.8 , 79 ,,,,,,,,,,,,,,,,
,,Release Date,Actual,Forecast,Previous,Time,,,,Time IST,,,,,,,,,,,,,,,,,,,,,,,,,,,,
,,14-Nov-24,0.4%,0.4% ,0.4%,13:30,,,,,,,,,,,,,,,,,,,,,,,,,,,,,,,,
,,30-Oct-24,0.4%,0.2% ,0.2%,13:30,,,,,,,Placement,-0.05,0.0539,0.03000000,-1,0.110916667, (20),30,2, 40 ,P,,,,,,,,,,,,,,,
,,06-Sep-24,0.2%,0.3% ,0.3%,13:30,,,,,,,Placement,0.05,0.0539,0.00000000,1.0,0.110916667, (20),30,2.0, 40 ,P,,,,,,,,,,,,,,,
,,14-Aug-24,0.3%,0.3% ,0.3%,13:30,,,,,,,,,,,,,,,,,,,,,,,,,,,,,,,,
,,30-Jul-24,0.3%,0.2% ,0.3%,13:30,,,,,,,,,,,,,,,,,,,,,,,,,,,,,,,,
,,07-Jun-24,0.3%,0.3% ,0.0%,12:30,,,,,,,,,,,,,,,,,,,,,,,,,,,,,,,,
,12,Event,USD PPI (MoM) (Nov),,,Asset,Description,,,IST Time,MT5 server time,x,Investment,Size,atr,spread,factor,VU,sl,margin,RRR,R,Notes,Notes,,,,,,,,,,,,,,
,,Actual:,,,,C:USDJPY,"The Producer Price Index (PPI) measures a change in input prices of raw, semi-finished or finished goods and services. If input costs rise, some will be absorbed by the producer and some passed on to the consumer. Conversely, if input costs fall, some of the decline will be enjoyed as wider profit margins by the producer and some will be passed on to the consumer in the form of lower prices. Because PPI impacts consumer prices, it is watched by central bankers as part of fulfilling their mandate of price stability.A reading that is stronger than forecast is generally supportive (bullish) for the USD, while a weaker than forecast reading is generally negative (bearish) for the USD.

Historical impact on Assets: USDJPY | EURUSD",,,,USD PPI (MoM) (Nov),,on chart,0.1,0.027,0.01600000,,0.0565,-13.31,91.8,2, 27 ,,,,,,,,,,,,,,,,
,,Forecast:,,,,USDJPY.sd,,,,,,,,,,,,,,,,,,,,,,,,,,,,,,,,
,,Previous:,,,,,,,,,,,Hist 1,0.1,0.04050,0.01700000,1,0.07775, (18),61,3.27, 60 ,,4.435,,,,,,,,,,,,,,
,,Time (GMT):,13:30,,,8:30,,,,19:00,15:30,,Hist 2,0.1,0.02527,0.01700000,1,0.0549, (13),61, 2.2 , 29 ,,,,,,,,,,,,,,,,
,,Release Date,Actual,Forecast,Previous,Time,,,,Time IST,,,,,,,,,,,,,,,,,,,,,,,,,,,,
,,01-Nov-24,0.40%,0.3% ,0.30%,12:30,,,,18:00,,,,,,,,,,,,,,,,,,,,,,,,,,,,
,,04-Oct-24,0.40%,0.3% ,0.50%,12:30,,,,18:00,,,Placement,0.1,0.0329,0.01700000,1,0.066325, (16),61,2, 31 ,,,,,,,,,,,,,,,,
,,06-Sep-24,0.40%,0.3% ,0.00%,12:30,,,,18:00,,,,,,,,,,,,,,,,,,,,,,,,,,,,
,,02-Aug-24,0.20%,0.3% ,0.30%,12:30,,,,18:00,,,,,,,,,,,,,,,,,,,,,,,,,,,,
,,05-Jul-24,0.30%,0.3% ,0.40%,12:30,,,,18:00,,,,,,,,,,,,,,,,,,,,,,,,,,,,
,,07-Jun-24,0.40%,0.3% ,0.20%,12:30,,,,18:00,,,,,,,,,,,,,,,,,,,,,,,,,,,,
,,Event,USD 30-Year Bond Auction,,,Asset,Description,,,IST Time,MT5 server time,,,,,,,,,,,,,,,,,,,,,,,,,,,
,,Actual:,,,,C:USDJPY,"The figures displayed in the calendar represent the yield on the Treasury Bond auctioned.

U.S. Treasury Bonds have maturities from ten up to 30 years. Governments issue treasuries to borrow money to cover the gap between the amount they receive in taxes and the amount they spend to refinance existing debt and/or to raise capital. The rate on a Treasury Bond represents the return an investor will receive by holding the bond for its entire duration. All bidders receive the same rate at the highest accepted bid.

Yield fluctuations should be monitored closely as an indicator of the government debt situation. Investors compare the average rate at auction to the rate at previous auctions of the same security.

Historical impact on Assets: USDJPY | EURUSD",,,,USD 30-Year Bond Auction,,,,,,,,,,,,,,,,,,,,,,,,,,,
,,Forecast:,,,,USDJPY.sd,,,,,,,,,,,,,,,,,,,,,,,,,,,,,,,,
,,Previous:,,,,,,,,,,,,,,,,,,,,,,,,,,,,,,,,,,,,
,,Time (GMT):,18:00,,,13:00,,,,23:30,20:00,,,,,,,,,,,,,,,,,,,,,,,,,,,
,,Release Date,Actual,Forecast,Previous,Time,,,,Time IST,,,,,,,,,,,,,,,,,,,,,,,,,,,,
,,06-Nov-24,4.60%,  ,4.30%,18:00,,,,23:30,,,,,,,,,,,,,,,,,,,,,,,,,,,,
,,10-Oct-24,4.30%,  ,4.00%,17:00,,,,22:30,,,,,,,,,,,,,,,,,,,,,,,,,,,,
,,12-Sep-24,4.00%,  ,4.30%,17:00,,,,22:30,,,,,,,,,,,,,,,,,,,,,,,,,,,,
,,08-Aug-24,4.30%,  ,4.40%,17:00,,,,22:30,,,,,,,,,,,,,,,,,,,,,,,,,,,,
,,11-Jul-24,4.40%,  ,4.40%,17:00,,,,22:30,,,,,,,,,,,,,,,,,,,,,,,,,,,,
,,13-Jun-24,4.40%,  ,4.60%,17:00,,,,22:30,,,,,,,,,,,,,,,,,,,,,,,,,,,,
,12,Event,GBP GDP (MoM) (Oct),,,Asset,Description,,,IST Time,MT5 server time,x,Investment,Size,atr,spread,factor,VU,sl,margin,RRR,R,Notes,Notes,,,,,,,,,,,,,,
,,Actual:,,,,C:GBPJPY,"Gross Domestic Product (GDP) measures the annualized change in the inflation-adjusted value of all goods and services produced by the economy. It is the broadest measure of economic activity and the primary indicator of the economy's health. A higher than expected reading should be taken as positive/bullish for the GBP, while a lower than expected reading should be taken as negative/bearish for the GBP.

Historical impact on Assets: GBPJPY | GBPUSD
",,,,GBP GDP (MoM) (Oct),,on chart,0.1,0.034,0.01500000,,0.066,-16.5,60.5,2, 33 ,,,,,,,,,,,,,,,,
,,Forecast:,,,,GBPJPY.sd,,,,,,,,,,,,,,,,,,,,,,,,,,,,,,,,
,,Previous:,-0.10%,,,,,,,,,,Hist 1,0.05,0.08980,0.01900000,1.0,0.1537, (19),30,6.2, 119 ,,,,,,,,,,,,,,,,
,,Time (GMT):,7:00,,,2:00,,,,12:30,9:00,,Hist 2,0.05,0.13187,0.01900000,1.0,0.2168, (27),30, 5.3 , 143 ,,,,,,,,,,,,,,,,
,,Release Date,Actual,Forecast,Previous,Time,,,,Time IST,,,,,,,,,,,,,,,,,,,,,,,,,,,,
,,01-Nov-24,12,106,223,7:00,,,,18:00,12:30,,,,,,,,,,,,,,,,,,,,,,,,,,,
,,04-Oct-24,254,147,159,6:00,,,,18:00,12:30,,Placement,0.05,0.1108,0.01900000,1.0,0.18525, (23),30,4.0, 93 ,,,,,,,,,,,,,,,,
,,06-Sep-24,142,164,89K,6:00,,,,18:00,12:30,,Placement,0.05,0.1108,0.01900000,1.0,0.18525, (23),30,4.0, 93 ,P,,,,,,,,,,,,,,,
,,02-Aug-24,114,176,179,6:00,,,,18:00,12:30,,,,,,,,,,,,,,,,,,,,,,,,,,,
,,05-Jul-24,206,191,218,6:00,,,,18:00,12:30,,,,,,,,,,,,,,,,,,,,,,,,,,,
,,07-Jun-24,272,182,165,6:00,,,,18:00,12:30,,,,,,,,,,,,,,,,,,,,,,,,,,,
x,1,Event,US Manufacturing PMI (Dec),,,Asset,Description,,,IST Time,MT5 server time,x,Investment,Size,atr,spread,factor,VU,sl,margin,RRR,R,Notes,Notes,,,,,,,,,,,,,,
,,Actual:,,,,C:USDJPY,"
The Manufacturing Purchasing Managers' Index (PMI) is a diffusion index incorporating survey results provided by manufacturing firms throughout the country. A reading above fifty suggests the manufacturing sector is expanding, while a reading below fifty suggests the manufacturing sector is in contraction. Policymakers and traders watch these surveys closely as purchasing managers usually have early access to data about their company’s performance, rather than waiting for the hard data to emerge. While manufacturing accounts for a far smaller percentage of economic output than services, it is far more cyclical and is therefore a useful indicator of where in the economic cycle the economy is currently situated. A reading that is stronger than forecast is generally supportive (bullish) for the USD while a weaker than forecast reading is generally negative (bearish) for the USD.

Historical impact on Assets: USDJPY ",,,,US Manufacturing PMI (Dec),,on chart,0.1,0.018,0.01700000,,0.044,-10.6,60.5,2, 21 ,,,,,,,,,,,,,,,,
,,Forecast:, 49.40 ,,,USDJPY.sd,,,,,,,,,,,,,,,,,,,,,,,,,,,,,,,,
,,Previous:, 49.70 ,,,,,,,,,,Hist 1,0.04,0.06110,0.02800000,1.5,0.11965, (17),24,7.2, 125 ,,,,,,,,,,,,,,,,
,,Time (GMT):,14:45,,,,,,,20:15,16:45,,Hist 2,0.04,0.06320,0.02800000,1.5,0.1228, (18),24,3.62, 64 ,,,,,,,,,,,,,,,,
,,Release Date,Actual,Forecast,Previous,Time,,,,Time IST,,,,,,,,,,,,,,,,,,,,,,,,,,,,
,,02-Dec-24, 49.70 , 48.8  , 48.50 ,14:45,,,,,,,,,,,,,,,,,,,,,,,,,,,,,,,,
,,22-Nov-24, 48.80 , 48.8  , 48.50 ,14:45,,,,,,,Placement,0.04,0.0622,0.02800000,1.5,0.121225, (18),24,2, 35 ,,,,,,,,,,,,,,,,
,,01-Nov-24, 48.50 , 47.8  , 47.80 ,13:45,,,,,,,Placement,-0.04,0.0622,0.02800000,-1.5,0.121225, (18),-24,2, 35 ,,,,,,,,,,,,,,,,
,,24-Oct-24, 47.80 , 47.5  , 47.30 ,13:45,,,,,,,,,,,,,,,,,,,,,,,,,,,,,,,,
,,01-Oct-24, 47.30 , 47.0  , 47.90 ,13:45,,,,,,,,,,,,,,,,,,,,,,,,,,,,,,,,
,,23-Sep-24, 47.00 , 48.6  , 47.90 ,13:45,,,,,,,,,,,,,,,,,,,,,,,,,,,,,,,,
,1,Event,US Services PMI (Dec),,,Asset,Description,,,IST Time,MT5 server time,x,Investment,Size,atr,spread,factor,VU,sl,margin,RRR,R,Notes,Notes,,,,,,,,,,,,,,
,,Actual:,,,,C:USDJPY,"The Service PMI release is published monthly by Markit Economics. The data are based on surveys of over 400 executives in private sector service companies. The surveys cover transport and communication, financial intermediaries, business and personal services, computing & IT, hotels and restaurants. 
An index level of 50 denotes no change since the previous month, while a level above 50 signals an improvement, and below 50 indicates a deterioration. A reading that is stronger than forecast is generally supportive (bullish) for the USD, while a weaker than forecast reading is generally negative (bearish) for the USD.

Historical impact on Assets: USDJPY ",,,,US Services PMI (Dec),,on chart,0.1,0.014,0.02300000,,0.044,-10.93,60.5,2, 22 ,,,,,,,,,,,,,,,,
,,Forecast:, 55.70 ,,,USDJPY.sd,,,,,,,,,,,,,,,,,,,,,,,,,,,,,,,,
,,Previous:, 56.10 ,,,,,,,,,,Hist 1,0.1,0.06470,0.05100000,1,0.14805, (37),61,4.26, 157 ,,,,,,,,,,,,,,,,
,,Time (GMT):,14:45,,,,,,,20:15,16:45,,Hist 2,0.1,0.07213,0.05100000,1,0.1592, (40),61,3.07, 121 ,,,,,,,,,,,,,,,,
,,Release Date,Actual,Forecast,Previous,Time,,,,Time IST,,,,,,,,,,,,,,,,,,,,,,,,,,,,
,,04-Dec-24, 56.10 , 57.0  , 55.00 ,14:45,,,,,,,,,,,,,,,,,,,,,,,,,,,,,,,,
,,22-Nov-24, 57.00 , 55.2  , 55.00 ,14:45,,,,,,,Placement,0.02,0.0684,0.05100000,1.5,0.153625, (11),12,2, 23 ,,,,,,,,,,,,,,,,
,,05-Nov-24, 55.00 , 55.3  , 55.20 ,14:45,,,,,,,Placement,-0.02,0.0684,0.05100000,-1.5,0.153625, (11),-12,2, 23 ,,,,,,,,,,,,,,,,
,,24-Oct-24, 55.30 , 55.0  , 55.20 ,13:45,,,,,,,,,,,,,,,,,,,,,,,,,,,,,,,,
,,03-Oct-24, 55.20 , 55.4  , 55.70 ,13:45,,,,,,,,,,,,,,,,,,,,,,,,,,,,,,,,
,,23-Sep-24, 55.40 , 55.3  , 55.70 ,13:45,,,,,,,,,,,,,,,,,,,,,,,,,,,,,,,,
,,Event,CAD Core CPI (YoY) (Nov),,,Asset,Description,,,IST Time,MT5 server time,x,Investment,Size,atr,spread,factor,VU,sl,margin,RRR,R,Notes,Notes,,,,,,,,,,,,,,
,,Actual:,,,,C:CADJPY,"According to Bloomberg, Canadian inflation is projected to decline from 2.0% in October to 1.9% in November, while core inflation (exclusind energy and food) expected to ease from 2.6% to 2.5%.

The Bank of Canada reduced interest rates by 50 basis points in its most recent meeting, lowering the rate from 3.75% to 3.25%. With inflation continuing to decline, there remains potential for further rate cuts in upcoming meetings. Markets currently estimate a 65% likelihood of a 25-basis-point reduction at the Januray meeting. However, lower-than-expected inflation data could increase expectations for this rate cuts, potentially weaking the Canadian dollar against major currencies like the US dollar. 

Historical impact on Assets: USDCAD ",,,,CAD Core CPI (YoY) (Nov),,on chart,0.1,0.02300000,0.01600000,,0.0505,-13.1,60.5,2, 26 ,,,,,,,,,,,,,,,,
,,Forecast:,,,,CADJPY.sd,,,,,,,,,,,,,,,,,,,,,,,,,,,,,,,,
,,Previous:,1.7%,,,,,,,,,,Hist 1,0.1,0.07540,0.02200000,1.5,0.1351, (35),61,4.11, 144 ,,,,,,,,,,,,,,,,
,,Time (GMT):,13:30,,,,,,,19:00,15:30,,Hist 2,0.1,0.07560,0.02200000,1.5,0.1354, (53),61,3.27, 172 ,,,,,,,,,,,,,,,,
,,Release Date,Actual,Forecast,Previous,Time,,,,Time IST,,,,,,,,,,,,,,,,,,,,,,,,,,,,
,,19-Nov-24,1.7%,,1.6%,13:30,,,,,,,,,,,,,,,,,,,,,,,,,,,,,,,,
,,15-Oct-24,1.6%,,1.5%,12:30,,,,,,,Placement,0.05,0.0755,0.02200000,1.5,0.13525, (26),30,2.5, 66 ,,,,,,,,,,,,,,,,
,,17-Sep-24,1.5%,,1.7%,12:30,,,,,,,Placement,-0.05,0.0755,0.02200000,-1.5,0.13525, (26),-30,2.5, 66 ,,,,,,,,,,,,,,,,
,,20-Aug-24,1.7%,,1.9%,12:30,,,,,,,,,,,,,,,,,,,,,,,,,,,,,,,,
,,16-Jul-24,1.9%,,1.8%,12:30,,,,,,,,,,,,,,,,,,,,,,,,,,,,,,,,
,,25-Jun-24,1.8%,,1.6%,12:30,,,,,,,,,,,,,,,,,,,,,,,,,,,,,,,,
,,Event,CAD CPI (MoM) (Nov),,,Asset,Description,,,IST Time,MT5 server time,x,Investment,Size,atr,spread,factor,VU,sl,margin,RRR,R,Notes,Notes,,,,,,,,,,,,,,
,,Actual:,,,,C:CADJPY,"According to Bloomberg, Canadian inflation is projected to decline from 2.0% in October to 1.9% in November, while core inflation (exclusind energy and food) expected to ease from 2.6% to 2.5%.

The Bank of Canada reduced interest rates by 50 basis points in its most recent meeting, lowering the rate from 3.75% to 3.25%. With inflation continuing to decline, there remains potential for further rate cuts in upcoming meetings. Markets currently estimate a 65% likelihood of a 25-basis-point reduction at the Januray meeting. However, lower-than-expected inflation data could increase expectations for this rate cuts, potentially weaking the Canadian dollar against major currencies like the US dollar. 

Historical impact on Assets: USDCAD ",,,,CAD CPI (MoM) (Nov),,on chart,0.1,0.014,0.02300000,,0.044,-10.93,60.5,2, 22 ,,,,,,,,,,,,,,,,
,,Forecast:,0.10%,,,CADJPY.sd,,,,,,,,,,,,,,,,,,,,,,,,,,,,,,,,
,,Previous:,0.40%,,,,,,,,,,Hist 1,0.1,0.06470,0.05100000,1,0.14805, (37),61,4.26, 157 ,,,,,,,,,,,,,,,,
,,Time (GMT):,13:30,,,,,,,19:00,16:45,,Hist 2,0.1,0.07213,0.05100000,1,0.1592, (40),61,3.07, 121 ,,,,,,,,,,,,,,,,
,,Release Date,Actual,Forecast,Previous,Time,,,,Time IST,,,,,,,,,,,,,,,,,,,,,,,,,,,,
,,19-Nov-24,0.4%,0.3% ,-0.4%,13:30,,,,,,,,,,,,,,,,,,,,,,,,,,,,,,,,
,,15-Oct-24,-0.4%,-0.2% ,-0.2%,12:30,,,,,,,Placement,0.02,0.0684,0.05100000,1.5,0.153625, (11),12,2, 23 ,,,,,,,,,,,,,,,,
,,17-Sep-24,-0.2%,0.0% ,0.4%,12:30,,,,,,,Placement,-0.02,0.0684,0.05100000,-1.5,0.153625, (11),-12,2, 23 ,,,,,,,,,,,,,,,,
,,20-Aug-24,0.4%,0.4% ,-0.1%,12:30,,,,,,,,,,,,,,,,,,,,,,,,,,,,,,,,
,,16-Jul-24,-0.1%,0.1% ,0.6%,12:30,,,,,,,,,,,,,,,,,,,,,,,,,,,,,,,,
,,25-Jun-24,0.6%,0.3% ,0.5%,12:30,,,,,,,,,,,,,,,,,,,,,,,,,,,,,,,,
,2,Event,US Core Retail Sales (MoM) (Nov),,,Asset,Description,,,IST Time,MT5 server time,x,Investment,Size,atr,spread,factor,VU,sl,margin,RRR,R,Notes,Notes,,,,,,,,,,,,,,
,,Actual:,,,,C:USDJPY,"
Core Retail Sales measures the change in the total value of sales at the retail level in the U.S., excluding automobiles. It is an important indicator of consumer spending which accounts for a large percentage of US GDP.

A reading that is stronger than forecast is generally supportive (bullish) for the USD, while a weaker than forecast reading is generally negative (bearish) for the USD.

Historical impact on Assets: USDJPY ",,,,US Core Retail Sales (MoM) (Nov),,on chart,0.1,0.026,0.01800000,,0.057,-13.52,60.5,2, 27 ,,,,,,,,,,,,,,,,
,,Forecast:,0.4%,,,USDJPY.sd,,,,,,,,,,,,,,,,,,,,,,,,,,,,,,,,
,,Previous:,0.1%,,,,,,,,,,Hist 1,0.1,0.06890,0.02800000,1.6,0.13135, (31),61,3.1, 97 ,,,,,,,,,,,,,,,,
,,Time (GMT):,13:30,,,8:30,,,,19:00,15:30,,Hist 2,0.1,-0.01493,0.13530000,1.6,0.1129, (43),61,5.92, 254 ,,,,,,,,,,,,,,,,
,,Release Date,Actual,Forecast,Previous,Time,,,,Time IST,,,,,,,,,,,,,,,,,,,,,,,,,,,,
,,15-Nov-24,0.1%,0.3% ,1.0%,13:30,,,,12:30,,,,,,,,,,,,,,,,,,,,,,,,,,,,
,,17-Oct-24,0.5%,0.1% ,0.2%,12:30,,,,12:30,,,Placement,0.05,0.0270,0.13530000,1.6,0.175775, (33),30, 1.8 , 60 ,,,,,,,,,,,,,,,,
,,17-Sep-24,0.1%,0.2% ,0.4%,12:30,,,,12:30,,,Placement,0.05,0.0270,0.13530000,1.6,0.175775, (33),30, 1.8 , 60 ,,,,,,,,,,,,,,,,
,,15-Aug-24,0.4%,0.1% ,0.5%,12:30,,,,12:30,,,,,,,,,,,,,,,,,,,,,,,,,,,,
,,16-Jul-24,0.4%,0.1% ,0.1%,12:30,,,,12:30,,,,,,,,,,,,,,,,,,,,,,,,,,,,
,,18-Jun-24,-0.1%,0.2% ,-0.1%,12:30,,,,12:30,,,,,,,,,,,,,,,,,,,,,,,,,,,,
,3,Event,US Retail Sales (MoM) (Nov),,,Asset,Description,,,IST Time,MT5 server time,x,Investment,Size,atr,spread,factor,VU,sl,margin,RRR,R,Notes,Notes,,,,,,,,,,,,,,
,,Actual:,,,,C:USDJPY,"Retail Sales gauges the change in the aggregate value of sales at the retail level across the country. It is an important indicator of consumer spending accounting for the majority of overall economic activity.

A reading that is stronger than forecast is generally supportive (bullish) for the USD, while a weaker than forecast reading is generally negative (bearish) for the USD.

Historical impact on Assets: USDJPY ",,,,US Retail Sales (MoM) (Nov),,on chart,0.1,0.025,0.02100000,,0.0585,-14.31,60.5,2, 29 ,,,,,,,,,,,,,,,,
,,Forecast:,0.6%,,,USDJPY.sd,,,,,,,,,,,,,,,,,,,,,,,,,,,,,,,,
,,Previous:,0.4%,,,,,,,,,,Hist 1,0.1,0.06810,0.04800000,1,0.15015, (37),61,3.83, 141 ,,,,,,,,,,,,,,,,
,,Time (GMT):,13:30,,,8:30,,,,19:00,15:30,,Hist 2,0.1,0.09780,0.04800000,1,0.1947, (48),61,8.13, 387 ,,,,,,,,,,,,,,,,
,,Release Date,Actual,Forecast,Previous,Time,,,,,,,,,,,,,,,,,,,,,,,,,,,,,,,,
,,15-Nov-24,0.4%,0.3% ,0.8%,13:30,,,,,,,,,,,,,,,,,,,,,,,,,,,,,,,,
,,17-Oct-24,0.4%,0.3% ,0.1%,12:30,,,,,,,Placement,0.1,0.0830,0.04800000,1.5,0.172425, (63),61,2, 127 ,,,,,,,,,,,,,,,,
,,17-Sep-24,0.1%,-0.2% ,1.1%,12:30,,,,,,,Placement,0.1,0.0830,0.04800000,1.5,0.172425, (63),61,2, 127 ,,,,,,,,,,,,,,,,
,,15-Aug-24,1.0%,0.4% ,-0.2%,12:30,,,,,,,,,,,,,,,,,,,,,,,,,,,,,,,,
,,16-Jul-24,0.0%,-0.3% ,0.3%,12:30,,,,,,,,,,,,,,,,,,,,,,,,,,,,,,,,
,,18-Jun-24,0.1%,0.3% ,-0.2%,12:30,,,,,,,,,,,,,,,,,,,,,,,,,,,,,,,,
,4,Event,GBP CPI (YoY) (Nov),,,Asset,Description,,,IST Time,MT5 server time,x,Investment,Size,atr,spread,factor,VU,sl,margin,RRR,R,Notes,Notes,,,,,,,,,,,,,,
,,Actual:,,,,C:GBPJPY,"The Consumer Price Index (CPI) measures the change in the prices of goods and services contained in a basket of consumer items. The Central bank pays very close attention to this figure in its role of maintaining price stability.

A reading that is stronger than forecast is generally supportive (bullish) for the GBP, while a weaker than forecast reading is generally negative (bearish) for the GBP.

Historical impact on Assets: GBPJPY ",,,,GBP CPI (YoY) (Nov),,on chart,0.1,0.034,0.01500000,,0.066,-16.5,60.5,2, 33 ,,,,,,,,,,,,,,,,
,,Forecast:,2.60%,,,GBPJPY.sd,,,,,,,,,,,,,,,,,,,,,,,,,,,,,,,,
,,Previous:,2.30%,,,,,,,,,,Hist 1,0.06,0.08670,0.01900000,1,0.14905, (22),36,4.58, 102 ,,4.435,,,,,,,,,,,,,,
,,Time (GMT):,7:00,,,,,,,,9:00,,Hist 2,0.06,0.07973,0.01900000,1,0.1386, (21),36,3.37, 70 ,,,,,,,,,,,,,,,,
,,Release Date,Actual,Forecast,Previous,Time,,,,,,,,,,,,,,,,,,,,,,,,,,,,,,,,
,,20-Nov-24,2.30%,2.2% ,1.70%,7:00,,,,,,,,,,,,,,,,,,,,,,,,,,,,,,,,
,,16-Oct-24,1.70%,1.9% ,2.20%,6:00,,,,,,,Placement,0.06,0.0832,0.01900000,1,0.143825, (22),36,2, 43 ,,,,,,,,,,,,,,,,
,,18-Sep-24,2.20%,2.2% ,2.20%,6:00,,,,,,,Placement,0.06,0.0832,0.01900000,1,0.143825, (22),36,2, 43 ,,,,,,,,,,,,,,,,
,,14-Aug-24,2.20%,2.3% ,2.00%,6:00,,,,,,,Final,,,,,,,,,,,,,,,,,,,,,,,,,
,,17-Jul-24,2.00%,1.9% ,2.00%,6:00,,,,,,,,,,,,,,,,,,,,,,,,,,,,,,,,
,,19-Jun-24,2.00%,2.0% ,2.30%,6:00,,,,,,,,,,,,,,,,,,,,,,,,,,,,,,,,
,5,Event,EUR CPI (YoY) (Nov),,,Asset,Description,,,IST Time,MT5 server time,x,Investment,Size,atr,spread,factor,VU,sl,margin,RRR,R,Notes,Notes,,,,,,,,,,,,,,
,,Actual:,,,,C:EURJPY,"
The Consumer Price Index (CPI) measures the change in the prices of goods and services contained in a basket of consumer items. The Central bank pays very close attention to this figure in its role of maintaining price stability.

A reading that is stronger than forecast is generally supportive (bullish) for the EUR, while a weaker than forecast reading is generally negative (bearish) for the EUR.

Historical impact on Assets: EURJPY ",,,,EUR CPI (YoY) (Nov),,on chart,0.1,0.034,0.01500000,,0.066,-16.5,60.5,2, 33 ,,,,,,,,,,,,,,,,
,,Forecast:,2.3%,,,EURJPY.sd,,,,,,,,,,,,,,,,,,,,,,,,,,,,,,,,
,,Previous:,2.3%,,,,,,,,,,Hist 1,0.1,0.05940,0.00070000,1,0.0898, (22),61,4.38, 98 ,,,,,,,,,,,,,,,,
,,Time (GMT):,10:00,,,,,,,15:30,12:00,,Hist 2,0.1,0.07153,0.00070000,1,0.1080, (27),61,8, 216 ,,,,,,,,,,,,,,,,
,,Release Date,Actual,Forecast,Previous,Time,,,,Time IST,,,,,,,,,,,,,,,,,,,,,,,,,,,,
,,29-Nov-24,2.30%,2.3% ,2.00%,10:00,,,,,,,,,,,,,,,,,,,,,,,,,,,,,,,,
,,19-Nov-24,2.00%,2.0% ,2.00%,10:00,,,,,,,Placement,0.1,0.0655,0.00070000,1,0.0989, (25),61,3, 74 ,,,,,,,,,,,,,,,,
,,31-Oct-24,2.00%,1.9% ,1.70%,10:00,,,,,,,Placement,0.1,0.0655,0.00070000,1,0.0989, (25),61,3, 74 ,,,,,,,,,,,,,,,,
,,17-Oct-24,1.70%,1.8% ,2.20%,9:00,,,,,,,,,,,,,,,,,,,,,,,,,,,,,,,,
,,01-Oct-24,1.80%,1.8% ,2.20%,9:00,,,,,,,,,,,,,,,,,,,,,,,,,,,,,,,,
,,18-Sep-24,2.20%,2.2% ,2.60%,9:00,,,,,,,,,,,,,,,,,,,,,,,,,,,,,,,,
,6,Event,Crude Oil Inventories,,,Asset,Description,,,IST Time,MT5 server time,x,Investment,Size,atr,spread,factor,VU,sl,margin,RRR,R,Notes,Notes,,,,,,,,,,,,,,
,,Actual:,,,,USOILRoll,"The Energy Information Administration's (EIA) Crude Oil Inventories measures the weekly change in the number of barrels of commercial crude oil held by US firms. The level of inventories influences the price of petroleum products, which can have an impact on inflation.

If the increase in crude inventories is more than expected, it implies weaker demand and is bearish for crude prices. The same can be said if a decline in inventories is less than expected.
If the increase in crude is less than expected, it implies greater demand and is bullish for crude prices. The same can be said if a decline in inventories is more than expected.

Historical impact on Assets: USOILRoll",,,,Crude Oil Inventories,,on chart,0.1,0.034,0.01500000,,0.066,-16.5,60.5,2, 33 ,,,,,,,,,,,,,,,,
,,Forecast:,,,,USOILRoll,,,,,,,,,,,,,,,,,,,,,,,,,,,,,,,,
,,Previous:,-1.425M,,,,,,,,,,Hist 1,0.1,0.05940,0.00070000,1,0.0898, (22),61,4.38, 98 ,,,,,,,,,,,,,,,,
,,Time (GMT):,15:30,,,,,,,21:00,17:30,,Hist 2,0.1,0.07153,0.00070000,1,0.1080, (27),61,8, 216 ,,,,,,,,,,,,,,,,
,,Release Date,Actual,Forecast,Previous,Time,,,,Time IST,,,,,,,,,,,,,,,,,,,,,,,,,,,,
,,11-Dec-24,-1.425,-1.000,-5.073,17:30,,,,15:30,,,,,,,,,,,,,,,,,,,,,,,,,,,,
,,04-Dec-24,-5.073,-1.600,-1.844,17:30,,,,15:30,,,Placement,0.1,0.0655,0.00070000,1,0.0989, (25),61,3, 74 ,,,,,,,,,,,,,,,,
,,27-Nov-24,-1.844,-1.300,0.545,17:30,,,,15:30,,,Placement,0.1,0.0655,0.00070000,1,0.0989, (25),61,3, 74 ,,,,,,,,,,,,,,,,
,,20-Nov-24,0.545,0.400,2.089,17:30,,,,15:30,,,,,,,,,,,,,,,,,,,,,,,,,,,,
,,14-Nov-24,2.089,0.400,2.149,18:00,,,,16:00,,,,,,,,,,,,,,,,,,,,,,,,,,,,
,,06-Nov-24,2.149,0.300,-0.51,18:00,,,,16:00,,,,,,,,,,,,,,,,,,,,,,,,,,,,
,7,Event,FOMC Economic Projections,,,Asset,Description,,,IST Time,MT5 server time,x,Investment,Size,atr,spread,factor,VU,sl,margin,RRR,R,Notes,Notes,,,,,,,,,,,,,,
,,Actual:,,,,US2000,"
Bloomberg anticipates that the Fed will lower interest rates by 25 basis points, bringing them down from 4.75% to 4.50%. Investors will pay close attention to the ""dot plot"", which reflects Federal Reserve members' projections for future rate changes. If the dot plot signals more aggresive rate cuts in 2025, it could impact major US stock idices, inlcuding US2000. 

Additionally, traders will tune in the Federal Reserve Chairman Jerome Powell's press conference for insights into the Fed's monetary policy outlook for the coming year. 
 
Historical impact on Assets: USDJPY | US2000",,,,FOMC Economic Projections,,on chart,0.1,0.019,0.02200000,,0.0505,-11.86,91.8,2, 24 ,,,,,,,,,,,,,,,,
,,Forecast:,,,,US2000,,,,,,,,,,,,,,,,,,,,,,,,,,,,,,,,
,,Previous:,,,,,,,,,,,Hist 1,0.1,0.06360,0.02800000,1,0.1234, (29), 92 ,8.12, 235 ,,,,,,,,,,,,,,,,
,,Time (GMT):,19:00,,,,,,,0:30,21:00,,Hist 2,0.1,0.06440,0.02800000,1,0.1246, (29), 92 ,4.9, 143 ,,,,,,,,,,,,,,,,
,,Release Date,Actual,Forecast,Previous,Time,,,,Time IST,,,,,,,,,,,,,,,,,,,,,,,,,,,,
,,18-Sep-24,,,,18:00,,,,,,,,,,,,,,,,,,,,,,,,,,,,,,,,
,,12-Jun-24,,,,18:00,,,,,,,Placement,0.34,0.0640,0.02800000,1.5,0.124, (149),312,2, 297 ,,,,,,,,,,,,,,,,
,,20-Mar-24,,,,18:00,,,,,,,Placement,0.34,0.0640,0.02800000,1.5,0.124, (149),312,2, 297 ,,,,,,,,,,,,,,,,
,,13-Dec-23,,,,19:00,,,,,,,,,,,,,,,,,,,,,,,,,,,,,,,,
,,20-Sep-23,,,,18:00,,,,,,,,,,,,,,,,,,,,,,,,,,,,,,,,
,,14-Jun-23,,,,18:00,,,,,,,,,,,,,,,,,,,,,,,,,,,,,,,,
,6,Event,Fed Interest Rate Decision,,,Asset,Description,,,IST Time,MT5 server time,x,Investment,Size,atr,spread,factor,VU,sl,margin,RRR,R,Notes,Notes,,,,,,,,,,,,,,
,,Actual:,,,,C:USDJPY,"
Bloomberg anticipates that the Fed will lower interest rates by 25 basis points, bringing them down from 4.75% to 4.50%. Investors will pay close attention to the ""dot plot"", which reflects Federal Reserve members' projections for future rate changes. If the dot plot signals more aggresive rate cuts in 2025, it could impact major US stock idices, inlcuding US2000. 

Additionally, traders will tune in the Federal Reserve Chairman Jerome Powell's press conference for insights into the Fed's monetary policy outlook for the coming year. 
 
Historical impact on Assets: USDJPY | US2000",,,,Fed Interest Rate Decision,,on chart,0.1,0.04,0.02500000,,0.085,-20.73,60.5,2, 41 ,,,,,,,,,,,,,,,,
,,Forecast:,4.38%,,,USDJPY.sd,,,,,,,,,,,,,,,,,,,,,,,,,,,,,,,,
,,Previous:,4.62%,,,,,,,,,,Hist 1,0.1,0.06910,0.11800000,1,0.22165, (54),61,0.9, 49 ,,4.435,,,,,,,,,,,,,,
,,Time (GMT):,19:00,,,,,,,0:30,21:00,,Hist 2,0.1,0.07200,0.11800000,1,0.2260, (55),61,1.29, 71 ,,,,,,,,,,,,,,,,
,,Release Date,Actual,Forecast,Previous,Time,,,,Time IST,,,,,,,,,,,,,,,,,,,,,,,,,,,,
,,07-Nov-24,4.75%,4.75% ,5.00%,19:00,,,,,,,,,,,,,,,,,,,,,,,,,,,,,,,,
,,18-Sep-24,5.00%,5.25% ,5.50%,18:00,,,,,,,Placement,0.05,0.0706,0.11800000,-1,0.223825, (27),30,2, 55 ,,,,,,,,,,,,,,,,
,,31-Jul-24,5.50%,5.50% ,5.50%,18:00,,,,,,,Placement,0.05,0.0706,0.11800000,1,0.223825, (27),30,2, 55 ,,,,,,,,,,,,,,,,
,,12-Jun-24,5.50%,5.50% ,5.50%,18:00,,,,,,,Final,,,,,,,,,,,,,,,,,,,,,,,,,
,,01-May-24,5.50%,5.50% ,5.50%,18:00,,,,,,,,,,,,,,,,,,,,,,,,,,,,,,,,
,,20-Mar-24,5.50%,5.50% ,5.50%,18:00,,,,,,,,,,,,,,,,,,,,,,,,,,,,,,,,
,7,Event,FOMC Press Conference,,,Asset,Description,,,IST Time,MT5 server time,x,Investment,Size,atr,spread,factor,VU,sl,margin,RRR,R,Notes,Notes,,,,,,,,,,,,,,
,,Actual:,,,,C:USDJPY,"
Bloomberg anticipates that the Fed will lower interest rates by 25 basis points, bringing them down from 4.75% to 4.50%. Investors will pay close attention to the ""dot plot"", which reflects Federal Reserve members' projections for future rate changes. If the dot plot signals more aggresive rate cuts in 2025, it could impact major US stock idices, inlcuding US2000. 

Additionally, traders will tune in the Federal Reserve Chairman Jerome Powell's press conference for insights into the Fed's monetary policy outlook for the coming year. 
 
Historical impact on Assets: USDJPY | US2000",,,,FOMC Press Conference,,on chart,0.1,0.04,0.02500000,,0.085,-20.73,60.5,2, 41 ,,,,,,,,,,,,,,,,
,,Forecast:,,,,USDJPY.sd,,,,,,,,,,,,,,,,,,,,,,,,,,,,,,,,
,,Previous:,,,,,,,,,,,Hist 1,0.1,0.06910,0.11800000,1,0.22165, (54),61,0.9, 49 ,,4.435,,,,,,,,,,,,,,
,,Time (GMT):,19:30,,,,,,,1:00,21:30,,Hist 2,0.1,0.07200,0.11800000,1,0.2260, (55),61,1.29, 71 ,,,,,,,,,,,,,,,,
,,Release Date,Actual,Forecast,Previous,Time,,,,Time IST,,,,,,,,,,,,,,,,,,,,,,,,,,,,
,,07-Nov-24,,,,19:30,,,,,,,,,,,,,,,,,,,,,,,,,,,,,,,,
,,18-Sep-24,,,,18:30,,,,,,,Placement,0.05,0.0706,0.11800000,-1,0.223825, (27),30,2, 55 ,,,,,,,,,,,,,,,,
,,31-Jul-24,,,,18:30,,,,,,,Placement,0.05,0.0706,0.11800000,1,0.223825, (27),30,2, 55 ,,,,,,,,,,,,,,,,
,,12-Jun-24,,,,18:30,,,,,,,Final,,,,,,,,,,,,,,,,,,,,,,,,,
,,01-May-24,,,,18:30,,,,,,,,,,,,,,,,,,,,,,,,,,,,,,,,
,,20-Mar-24,,,,18:30,,,,,,,,,,,,,,,,,,,,,,,,,,,,,,,,
,7,Event,BoJ Interest Rate Decision,,,Asset,Description,,,IST Time,MT5 server time,x,Investment,Size,atr,spread,factor,VU,sl,margin,RRR,R,Notes,Notes,,,,,,,,,,,,,,
,,Actual:,,,,C:USDJPY,"Bank of Japan (BOJ) policy board publishes its decision about where to set the target overnight rate. As short term interest rates are an important determinant of currency valuation, traders watch interest rate changes closely. A reading that is stronger than forecast is generally supportive (bullish) for the JPY, while a weaker than forecast reading is generally negative (bearish) for the JPY.

Historical impact on Assets: USDJPY ",,,,BoJ Interest Rate Decision,,on chart,0.1,0.034,0.01500000,,0.066,-16.5,60.5,2, 33 ,,,,,,,,,,,,,,,,
,,Forecast:,0.25%,,,USDJPY.sd,,,,,,,,,,,,,,,,,,,,,,,,,,,,,,,,
,,Previous:,0.25%,,,,,,,,,,Hist 1,0.1,0.06880,0.01700000,1.0,0.1202, (30),61,2.3, 69 ,,,,,,,,,,,,,,,,
,,Time (GMT):,3:00,,,,,,,8:30,5:00,,Hist 2,0.1,0.10173,0.01700000,1.0,0.1696, (42),61, 4.0 , 170 ,,,,,,,,,,,,,,,,
,,Release Date,Actual,Forecast,Previous,Time,,,,Time IST,,,,,,,,,,,,,,,,,,,,,,,,,,,,
,,31-Oct-24,0.25%,0.25% ,0.25%,3:00,,,,,,,,,,,,,,,,,,,,,,,,,,,,,,,,
,,20-Sep-24,0.25%,0.25% ,0.25%,3:00,,,,,,,Placement,0.06,0.0853,0.01700000,-1.5,0.1449, 33 ,36,2, (65),,,,,,,,,,,,,,,,
,,31-Jul-24,0.25%,0.10% ,0.10%,4:00,,,,,,,Placement,0.06,0.0853,0.01700000,1.5,0.1449, (32),36,2, 64 ,,,,,,,,,,,,,,,,
,,14-Jun-24,0.10%,0.10% ,0.10%,3:25,,,,,,,,,,,,,,,,,,,,,,,,,,,,,,,,
,,26-Apr-24,0.10%,0.10% ,0.10%,3:00,,,,,,,,,,,,,,,,,,,,,,,,,,,,,,,,
,,19-Mar-24,0.10%,0.10% ,-0.10%,3:35,,,,,,,,,,,,,,,,,,,,,,,,,,,,,,,,
,8,Event,BoE Interest Rate Decision (Dec),,,Asset,Description,,,IST Time,MT5 server time,x,Investment,Size,atr,spread,factor,VU,sl,margin,RRR,R,Notes,Notes,,,,,,,,,,,,,,
,,Actual:,,,,C:GBPJPY,"Bloomberg expects the Bank of England to maintain interest rate at 4.75%. However, traders will closely monitor the vote distirbution among committee members. A higher number of votes favouring rate cuts could increase expectations for reductions in future meetings, potentially supporting the UK100 stock index. 

Historical impact on Assets: GBPJPY | UK100",,,,,,on chart,0.1,1.64,0.70000000,,3.16,-1.49,18.25,,,,,,,,,,,,,,,,,,
,,Forecast:,4.75%,,,GBPJPY.sd,,,,,,,,,,,,,,,,,,,,,,,,,,,,,,,,
,,Previous:,4.75%,,,,,,,,,,Hist 1,1,3.14360,0.70000000,1.0,5.4154, (26),183,7.8, 199 ,,,,,,,,,,,,,,,,
,,Time (GMT):,12:00,,,,,,,17:30,14:00,,Hist 2,1,3.54300,0.70000000,1.0,6.0145, (28),605, 3.9 , 111 ,,,,,,,,,,,,,,,,
,,Release Date,Actual,Forecast,Previous,Time,,,,Time IST,,,,,,,,,,,,,,,,,,,,,,,,,,,,
,,07-Nov-24,4.75%,4.75% ,5.00%,12:00,,,,,,,,,,,,,,,,,,,,,,,,,,,,,,,,
,,19-Sep-24,5.00%,5.00% ,5.00%,11:00,,,,,,,Placement,1.0,2.7755,0.70000000,1.0,6.0145, (28),605,3.0, 85 ,,,,,,,,,,,,,,,,
,,01-Aug-24,5.00%,5.00% ,5.25%,11:00,,,,,,,Placement,1.0,2.7755,0.70000000,1.0,6.0145, (28),605,3.0, 85 ,,,,,,,,,,,,,,,,
,,20-Jun-24,5.25%,5.25% ,5.25%,11:00,,,,,,,,,,,,,,,,,,,,,,,,,,,,,,,,
,,09-May-24,5.25%,5.25% ,5.25%,11:00,,,,,,,,,,,,,,,,,,,,,,,,,,,,,,,,
,,21-Mar-24,5.25%,5.25% ,5.25%,12:00,,,,,,,,,,,,,,,,,,,,,,,,,,,,,,,,
,9,Event,US GDP (QoQ) (Q3),,,Asset,Description,,,IST Time,MT5 server time,x,Investment,Size,atr,spread,factor,VU,sl,margin,RRR,R,Notes,Notes,,,,,,,,,,,,,,
,,Actual:,,,,C:USDJPY,"Gross Domestic Product (GDP) measures the annualised change in the inflation-adjusted value of all goods and services produced by the economy. It is the broadest measure of economic activity and the primary indicator of the economy's health.

A reading that is stronger than forecast is generally supportive (bullish) for the USD, while a weaker than forecast reading is generally negative (bearish) for the USD.

Historical impact on Assets: USDJPY ",,,,US GDP (QoQ) (Q3),,on chart,0.1,0.019,0.02200000,,0.0505,-11.86,91.8,2, 24 ,,,,,,,,,,,,,,,,
,,Forecast:,,,,USDJPY.sd,,,,,,,,,,,,,,,,,,,,,,,,,,,,,,,,
,,Previous:,2.80%,,,,,,,,,,Hist 1,0.1,0.07930,0.02800000,1.5,0.14695, (35),61,5.55, 192 ,,,,,,,,,,,,,,,,
,,Time (GMT):,13:30,,,,,,,19:00,15:30,,Hist 2,0.1,0.07147,0.02800000,1.5,0.1352, (48),61, 5.3 , 250 ,,,,,,,,,,,,,,,,
,,Release Date,Actual,Forecast,Previous,Time,,,,Time IST,,,,,,,,,,,,,,,,,,,,,,,,,,,,
,,27-Nov-24,2.80%,2.8% ,3.00%,13:30,,,,,,,,,,,,,,,,,,,,,,,,,,,,,,,,
,,30-Oct-24,2.80%,3.0% ,3.00%,12:30,,,,,,,Placement,0.1,0.0715,0.02800000,1.0,0.1352, (32),61,2.0, 64 ,,,,,,,,,,,,,,,,
,,26-Sep-24,3.00%,3.0% ,1.60%,12:30,,,,,,,Placement,0.1,0.0715,0.0280,1.0,0.1352, (32),61,2.0, 64 ,,,,,,,,,,,,,,,,
,,29-Aug-24,3.00%,2.8% ,1.40%,12:30,,,,,,,,,,,,,,,,,,,,,,,,,,,,,,,,
,,25-Jul-24,2.80%,2.0% ,1.40%,12:30,,,,,,,,,,,,,,,,,,,,,,,,,,,,,,,,
,,27-Jun-24,1.40%,1.3% ,3.40%,12:30,,,,,,,,,,,,,,,,,,,,,,,,,,,,,,,,
,10,Event,US Initial Jobless Claims,,,Asset,Description,,,IST Time,MT5 server time,x,Investment,Size,atr,spread,factor,VU,sl,margin,RRR,R,Notes,Notes,,,,,,,,,,,,,,
,,Actual:,,,,C:USDJPY,"Initial Jobless Claims measures the number of people who filed for unemployment insurance for the first time during the past week. This is the most timely U.S. economic data, but the market impact varies from week to week.
A reading that is higher than forecast is generally negative (bearish) for the USD, while a lower than forecast reading is generally supportive (bullish) for the USD.

Historical impact on Assets: USDJPY ",,,,US Initial Jobless Claims,,on chart,0.1,0.034,0.03500000,,0.086,-20.67,91.8,2, 41 ,,,,,,,,,,,,,,,,
,,Forecast:,245K,,,USDJPY.sd,,,,,,,,,,,,,,,,,,,,,,,,,,,,,,,,
,,Previous:,242K,,,,,,,,,,Hist 1,0.1,0.06090,0.03000000,1,0.12135, (29),61,5.11, 149 ,,4.435,,,,,,,,,,,,,,
,,Time (GMT):,13:30,,,,,,,19:00,15:30,,Hist 2,0.1,0.07087,0.03000000,1,0.1363, (33),61, 2.9 , 94 ,,,,,,,,,,,,,,,,
,,Release Date,Actual,Forecast,Previous,Time,,,,Time IST,,,,,,,,,,,,,,,,,,,,,,,,,,,,
,,12-Dec-24,242,221,225,13:30,,,,,,,,,,,,,,,,,,,,,,,,,,,,,,,,
,,05-Dec-24,224,215,215,13:30,,,,,,,Placement,0.05,0.0659,0.03000000,1.5,0.128825, (23),30,1, 23 ,,,,,,,,,,,,,,,,
,,27-Nov-24,213,215,215,13:30,,,,,,,Placement,0.05,0.0709,0.03000000,1.5,0.1363, (25),30,1, 25 ,,,,,,,,,,,,,,,,
,,21-Nov-24,213,220,219,13:30,,,,,,,,,,,,,,,,,,,,,,,,,,,,,,,,
,,14-Nov-24,217,224,221,13:30,,,,,,,,,,,,,,,,,,,,,,,,,,,,,,,,
,,07-Nov-24,221,223,218,13:30,,,,,,,,,,,,,,,,,,,,,,,,,,,,,,,,
,11,Event,US Philadelphia Fed Manufacturing Index (Dec),,,Asset,Description,,,IST Time,MT5 server time,x,Investment,Size,atr,spread,factor,VU,sl,margin,RRR,R,Notes,Notes,,,,,,,,,,,,,,
,,Actual:,,,,C:USDJPY,"
The Philadelphia Federal Reserve Manufacturing Index measures the relative level of business conditions amongst manufacturers in the Federal reserve district. A level above zero on the index indicates improving conditions; below indicates worsening conditions. The data is compiled from a survey of about 250 manufacturers in the Philadelphia Federal Reserve district.

A reading that is stronger than forecast is generally supportive (bullish) for the USD, while a weaker than forecast reading is generally negative (bearish) for the USD.

Historical impact on Assets: USDJPY ",,,,US Philadelphia Fed Manufacturing Index (Dec),,on chart,0.1,0.034,0.01500000,,0.066,-16.5,60.5,2, 33 ,,,,,,,,,,,,,,,,
,,Forecast:,,,,USDJPY.sd,,,,,,,,,,,,,,,,,,,,,,,,,,,,,,,,
,,Previous:, (5.50),,,,,,,,,,Hist 1,0.1,0.05666,0.01900000,1,0.10399, (26),61,5.7, 148 ,,,,,,,,,,,,,,,,
,,Time (GMT):,13:30,,,,,,,19:00,15:30,,Hist 2,0.1,0.06253,0.01900000,1,0.1128, (28),61, 3.6 , 102 ,,,,,,,,,,,,,,,,
,,Release Date,Actual,Forecast,Previous,Time,,,,Time IST,,,,,,,,,,,,,,,,,,,,,,,,,,,,
,,21-Nov-24, (5.50), 7.4  , 10.30 ,13:30,,,,,,,,,,,,,,,,,,,,,,,,,,,,,,,,
,,17-Oct-24, 10.30 , 4.2  , 1.70 ,12:30,,,,,,,Placement,-0.1,0.0511,0.01900000,-1,0.095596667, (24),61,2, 48 ,P,,,,,,,,,,,,,,,
,,19-Sep-24, 1.70 , -0.8  , (7.00),12:30,,,,,,,Placement,0.10,0.0511,0.00000000,1.0,0.095596667, (24),61,2.0, 48 ,P,,,,,,,,,,,,,,,
,,15-Aug-24, (7.00), 5.4  , 13.90 ,12:30,,,,,,,,,,,,,,,,,,,,,,,,,,,,,,,,
,,18-Jul-24, 13.90 , 2.7  , 1.30 ,12:30,,,,,,,,,,,,,,,,,,,,,,,,,,,,,,,,
,,20-Jun-24, 1.30 , 4.8  , 4.50 ,12:30,,,,,,,,,,,,,,,,,,,,,,,,,,,,,,,,
,12,Event,US Existing Home Sales (Nov),,,Asset,Description,,,IST Time,MT5 server time,x,Investment,Size,atr,spread,factor,VU,sl,margin,RRR,R,Notes,Notes,,,,,,,,,,,,,,
,,Actual:,,,,C:USDJPY,"Existing Home Sales measures the change in the annualised number of existing residential buildings that were sold during the prior month. This report helps to gauge the strength of the U.S. housing market and is an important indicator of overall economic strength.

A reading that is stronger than forecast is generally supportive (bullish) for the USD, while a weaker than forecast reading is generally negative (bearish) for the USD.

Historical impact on Assets: USDJPY ",,,,US Existing Home Sales (Nov),,on chart,0.1,0.035,0.03500000,1,0.057,-21.24,60.5,2,,,,,,,,,,,,,,,,,
,,Forecast:,,,,USDJPY.sd,,,,,,,,,,,,,,,,,,,,,,,,,,,,,,,,
,,Previous:,3.96M,,,,,,,,,,Hist 1,0.1,0.06450,0.03000,1,0.12675, (47),61,3.53, 167 ,,,,,,,,,,,,,,,,
,,Time (GMT):,15:00,,,10:00,,,,20:30,17:00,,Hist 2,0.1,0.06233,0.03000000,1,0.1235, (46),61, 1.8 , 81 ,,,,,,,,,,,,,,,,
,,Release Date,Actual,Forecast,Previous,Time,,,,Time IST,,,,,,,,,,,,,,,,,,,,,,,,,,,,
,,21-Nov-24,3.96,3.95,3.83,15:00,,,,,,,,,,,,,,,,,,,,,,,,,,,,,,,,
,,23-Oct-24,3.84,3.88,3.88,14:00,,,,,,,Placement,-0.05,0.0539,0.03000000,-1,0.110916667, (21),30,2, 41 ,P,,,,,,,,,,,,,,,
,,19-Sep-24,3.86,3.92,3.96,14:00,,,,,,,Placement,0.05,0.0539,0.00000000,1.0,0.110916667, (21),30,2.0, 41 ,P,,,,,,,,,,,,,,,
,,22-Aug-24,3.95,3.94,3.90,14:00,,,,,,,,,,,,,,,,,,,,,,,,,,,,,,,,
,,23-Jul-24,3.89,3.99,4.11,14:00,,,,,,,,,,,,,,,,,,,,,,,,,,,,,,,,
,,21-Jun-24,4.11,4.08,4.14,14:00,,,,,,,,,,,,,,,,,,,,,,,,,,,,,,,,
,12,Event,US Core PCE Price Index (MoM) (Nov),,,Asset,Description,,,IST Time,MT5 server time,x,Investment,Size,atr,spread,factor,VU,sl,margin,RRR,R,Notes,Notes,,,,,,,,,,,,,,
,,Actual:,,,,C:USDJPY,"The Core Personal Consumption Expenditure (PCE) Price Index measures the changes in the price of goods and services purchased by consumers for the purpose of consumption, excluding food and energy. Unlike the fixed-weight CPI, PCE is chain-weighted and thus adjusts to changing consumer behaviour. Core PCE is the Fed's preferred inflation measure and thus receives greater attention.

A reading that is stronger than forecast is generally supportive (bullish) for the USD, while a weaker than forecast reading is generally negative (bearish) for the USD.

Historical impact on Assets: USDJPY ",,,,US Core PCE Price Index (MoM) (Nov),,on chart,0.1,0.027,0.01600000,,0.0565,-13.31,91.8,2, 27 ,,,,,,,,,,,,,,,,
,,Forecast:,,,,USDJPY.sd,,,,,,,,,,,,,,,,,,,,,,,,,,,,,,,,
,,Previous:,,,,,,,,,,,Hist 1,0.1,0.04050,0.01700000,1,0.07775, (18),61,3.27, 60 ,,4.435,,,,,,,,,,,,,,
,,Time (GMT):,13:30,,,,,,,19:00,15:30,,Hist 2,0.1,0.02527,0.01700000,1,0.0549, (13),61, 2.2 , 29 ,,,,,,,,,,,,,,,,
,,Release Date,Actual,Forecast,Previous,Time,,,,Time IST,,,,,,,,,,,,,,,,,,,,,,,,,,,,
,,27-Nov-24,0.30%,0.3% ,0.30%,15:00,,,,,,,,,,,,,,,,,,,,,,,,,,,,,,,,
,,31-Oct-24,0.30%,0.3% ,0.20%,12:30,,,,,,,Placement,0.1,0.0329,0.01700000,1,0.066325, (16),61,2, 31 ,,,,,,,,,,,,,,,,
,,27-Sep-24,0.10%,0.2% ,0.20%,12:30,,,,,,,,,,,,,,,,,,,,,,,,,,,,,,,,
,,30-Aug-24,0.20%,0.2% ,0.20%,12:30,,,,,,,,,,,,,,,,,,,,,,,,,,,,,,,,
,,26-Jul-24,0.20%,0.2% ,0.10%,12:30,,,,,,,,,,,,,,,,,,,,,,,,,,,,,,,,
,,28-Jun-24,0.10%,0.1% ,0.30%,12:30,,,,,,,,,,,,,,,,,,,,,,,,,,,,,,,,
,,Event,US Core PCE Price Index (YoY) (Nov),,,Asset,Description,,,IST Time,MT5 server time,,,,,,,,,,,,,,,,,,,,,,,,,,,
,,Actual:,,,,C:USDJPY,"
The Core PCE price Index is the less volatile measure of the PCE price index which excludes the more volatile and seasonal food and energy prices. The impact on the currency may go both ways, a rise in inflation may lead to a rise in interest rates and a rise in local currency, on the other hand, during recession, a rise in inflation may lead to a deepened recession and therefore a fall in local currency.

Historical impact on Assets: USDJPY ",,,,US Core PCE Price Index (YoY) (Nov),,,,,,,,,,,,,,,,,,,,,,,,,,,
,,Forecast:,,,,USDJPY.sd,,,,,,,,,,,,,,,,,,,,,,,,,,,,,,,,
,,Previous:,,,,,,,,,,,,,,,,,,,,,,,,,,,,,,,,,,,,
,,Time (GMT):,13:30,,,,,,,19:00,15:30,,,,,,,,,,,,,,,,,,,,,,,,,,,
,,Release Date,Actual,Forecast,Previous,Time,,,,Time IST,,,,,,,,,,,,,,,,,,,,,,,,,,,,
,,27-Nov-24,2.80%,2.8% ,2.70%,15:00,,,,,,,,,,,,,,,,,,,,,,,,,,,,,,,,
,,31-Oct-24,2.70%,2.6% ,2.70%,12:30,,,,,,,,,,,,,,,,,,,,,,,,,,,,,,,,
,,27-Sep-24,2.70%,2.7% ,2.60%,12:30,,,,,,,,,,,,,,,,,,,,,,,,,,,,,,,,
,,30-Aug-24,2.60%,2.7% ,2.60%,12:30,,,,,,,,,,,,,,,,,,,,,,,,,,,,,,,,
,,26-Jul-24,2.60%,2.5% ,2.60%,12:30,,,,,,,,,,,,,,,,,,,,,,,,,,,,,,,,
,,28-Jun-24,2.60%,2.6% ,2.80%,12:30,,,,,,,,,,,,,,,,,,,,,,,,,,,,,,,,
x,1,Event,GBP GDP (QoQ) (Q3),,,Asset,Description,,,IST Time,MT5 server time,x,Investment,Size,atr,spread,factor,VU,sl,margin,RRR,R,Notes,Notes,,,,,,,,,,,,,,
,,Actual:,,,,C:GBPJPY,"Gross Domestic Product (GDP) gauges the inflation-adjusted value of all goods and services produced within the economy. It is the most comprehensive measure of economic activity and an important indicator of economic health.

A reading that is stronger than forecast is generally supportive (bullish) for the GBP, while a weaker than forecast reading is generally negative (bearish) for the GBP.

Historical impact on Assets: GBPJPY ",,,,GBP GDP (QoQ) (Q3),,on chart,0.1,0.018,0.01700000,,0.044,-10.6,60.5,2, 21 ,,,,,,,,,,,,,,,,
,,Forecast:,0.10%,,,GBPJPY.sd,,,,,,,,,,,,,,,,,,,,,,,,,,,,,,,,
,,Previous:,0.50%,,,,,,,,,,Hist 1,0.04,0.06110,0.02800000,1.5,0.11965, (17),24,7.2, 125 ,,,,,,,,,,,,,,,,
,,Time (GMT):,7:00,,,,,,,12:30,9:00,,Hist 2,0.04,0.06320,0.02800000,1.5,0.1228, (18),24,3.62, 64 ,,,,,,,,,,,,,,,,
,,Release Date,Actual,Forecast,Previous,Time,,,,Time IST,,,,,,,,,,,,,,,,,,,,,,,,,,,,
,,15-Nov-24,0.1%,0.2% ,0.5%,7:00,,,,,,,,,,,,,,,,,,,,,,,,,,,,,,,,
,,30-Sep-24,0.5%,0.6% ,0.7%,6:00,,,,,,,Placement,0.04,0.0622,0.02800000,1.5,0.121225, (18),24,2, 35 ,,,,,,,,,,,,,,,,
,,15-Aug-24,0.6%,0.6% ,0.7%,6:00,,,,,,,Placement,-0.04,0.0622,0.02800000,-1.5,0.121225, (18),-24,2, 35 ,,,,,,,,,,,,,,,,
,,28-Jun-24,0.7%,0.6% ,-0.3%,6:00,,,,,,,,,,,,,,,,,,,,,,,,,,,,,,,,
,,10-May-24,0.6%,0.4% ,-0.3%,6:00,,,,,,,,,,,,,,,,,,,,,,,,,,,,,,,,
,,28-Mar-24,-0.3%,-0.3% ,-0.1%,7:00,,,,,,,,,,,,,,,,,,,,,,,,,,,,,,,,
,1,Event,GBP GDP (YoY) (Q3),,,Asset,Description,,,IST Time,MT5 server time,x,Investment,Size,atr,spread,factor,VU,sl,margin,RRR,R,Notes,Notes,,,,,,,,,,,,,,
,,Actual:,,,,C:GBPJPY,"Gross Domestic Product (GDP) gauges the inflation-adjusted value of all goods and services produced within the economy. It is the most comprehensive measure of economic activity and an important indicator of economic health.

A reading that is stronger than forecast is generally supportive (bullish) for the GBP, while a weaker than forecast reading is generally negative (bearish) for the GBP.

Historical impact on Assets: GBPJPY ",,,,GBP GDP (YoY) (Q3),,on chart,0.1,0.014,0.02300000,,0.044,-10.93,60.5,2, 22 ,,,,,,,,,,,,,,,,
,,Forecast:,1.00%,,,GBPJPY.sd,,,,,,,,,,,,,,,,,,,,,,,,,,,,,,,,
,,Previous:,0.70%,,,,,,,,,,Hist 1,0.1,0.06470,0.05100000,1,0.14805, (37),61,4.26, 157 ,,,,,,,,,,,,,,,,
,,Time (GMT):,7:00,,,,,,,12:30,9:00,,Hist 2,0.1,0.07213,0.05100000,1,0.1592, (40),61,3.07, 121 ,,,,,,,,,,,,,,,,
,,Release Date,Actual,Forecast,Previous,Time,,,,Time IST,,,,,,,,,,,,,,,,,,,,,,,,,,,,
,,15-Nov-24,1.0%,0.1% ,0.7%,7:00,,,,,,,,,,,,,,,,,,,,,,,,,,,,,,,,
,,30-Sep-24,0.7%,0.9% ,0.3%,6:00,,,,,,,Placement,0.02,0.0684,0.05100000,1.5,0.153625, (11),12,2, 23 ,,,,,,,,,,,,,,,,
,,15-Aug-24,0.9%,0.9% ,0.3%,6:00,,,,,,,Placement,-0.02,0.0684,0.05100000,-1.5,0.153625, (11),-12,2, 23 ,,,,,,,,,,,,,,,,
,,28-Jun-24,0.3%,0.2% ,-0.2%,6:00,,,,,,,,,,,,,,,,,,,,,,,,,,,,,,,,
,,10-May-24,0.2%,0.0% ,-0.2%,6:00,,,,,,,,,,,,,,,,,,,,,,,,,,,,,,,,
,,28-Mar-24,-0.2%,-0.2% ,0.3%,7:00,,,,,,,,,,,,,,,,,,,,,,,,,,,,,,,,
,,Event,USD CB Consumer Confidence (Dec),,,Asset,Description,,,IST Time,MT5 server time,x,Investment,Size,atr,spread,factor,VU,sl,margin,RRR,R,Notes,Notes,,,,,,,,,,,,,,
,,Actual:,,,,C:USDJPY,"Conference Board (CB) Consumer Confidence measures the level of confidence consumers have in the economy. When consumers are optimistic, they tend to spend more which increases consumption and overall economic growth.

A reading that is stronger than forecast is generally supportive (bullish) for the USD, while a weaker than forecast reading is generally negative (bearish) for the USD.

Historical impact on Assets: USDJPY ",,,,USD CB Consumer Confidence (Dec),,on chart,0.1,0.02300000,0.01600000,,0.0505,-13.1,60.5,2, 26 ,,,,,,,,,,,,,,,,
,,Forecast:, 113.0 ,,,USDJPY.sd,,,,,,,,,,,,,,,,,,,,,,,,,,,,,,,,
,,Previous:, 111.7 ,,,,,,,,,,Hist 1,0.1,0.07540,0.02200000,1.5,0.1351, (35),61,4.11, 144 ,,,,,,,,,,,,,,,,
,,Time (GMT):,15:00,,,,,,,20:30,17:00,,Hist 2,0.1,0.07560,0.02200000,1.5,0.1354, (53),61,3.27, 172 ,,,,,,,,,,,,,,,,
,,Release Date,Actual,Forecast,Previous,Time,,,,Time IST,,,,,,,,,,,,,,,,,,,,,,,,,,,,
,,26-Nov-24, 111.7 , 111.8  , 109.6 ,15:00,,,,,,,,,,,,,,,,,,,,,,,,,,,,,,,,
,,29-Oct-24, 108.7 , 99.5  , 99.2 ,14:00,,,,,,,Placement,0.05,0.0755,0.02200000,1.5,0.13525, (26),30,2.5, 66 ,,,,,,,,,,,,,,,,
,,24-Sep-24, 98.7 , 103.9  , 105.6 ,14:00,,,,,,,Placement,-0.05,0.0755,0.02200000,-1.5,0.13525, (26),-30,2.5, 66 ,,,,,,,,,,,,,,,,
,,27-Aug-24, 103.3 , 100.9  , 101.9 ,14:00,,,,,,,,,,,,,,,,,,,,,,,,,,,,,,,,
,,30-Jul-24, 100.3 , 99.7  , 97.8 ,14:00,,,,,,,,,,,,,,,,,,,,,,,,,,,,,,,,
,,25-Jun-24, 100.4 , 100.0  , 101.3 ,14:00,,,,,,,,,,,,,,,,,,,,,,,,,,,,,,,,
,,Event,Major markets closing early or closed. ,,,Asset,Description,,,IST Time,MT5 server time,x,Investment,Size,atr,spread,factor,VU,sl,margin,RRR,R,Notes,Notes,,,,,,,,,,,,,,
,,Actual:,,,,C:CADJPY,0,,,,Major markets closing early or closed. ,,on chart,0.1,0.014,0.02300000,,0.044,-10.93,60.5,2, 22 ,,,,,,,,,,,,,,,,
,,Forecast:,0.00%,,,CADJPY.sd,,,,,,,,,,,,,,,,,,,,,,,,,,,,,,,,
,,Previous:,0.00%,,,,,,,,,,Hist 1,0.1,0.06470,0.05100000,1,0.14805, (37),61,4.26, 157 ,,,,,,,,,,,,,,,,
,,Time (GMT):,0:00,,,,,,,5:30,9:00,,Hist 2,0.1,0.07213,0.05100000,1,0.1592, (40),61,3.07, 121 ,,,,,,,,,,,,,,,,
,,Release Date,Actual,Forecast,Previous,Time,,,,Time IST,,,,,,,,,,,,,,,,,,,,,,,,,,,,
,,19-Nov-24,0.4%,0.3% ,-0.4%,0:00,,,,,,,,,,,,,,,,,,,,,,,,,,,,,,,,
,,15-Oct-24,-0.4%,-0.2% ,-0.2%,12:30,,,,,,,Placement,0.02,0.0684,0.05100000,1.5,0.153625, (11),12,2, 23 ,,,,,,,,,,,,,,,,
,,17-Sep-24,-0.2%,0.0% ,0.4%,12:30,,,,,,,Placement,-0.02,0.0684,0.05100000,-1.5,0.153625, (11),-12,2, 23 ,,,,,,,,,,,,,,,,
,,20-Aug-24,0.4%,0.4% ,-0.1%,12:30,,,,,,,,,,,,,,,,,,,,,,,,,,,,,,,,
,,16-Jul-24,-0.1%,0.1% ,0.6%,12:30,,,,,,,,,,,,,,,,,,,,,,,,,,,,,,,,
,,25-Jun-24,0.6%,0.3% ,0.5%,12:30,,,,,,,,,,,,,,,,,,,,,,,,,,,,,,,,
,2,Event,USD Durable Goods Orders (MoM) (Nov) P,,,Asset,Description,,,IST Time,MT5 server time,x,Investment,Size,atr,spread,factor,VU,sl,margin,RRR,R,Notes,Notes,,,,,,,,,,,,,,
,,Actual:,,,,C:USDJPY,"Durable Goods Orders reports the change in the total value of new orders for long lasting manufactured goods, including transportation items.

A reading that is stronger than forecast is generally supportive (bullish) for the USD, while a weaker than forecast reading is generally negative (bearish) for the USD.

Historical impact on Assets: USDJPY ",,,,USD Durable Goods Orders (MoM) (Nov) P,,on chart,0.1,0.026,0.01800000,,0.057,-13.52,60.5,2, 27 ,,,,,,,,,,,,,,,,
,,Forecast:,-0.4%,,,USDJPY.sd,,,,,,,,,,,,,,,,,,,,,,,,,,,,,,,,
,,Previous:,0.2%,,,,,,,,,,Hist 1,0.1,0.06890,0.02800000,1.6,0.13135, (31),61,3.1, 97 ,,,,,,,,,,,,,,,,
,,Time (GMT):,13:30,,,8:30,,,,19:00,15:30,,Hist 2,0.1,-0.01493,0.13530000,1.6,0.1129, (43),61,5.92, 254 ,,,,,,,,,,,,,,,,
,,Release Date,Actual,Forecast,Previous,Time,,,,Time IST,,,,,,,,,,,,,,,,,,,,,,,,,,,,
,,27-Nov-24,0.2%,-0.8% ,-0.4%,13:30,,,,12:30,,,,,,,,,,,,,,,,,,,,,,,,,,,,
,,25-Oct-24,-0.8%,-1.1% ,-0.8%,12:30,,,,12:30,,,Placement,0.05,0.0270,0.13530000,1.6,0.175775, (33),30, 1.8 , 60 ,,,,,,,,,,,,,,,,
,,26-Sep-24,0.0%,-2.8% ,9.9%,12:30,,,,12:30,,,Placement,0.05,0.0270,0.13530000,1.6,0.175775, (33),30, 1.8 , 60 ,,,,,,,,,,,,,,,,
,,26-Aug-24,9.9%,4.0% ,-6.9%,12:30,,,,12:30,,,,,,,,,,,,,,,,,,,,,,,,,,,,
,,25-Jul-24,-6.6%,0.3% ,0.1%,12:30,,,,12:30,,,,,,,,,,,,,,,,,,,,,,,,,,,,
,,27-Jun-24,0.1%,-0.5% ,0.2%,12:30,,,,12:30,,,,,,,,,,,,,,,,,,,,,,,,,,,,
,3,Event,USD New Homes Sales (Nov),,,Asset,Description,,,IST Time,MT5 server time,x,Investment,Size,atr,spread,factor,VU,sl,margin,RRR,R,Notes,Notes,,,,,,,,,,,,,,
,,Actual:,,,,C:USDJPY,"
New Home Sales measures the annualised number of new single-family homes that were sold during the prior month. When it's released ahead of Existing Home Sales, this report tends to have more impact because the two reports are highly correlated.

A reading that is stronger than forecast is generally supportive (bullish) for the USD, while a weaker than forecast reading is generally negative (bearish) for the USD.

Historical impact on Assets: USDJPY ",,,,USD New Homes Sales (Nov),,on chart,0.1,0.025,0.02100000,,0.0585,-14.31,60.5,2, 29 ,,,,,,,,,,,,,,,,
,,Forecast:,650K,,,USDJPY.sd,,,,,,,,,,,,,,,,,,,,,,,,,,,,,,,,
,,Previous:,610K,,,,,,,,,,Hist 1,0.1,0.06810,0.04800000,1,0.15015, (37),61,3.83, 141 ,,,,,,,,,,,,,,,,
,,Time (GMT):,15:00,,,10:00,,,,20:30,###############################################################################################################################################################################################################################################################,,Hist 2,0.1,0.09780,0.04800000,1,0.1947, (48),61,8.13, 387 ,,,,,,,,,,,,,,,,
,,Release Date,Actual,Forecast,Previous,Time,,,,,,,,,,,,,,,,,,,,,,,,,,,,,,,,
,,26-Nov-24,610,725,738,13:30,,,,,,,,,,,,,,,,,,,,,,,,,,,,,,,,
,,24-Oct-24,738,719,709,12:30,,,,,,,Placement,0.1,0.0830,0.04800000,1.5,0.172425, (63),61,2, 127 ,,,,,,,,,,,,,,,,
,,25-Sep-24,716,699,751,12:30,,,,,,,Placement,0.1,0.0830,0.04800000,1.5,0.172425, (63),61,2, 127 ,,,,,,,,,,,,,,,,
,,23-Aug-24,739,624,668,12:30,,,,,,,,,,,,,,,,,,,,,,,,,,,,,,,,
,,24-Jul-24,617,639,621,12:30,,,,,,,,,,,,,,,,,,,,,,,,,,,,,,,,
,,26-Jun-24,619,636,698,12:30,,,,,,,,,,,,,,,,,,,,,,,,,,,,,,,,
,4,Event,Major markets closed. ,,,Asset,Description,,,IST Time,MT5 server time,x,Investment,Size,atr,spread,factor,VU,sl,margin,RRR,R,Notes,Notes,,,,,,,,,,,,,,
,,Actual:,,,,C:GBPJPY,0,,,,Major markets closed. ,,on chart,0.1,0.034,0.01500000,,0.066,-16.5,60.5,2, 33 ,,,,,,,,,,,,,,,,
,,Forecast:,0.00%,,,GBPJPY.sd,,,,,,,,,,,,,,,,,,,,,,,,,,,,,,,,
,,Previous:,220K,,,,,,,,,,Hist 1,0.06,0.08670,0.01900000,1,0.14905, (22),36,4.58, 102 ,,4.435,,,,,,,,,,,,,,
,,Time (GMT):,0:00,,,,,,,,2:00,,Hist 2,0.06,0.07973,0.01900000,1,0.1386, (21),36,3.37, 70 ,,,,,,,,,,,,,,,,
,,Release Date,Actual,Forecast,Previous,Time,,,,,,,,,,,,,,,,,,,,,,,,,,,,,,,,
,,20-Nov-24,2.30%,2.2% ,1.70%,0:00,,,,,,,,,,,,,,,,,,,,,,,,,,,,,,,,
,,16-Oct-24,1.70%,1.9% ,2.20%,6:00,,,,,,,Placement,0.06,0.0832,0.01900000,1,0.143825, (22),36,2, 43 ,,,,,,,,,,,,,,,,
,,18-Sep-24,2.20%,2.2% ,2.20%,6:00,,,,,,,Placement,0.06,0.0832,0.01900000,1,0.143825, (22),36,2, 43 ,,,,,,,,,,,,,,,,
,,14-Aug-24,2.20%,2.3% ,2.00%,6:00,,,,,,,Final,,,,,,,,,,,,,,,,,,,,,,,,,
,,17-Jul-24,2.00%,1.9% ,2.00%,6:00,,,,,,,,,,,,,,,,,,,,,,,,,,,,,,,,
,,19-Jun-24,2.00%,2.0% ,2.30%,6:00,,,,,,,,,,,,,,,,,,,,,,,,,,,,,,,,
,5,Event,USD Initial Jobless Claims,,,Asset,Description,,,IST Time,MT5 server time,x,Investment,Size,atr,spread,factor,VU,sl,margin,RRR,R,Notes,Notes,,,,,,,,,,,,,,
,,Actual:,,,,C:USDJPY,"
Initial Jobless Claims measures the number of people who filed for unemployment insurance for the first time during the past week. This is the most timely U.S. economic data, but the market impact varies from week to week.
A reading that is higher than forecast is generally negative (bearish) for the USD, while a lower than forecast reading is generally supportive (bullish) for the USD.

Historical impact on Assets: USDJPY ",,,,USD Initial Jobless Claims,,on chart,0.1,0.034,0.01500000,,0.066,-16.5,60.5,2, 33 ,,,,,,,,,,,,,,,,
,,Forecast:,,,,USDJPY.sd,,,,,,,,,,,,,,,,,,,,,,,,,,,,,,,,
,,Previous:,220K,,,,,,,,,,Hist 1,0.1,0.05940,0.00070000,1,0.0898, (22),61,4.38, 98 ,,,,,,,,,,,,,,,,
,,Time (GMT):,13:30,,,,,,,19:00,15:30,,Hist 2,0.1,0.07153,0.00070000,1,0.1080, (27),61,8, 216 ,,,,,,,,,,,,,,,,
,,Release Date,Actual,Forecast,Previous,Time,,,,Time IST,,,,,,,,,,,,,,,,,,,,,,,,,,,,
,,19-Dec-24,220,229,242,13:30,,,,,,,,,,,,,,,,,,,,,,,,,,,,,,,,
,,12-Dec-24,242,221,225,13:30,,,,,,,Placement,0.1,0.0655,0.00070000,1,0.0989, (25),61,3, 74 ,,,,,,,,,,,,,,,,
,,05-Dec-24,224,215,215,13:30,,,,,,,Placement,0.1,0.0655,0.00070000,1,0.0989, (25),61,3, 74 ,,,,,,,,,,,,,,,,
,,27-Nov-24,213,215,215,13:30,,,,,,,,,,,,,,,,,,,,,,,,,,,,,,,,
,,21-Nov-24,213,220,219,13:30,,,,,,,,,,,,,,,,,,,,,,,,,,,,,,,,
,,14-Nov-24,217,224,221,13:30,,,,,,,,,,,,,,,,,,,,,,,,,,,,,,,,
,6,Event,Crude Oil Inventories,,,Asset,Description,,,IST Time,MT5 server time,x,Investment,Size,atr,spread,factor,VU,sl,margin,RRR,R,Notes,Notes,,,,,,,,,,,,,,
,,Actual:,,,,USOILRoll,"
The Energy Information Administration's (EIA) Crude Oil Inventories measures the weekly change in the number of barrels of commercial crude oil held by US firms. The level of inventories influences the price of petroleum products, which can have an impact on inflation.

If the increase in crude inventories is more than expected, it implies weaker demand and is bearish for crude prices. The same can be said if a decline in inventories is less than expected.
If the increase in crude is less than expected, it implies greater demand and is bullish for crude prices. The same can be said if a decline in inventories is more than expected.

Historical impact on Assets: USOILRoll",,,,Crude Oil Inventories,,on chart,0.1,0.034,0.01500000,,0.066,-16.5,60.5,2, 33 ,,,,,,,,,,,,,,,,
,,Forecast:,,,,USOILRoll,,,,,,,,,,,,,,,,,,,,,,,,,,,,,,,,
,,Previous:,-0.934M,,,,,,,,,,Hist 1,0.1,0.05940,0.00070000,1,0.0898, (22),61,4.38, 98 ,,,,,,,,,,,,,,,,
,,Time (GMT):,16:00,,,,,,,21:30,18:00,,Hist 2,0.1,0.07153,0.00070000,1,0.1080, (27),61,8, 216 ,,,,,,,,,,,,,,,,
,,Release Date,Actual,Forecast,Previous,Time,,,,Time IST,,,,,,,,,,,,,,,,,,,,,,,,,,,,
,,18-Dec-24,-0.934,-1.600,-1.425,17:30,,,,15:30,,,,,,,,,,,,,,,,,,,,,,,,,,,,
,,11-Dec-24,-1.425,-1.000,-5.073,17:30,,,,15:30,,,Placement,0.1,0.0655,0.00070000,1,0.0989, (25),61,3, 74 ,,,,,,,,,,,,,,,,
,,04-Dec-24,-5.073,-1.600,-1.84,17:30,,,,15:30,,,Placement,0.1,0.0655,0.00070000,1,0.0989, (25),61,3, 74 ,,,,,,,,,,,,,,,,
,,27-Nov-24,-1.84,-1.30,0.545,17:30,,,,15:30,,,,,,,,,,,,,,,,,,,,,,,,,,,,
,,20-Nov-24,0.545,0.400,2.089,17:30,,,,15:30,,,,,,,,,,,,,,,,,,,,,,,,,,,,
,,14-Nov-24,2.089,0.400,2.149,18:00,,,,16:00,,,,,,,,,,,,,,,,,,,,,,,,,,,,
x,1,Event,USD Chicago PMI (Dec),,,Asset,Description,,,IST Time,MT5 server time,,,,,,,,,,,,,,,,,,,,,,,,,,,
,,Actual:,,,,C:USDJPY,"The Chicago Purchasing Managers' Index (PMI) is a diffusion index incorporating survey results provided by manufacturing firms around the Chicago area. A reading above fifty suggests the manufacturing sector is expanding, while a reading below fifty suggests the manufacturing sector is in contraction. The Chicago PMI can be of some assistance in forecasting the ISM manufacturing PMI.

A reading that is stronger than forecast is generally supportive (bullish) for the USD, while a weaker than forecast reading is generally negative (bearish) for the USD.

-Historical Impact on Assets: EURUSD | USDJPY",,,,USD Chicago PMI (Dec),,,,,,,,,,,,,,,,,,,,,,,,,,,
,,Forecast:, 42.70 ,,,USDJPY.sd,,,,,,,,,,,,,,,,,,,,,,,,,,,,,,,,
,,Previous:, 40.20 ,,,,,,,,,,,,,,,,,,,,,,,,,,,,,,,,,,,
,,Time (GMT):,14:45,,,,,,,20:15,16:45,,,,,,,,,,,,,,,,,,,,,,,,,,,
,,Release Date,Actual,Forecast,Previous,Time,,,,Time IST,,,,,,,,,,,,,,,,,,,,,,,,,,,,
,,29-Nov-24, 40.2 , 44.9  , 41.6 ,13:45,,,,19:15,,,,,,,,,,,,,,,,,,,,,,,,,,,,
,,31-Oct-24, 41.6 , 46.9  , 46.6 ,13:45,,,,19:15,,,,,,,,,,,,,,,,,,,,,,,,,,,,
,,30-Sep-24, 46.6 , 46.1  , 46.1 ,13:45,,,,19:15,,,,,,,,,,,,,,,,,,,,,,,,,,,,
,,30-Aug-24, 46.1 , 45.0  , 45.3 ,13:45,,,,19:15,,,,,,,,,,,,,,,,,,,,,,,,,,,,
,,31-Jul-24, 45.3 , 44.8  , 47.4 ,13:45,,,,19:15,,,,,,,,,,,,,,,,,,,,,,,,,,,,
,,28-Jun-24, 47.4 , 39.7  , 35.4 ,13:45,,,,19:15,,,,,,,,,,,,,,,,,,,,,,,,,,,,
,2,Event,Major Markets closed or closing early,,,Asset,Description,,,IST Time,MT5 server time,,,,,,,,,,,,,,,,,,,,,,,,,,,
,,Actual:,,,,C:EURUSD,0,,,,Major Markets closed or closing early,,,,,,,,,,,,,,,,,,,,,,,,,,,
,,Forecast:,  ,,,EURUSD.sd,,,,,,,,,,,,,,,,,,,,,,,,,,,,,,,,
,,Previous:, -   ,,,,,,,,,,,,,,,,,,,,,,,,,,,,,,,,,,,
,,Time (GMT):,0:00,,,,,,,5:30,2:00,,,,,,,,,,,,,,,,,,,,,,,,,,,
,,Release Date,Actual,Forecast,Previous,Time,,,,Time IST,,,,,,,,,,,,,,,,,,,,,,,,,,,,
,,16-Dec-24, 58.5 , 55.7  , 56.1 ,4:30,,,,3:30,,,,,,,,,,,,,,,,,,,,,,,,,,,,
,,04-Dec-24, 56.1 , 57.0  , 55.0 ,5:30,,,,4:30,,,,,,,,,,,,,,,,,,,,,,,,,,,,
,,22-Nov-24, 57.0 , 55.2  , 55.0 ,5:30,,,,4:30,,,,,,,,,,,,,,,,,,,,,,,,,,,,
,,05-Nov-24, 55.0 , 55.3  , 55.2 ,5:30,,,,4:30,,,,,,,,,,,,,,,,,,,,,,,,,,,,
,,24-Oct-24, 55.3 , 55.0  , 55.2 ,5:30,,,,4:30,,,,,,,,,,,,,,,,,,,,,,,,,,,,
,,03-Oct-24, 55.2 , 55.4  , 55.7 ,4:30,,,,3:30,,,,,,,,,,,,,,,,,,,,,,,,,,,,
,3,Event,CNY Manufacturing PMI (Dec),,,Asset,Description,,,IST Time,MT5 server time,,,,,,,,,,,,,,,,,,,,,,,,,,,
,,Actual:,,,,C:USDJPY,"China Manufacturing Purchasing Managers Index (PMI) provides an early indication each month of economic activities in the Chinese manufacturing sector. It is compiled by China Federation of Logistics & Purchasing (CFLP) and China Logistics Information Centre (CLIC), based on data collected by the National Bureau of Statistics (NBS).Li & Fung Research Centre is responsible for drafting and disseminating the English PMI report. Every month questionnaires are sent to over 700 manufacturing enterprises all over China. The data presented here is compiled from the enterprises responses about their purchasing activities and supply situations. The PMI should be compared to other economic data sources when used in decision-making.
A reading that is stronger than forecast is generally supportive (bullish) for the CNY , while a weaker than forecast reading is generally negative (bearish) for the CNY.

-Historical Impact on Assets: USDCNH | USDCNY",,,,CNY Manufacturing PMI (Dec),,,,,,,,,,,,,,,,,,,,,,,,,,,
,,Forecast:, 50.30 ,,,USDJPY.sd,,,,,,,,,,,,,,,,,,,,,,,,,,,,,,,,
,,Previous:, 50.30 ,,,,,,,,,,,,,,,,,,,,,,,,,,,,,,,,,,,
,,Time (GMT):,1:30,,,,,,,7:00,3:30,,,,,,,,,,,,,,,,,,,,,,,,,,,
,,Release Date,Actual,Forecast,Previous,Time,,,,Time IST,,,,,,,,,,,,,,,,,,,,,,,,,,,,
,,30-Nov-24, 50.3 , 50.2  , 50.1 ,1:30,,,,7:00,,,,,,,,,,,,,,,,,,,,,,,,,,,,
,,31-Oct-24, 50.1 , 49.8  , 49.8 ,1:30,,,,7:00,,,,,,,,,,,,,,,,,,,,,,,,,,,,
,,30-Sep-24, 49.8 , 49.4  , 49.1 ,1:30,,,,7:00,,,,,,,,,,,,,,,,,,,,,,,,,,,,
,,31-Aug-24, 49.1 , 49.5  , 49.4 ,1:30,,,,7:00,,,,,,,,,,,,,,,,,,,,,,,,,,,,
,,31-Jul-24, 49.4 , 49.4  , 49.5 ,1:30,,,,7:00,,,,,,,,,,,,,,,,,,,,,,,,,,,,
,,30-Jun-24, 49.5 , 49.5  , 49.5 ,1:30,,,,7:00,,,,,,,,,,,,,,,,,,,,,,,,,,,,
,5,Event,USD Initial Jobless Claims,,,Asset,Description,,,IST Time,MT5 server time,,,,,,,,,,,,,,,,,,,,,,,,,,,
,,Actual:,,,,C:USDJPY,#REF!,,,,USD Initial Jobless Claims,,,,,,,,,,,,,,,,,,,,,,,,,,,
,,Forecast:, 220K ,,,USDJPY.sd,,,,,,,,,,,,,,,,,,,,,,,,,,,,,,,,
,,Previous:, 219K ,,,,,,,,,,,,,,,,,,,,,,,,,,,,,,,,,,,
,,Time (GMT):,13:30,,,,,,,19:00,15:30,,,,,,,,,,,,,,,,,,,,,,,,,,,
,,Release Date,Actual,Forecast,Previous,Time,,,,Time IST,,,,,,,,,,,,,,,,,,,,,,,,,,,,
,,26-Dec-24, 219 , 223 , 220 ,13:30,,,,19:00,,,,,,,,,,,,,,,,,,,,,,,,,,,,
,,19-Dec-24, 220 , 229 , 242 ,13:30,,,,19:00,,,,,,,,,,,,,,,,,,,,,,,,,,,,
,,12-Dec-24, 242 , 221 , 225 ,13:30,,,,19:00,,,,,,,,,,,,,,,,,,,,,,,,,,,,
,,05-Dec-24, 224 , 215 , 215 ,13:30,,,,19:00,,,,,,,,,,,,,,,,,,,,,,,,,,,,
,,27-Nov-24, 213 , 215 , 215 ,13:30,,,,19:00,,,,,,,,,,,,,,,,,,,,,,,,,,,,
,,21-Nov-24, 213 , 220 , 219 ,13:30,,,,19:00,,,,,,,,,,,,,,,,,,,,,,,,,,,,
,7,Event,USD Initial Jobless Claims,,,Asset,Description,,,IST Time,MT5 server time,,,,,,,,,,,,,,,,,,,,,,,,,,,
,,Actual:,,,,C:EURUSD,"
Initial Jobless Claims measures the number of people who filed for unemployment insurance for the first time during the past week. This is the most timely U.S. economic data, but the market impact varies from week to week.
A reading that is higher than forecast is generally negative (bearish) for the USD, while a lower than forecast reading is generally supportive (bullish) for the USD.

-Historical Impact on Assets: EURUSD | USDJPY",,,,USD Initial Jobless Claims,,,,,,,,,,,,,,,,,,,,,,,,,,,
,,Forecast:, 220K ,,,EURUSD.sd,,,,,,,,,,,,,,,,,,,,,,,,,,,,,,,,
,,Previous:,219K,,,,,,,,,,,,,,,,,,,,,,,,,,,,,,,,,,,
,,Time (GMT):,13:30,,,8:30,,,,19:00,15:30,,,,,,,,,,,,,,,,,,,,,,,,,,,
,,Release Date,Actual,Forecast,Previous,Time,,,,Time IST,,,,,,,,,,,,,,,,,,,,,,,,,,,,
,,26-Dec-24,219,223,220,13:45,,,,,,,,,,,,,,,,,,,,,,,,,,,,,,,,
,,19-Dec-24,220,229,242,13:45,,,,,,,,,,,,,,,,,,,,,,,,,,,,,,,,
,,12-Dec-24,242,221,225,13:45,,,,,,,,,,,,,,,,,,,,,,,,,,,,,,,,
,,05-Dec-24,224,215,215,13:45,,,,,,,,,,,,,,,,,,,,,,,,,,,,,,,,
,,27-Nov-24,213,215,215,13:45,,,,,,,,,,,,,,,,,,,,,,,,,,,,,,,,
,,21-Nov-24,213,220,219,14:45,,,,,,,,,,,,,,,,,,,,,,,,,,,,,,,,
,8,Event,USD Manufacturing PMI (Dec),,,Asset,Description,,,IST Time,MT5 server time,,,,,,,,,,,,,,,,,,,,,,,,,,,
,,Actual:,,,,C:USDJPY,"
The Manufacturing Purchasing Managers' Index (PMI) is a diffusion index incorporating survey results provided by manufacturing firms throughout the country. A reading above fifty suggests the manufacturing sector is expanding, while a reading below fifty suggests the manufacturing sector is in contraction. Policymakers and traders watch these surveys closely as purchasing managers usually have early access to data about their company’s performance, rather than waiting for the hard data to emerge. While manufacturing accounts for a far smaller percentage of economic output than services, it is far more cyclical and is therefore a useful indicator of where in the economic cycle the economy is currently situated. A reading that is stronger than forecast is generally supportive (bullish) for the USD while a weaker than forecast reading is generally negative (bearish) for the USD.

-Historical Impact on Assets: EURUSD | USDJPY",,,,USD Manufacturing PMI (Dec),,,,,,,,,,,,,,,,,,,,,,,,,,,
,,Forecast:,,,,USDJPY.sd,,,,,,,,,,,,,,,,,,,,,,,,,,,,,,,,
,,Previous:, 49.70 ,,,,,,,,,,,,,,,,,,,,,,,,,,,,,,,,,,,
,,Time (GMT):,14:45,,,9:45,,,,20:15,16:45,,,,,,,,,,,,,,,,,,,,,,,,,,,
,,Release Date,Actual,Forecast,Previous,Time,,,,Time IST,,,,,,,,,,,,,,,,,,,,,,,,,,,,
,,16-Dec-24, 48.3 , 49.4  , 49.7 ,14:45,,,,20:15,,,,,,,,,,,,,,,,,,,,,,,,,,,,
,,02-Dec-24, 49.7 , 48.8  , 48.5 ,14:45,,,,20:15,,,,,,,,,,,,,,,,,,,,,,,,,,,,
,,22-Nov-24, 48.8 , 48.8  , 48.5 ,14:45,,,,20:15,,,,,,,,,,,,,,,,,,,,,,,,,,,,
,,01-Nov-24, 48.5 , 47.8  , 47.8 ,13:45,,,,19:15,,,,,,,,,,,,,,,,,,,,,,,,,,,,
,,24-Oct-24, 47.8 , 47.5  , 47.3 ,13:45,,,,19:15,,,,,,,,,,,,,,,,,,,,,,,,,,,,
,,01-Oct-24, 47.3 , 47.0  , 47.9 ,13:45,,,,19:15,,,,,,,,,,,,,,,,,,,,,,,,,,,,
,12,Event,Crude Oil Invetories,,,Asset,Description,,,IST Time,MT5 server time,,,,,,,,,,,,,,,,,,,,,,,,,,,
,,Actual:,,,,USOILRoll,"The Energy Information Administration's (EIA) Crude Oil Inventories measures the weekly change in the number of barrels of commercial crude oil held by US firms. The level of inventories influences the price of petroleum products, which can have an impact on inflation.

If the increase in crude inventories is more than expected, it implies weaker demand and is bearish for crude prices. The same can be said if a decline in inventories is less than expected.
If the increase in crude is less than expected, it implies greater demand and is bullish for crude prices. The same can be said if a decline in inventories is more than expected.

-Historical Impact on Assets: USOILRoll",,,,Crude Oil Invetories,,,,,,,,,,,,,,,,,,,,,,,,,,,
,,Forecast:,,,,USOILRoll,,,,,,,,,,,,,,,,,,,,,,,,,,,,,,,,
,,Previous:,-4.237M,,,,,,,,,,,,,,,,,,,,,,,,,,,,,,,,,,,
,,Time (GMT):,16:00,,,,,,,21:30,18:00,,,,,,,,,,,,,,,,,,,,,,,,,,,
,,Release Date,Actual,Forecast,Previous,Time,,,,Time IST,,,,,,,,,,,,,,,,,,,,,,,,,,,,
,,27-Dec-24,-4.237,-0.700,-0.934,20:00,,,,23:30,,,,,,,,,,,,,,,,,,,,,,,,,,,,
,,18-Dec-24,-0.934,-1.600,-1.425,17:30,,,,21:00,,,,,,,,,,,,,,,,,,,,,,,,,,,,
,,11-Dec-24,-1.425,-1.000,-5.073,17:30,,,,21:00,,,,,,,,,,,,,,,,,,,,,,,,,,,,
,,04-Dec-24,-5.073,-1.600,-1.844,17:30,,,,21:00,,,,,,,,,,,,,,,,,,,,,,,,,,,,
,,27-Nov-24,-1.844,-1.300,0.545,17:30,,,,21:00,,,,,,,,,,,,,,,,,,,,,,,,,,,,
,,20-Nov-24,0.545,0.400,2.089,17:30,,,,21:00,,,,,,,,,,,,,,,,,,,,,,,,,,,,
,10,Event,USD ISM Manufacturing PMI,,,Asset,Description,,,IST Time,MT5 server time,,,,,,,,,,,,,,,,,,,,,,,,,,,
,,Actual:,,,,C:USDJPY,"The Institute of Supply Management (ISM) Manufacturing Purchasing Managers Index (PMI) Report on Business is based on data compiled from monthly replies to questions asked of purchasing and supply executives in over 400 industrial companies across the United States. For each of the indicators measured (New Orders, Backlog of Orders, New Export Orders, Imports, Production, Supplier Deliveries, Inventories, Customers Inventories, Employment, and Prices), a diffusion index is calculated by adding the percent of positive responses plus one-half of those responding the same (considered positive). The resulting single index number is then seasonally adjusted.

The PMI is a composite index based on the seasonally adjusted diffusion indices for five of the indicators with differing weights: New Orders --30% Production --25% Employment --20% Supplier Deliveries --15% and Inventories -- 10%.

A reading that is stronger than forecast is generally supportive (bullish) for the USD, while a weaker than forecast reading is generally negative (bearish) for the USD.

-Historical Impact on Assets: EURUSD | USDJPY",,,,USD ISM Manufacturing PMI,,,,,,,,,,,,,,,,,,,,,,,,,,,
,,Forecast:,,,,USDJPY.sd,,,,,,,,,,,,,,,,,,,,,,,,,,,,,,,,
,,Previous:, 48.40 ,,,,,,,,,,,,,,,,,,,,,,,,,,,,,,,,,,,
,,Time (GMT):,15:00,,,10:00,,,,20:30,17:00,,,,,,,,,,,,,,,,,,,,,,,,,,,
,,Release Date,Actual,Forecast,Previous,Time,,,,Time IST,,,,,,,,,,,,,,,,,,,,,,,,,,,,
,,02-Dec-24, 48.4 , 47.7  , 46.5 ,15:00,,,,20:30,,,,,,,,,,,,,,,,,,,,,,,,,,,,
,,01-Nov-24, 46.5 , 47.6  , 47.2 ,14:00,,,,19:30,,,,,,,,,,,,,,,,,,,,,,,,,,,,
,,01-Oct-24, 47.2 , 47.6  , 47.2 ,14:00,,,,19:30,,,,,,,,,,,,,,,,,,,,,,,,,,,,
,,03-Sep-24, 47.2 , 47.5  , 46.8 ,14:00,,,,19:30,,,,,,,,,,,,,,,,,,,,,,,,,,,,
,,01-Aug-24, 46.8 , 48.8  , 48.5 ,14:00,,,,19:30,,,,,,,,,,,,,,,,,,,,,,,,,,,,
,,01-Jul-24, 48.5 , 49.2  , 48.7 ,14:00,,,,19:30,,,,,,,,,,,,,,,,,,,,,,,,,,,,
,11,Event,USD ISM Manufacturing Prices (Dec),,,Asset,Description,,,IST Time,MT5 server time,,,,,,,,,,,,,,,,,,,,,,,,,,,
,,Actual:,,,,C:USDJPY,"The Institute of Supply Management (ISM) Manufacturing Purchasing Managers Index (PMI) Report on Business is based on data compiled from monthly replies to questions asked of purchasing and supply executives in over 400 industrial companies. For each of the indicators measured (New Orders, Backlog of Orders, New Export Orders, Imports, Production, Supplier Deliveries, Inventories, Customers Inventories, Employment, and Prices), this report shows the percentage reporting each response, the net difference between the number of responses in the positive economic direction and the negative economic direction and the diffusion index. Responses are raw data and are never changed.

The diffusion index includes the percent of positive responses plus one-half of those responding the same (considered positive). The resulting single index number is then seasonally adjusted to allow for the effects of repetitive intra-year variations resulting primarily from normal differences in weather conditions, various institutional arrangements, and differences attributable to non-moveable holidays. All seasonal adjustment factors are supplied by the U.S. Department of Commerce and are subject annually to relatively minor changes when conditions warrant them.

The PMI is a composite index based on the seasonally adjusted diffusion indices for five of the indicators with varying weights: New Orders --30% Production --25% Employment --20% Supplier Deliveries --15% and Inventories -- 10%.

The Prices Paid subcategory is a diffusion index calculated by adding the percent of responses indicating they paid more for inputs plus one-half of those responding that they paid the same for inputs. The resulting single index number is then seasonally adjusted.

The Prices Paid diffusion index is one of a number of indicators pointing to the degree of inflationary pressures in the economy.

A higher than expected reading should be taken as positive/bullish for the USD, while a lower than expected reading should be taken as negative/bearish for the USD.

-Historical Impact on Assets: EURUSD | USDJPY",,,,USD ISM Manufacturing Prices (Dec),,,,,,,,,,,,,,,,,,,,,,,,,,,
,,Forecast:,,,,USDJPY.sd,,,,,,,,,,,,,,,,,,,,,,,,,,,,,,,,
,,Previous:, 50.30 ,,,,,,,,,,,,,,,,,,,,,,,,,,,,,,,,,,,
,,Time (GMT):,15:00,,,10:00,,,,20:30,17:00,,,,,,,,,,,,,,,,,,,,,,,,,,,
,,Release Date,Actual,Forecast,Previous,Time,,,,Time IST,,,,,,,,,,,,,,,,,,,,,,,,,,,,
,,02-Dec-24, 50.3 , 55.2  , 54.8 ,15:00,,,,20:30,,,,,,,,,,,,,,,,,,,,,,,,,,,,
,,01-Nov-24, 54.8 , 49.9  , 48.3 ,14:00,,,,19:30,,,,,,,,,,,,,,,,,,,,,,,,,,,,
,,01-Oct-24, 48.3 , 53.5  , 54.0 ,14:00,,,,19:30,,,,,,,,,,,,,,,,,,,,,,,,,,,,
,,03-Sep-24, 54.0 , 52.1  , 52.9 ,14:00,,,,19:30,,,,,,,,,,,,,,,,,,,,,,,,,,,,
,,01-Aug-24, 52.9 , 51.9  , 52.1 ,14:00,,,,19:30,,,,,,,,,,,,,,,,,,,,,,,,,,,,
,,01-Jul-24, 52.1 , 55.8  , 57.0 ,14:00,,,,19:30,,,,,,,,,,,,,,,,,,,,,,,,,,,,
,1,Event,USD Chicago PMI (Dec),,,Asset,Description,,,IST Time,MT5 server time,x,Investment,Size,atr,spread,factor,VU,sl,margin,RRR,R,Notes,Notes,,,,,,,,,,,,,,
,,Actual:,,,,C:USDJPY,"The Chicago Purchasing Managers' Index (PMI) is a diffusion index incorporating survey results provided by manufacturing firms around the Chicago area. A reading above fifty suggests the manufacturing sector is expanding, while a reading below fifty suggests the manufacturing sector is in contraction. The Chicago PMI can be of some assistance in forecasting the ISM manufacturing PMI.

A reading that is stronger than forecast is generally supportive (bullish) for the USD, while a weaker than forecast reading is generally negative (bearish) for the USD.

-Historical Impact on Assets: EURUSD | USDJPY",,,,USD Chicago PMI (Dec),,on chart,0.1,0.036,0.02200000,,0.076,-20.06,60.5,2, 40 ,,,,,,,,,,,,,,,,
,,Forecast:, 42.70 ,,,USDJPY.sd,,,,,,,,,,,,,,,,,,,,,,,,,,,,,,,,
,,Previous:, 40.20 ,,,,,,,,,,Hist 1,0.1,0.09270,0.02600000,1,0.16505, (44),61,4.89, 213 ,,,,,,,,,,,,,,,,
,,Time (GMT):,14:45,,,,,,,20:15,16:45,,Hist 2,0.1,0.05873,0.02600000,1,0.1141, (30),61,2, 60 ,,,,,,,,,,,,,,,,
,,Release Date,Actual,Forecast,Previous,Time,,,,Time IST,,,,,,,,,,,,,,,,,,,,,,,,,,,,
,,29-Nov-24, 40.2 , 44.9  , 41.6 ,13:45,,,,19:15,,,,,,,,,,,,,,,,,,,,,,,,,,,,
,,31-Oct-24, 41.6 , 46.9  , 46.6 ,13:45,,,,19:15,,,Placement,0.05,0.0757,0.02600000,1,0.139575, (18),30,1.5, 28 ,,,,,,,,,,,,,,,,
,,30-Sep-24, 46.6 , 46.1  , 46.1 ,13:45,,,,19:15,,,Placement,-0.05,0.0757,0.02600000,-1,0.139575, (18),-30,1.5, 28 ,,,,,,,,,,,,,,,,
,,30-Aug-24, 46.1 , 45.0  , 45.3 ,13:45,,,,19:15,,,,,,,,,,,,,,,,,,,,,,,,,,,,
,,31-Jul-24, 45.3 , 44.8  , 47.4 ,13:45,,,,19:15,,,,,,,,,,,,,,,,,,,,,,,,,,,,
,,28-Jun-24, 47.4 , 39.7  , 35.4 ,13:45,,,,19:15,,,,,,,,,,,,,,,,,,,,,,,,,,,,
,2,Event,Major Markets closed or closing early,,,Asset,Description,,,IST Time,MT5 server time,x,Investment,Size,atr,spread,factor,VU,sl,margin,RRR,R,Notes,Notes,,,,,,,,,,,,,,
,,Actual:,,,,C:EURUSD,0,,,,Major Markets closed or closing early,,on chart,0.1,0.034,0.01500000,,0.066,-16.5,60.5,2, 33 ,,,,,,,,,,,,,,,,
,,Forecast:,  ,,,EURUSD.sd,,,,,,,,,,,,,,,,,,,,,,,,,,,,,,,,
,,Previous:, -   ,,,,,,,,,,Hist 1,0.1,0.06490,0.01900000,1,0.11635, (29),61,3.22, 94 ,,,,,,,,,,,,,,,,
,,Time (GMT):,0:00,,,,,,,5:30,2:00,,Hist 2,0.1,0.09167,0.01900000,1,0.1565, (39),61,3.51, 137 ,,,,,,,,,,,,,,,,
,,Release Date,Actual,Forecast,Previous,Time,,,,Time IST,,,,,,,,,,,,,,,,,,,,,,,,,,,,
,,16-Dec-24, 58.5 , 55.7  , 56.1 ,4:30,,,,3:30,,,,,,,,,,,,,,,,,,,,,,,,,,,,
,,04-Dec-24, 56.1 , 57.0  , 55.0 ,5:30,,,,4:30,,,Placement,0.05,0.0783,0.01900000,1.5,0.136425, (26),30,2, 51 ,,,,,,,,,,,,,,,,
,,22-Nov-24, 57.0 , 55.2  , 55.0 ,5:30,,,,4:30,,,Placement,-0.05,0.0783,0.01900000,-1.5,0.136425, (26),-30,2, 51 ,,,,,,,,,,,,,,,,
,,05-Nov-24, 55.0 , 55.3  , 55.2 ,5:30,,,,4:30,,,,,,,,,,,,,,,,,,,,,,,,,,,,
,,24-Oct-24, 55.3 , 55.0  , 55.2 ,5:30,,,,4:30,,,,,,,,,,,,,,,,,,,,,,,,,,,,
,,03-Oct-24, 55.2 , 55.4  , 55.7 ,4:30,,,,3:30,,,,,,,,,,,,,,,,,,,,,,,,,,,,
,3,Event,CNY Manufacturing PMI (Dec),,,Asset,Description,,,IST Time,MT5 server time,x,Investment,Size,atr,spread,factor,VU,sl,margin,RRR,R,Notes,Notes,,,,,,,,,,,,,,
,,Actual:,,,,C:USDJPY,"China Manufacturing Purchasing Managers Index (PMI) provides an early indication each month of economic activities in the Chinese manufacturing sector. It is compiled by China Federation of Logistics & Purchasing (CFLP) and China Logistics Information Centre (CLIC), based on data collected by the National Bureau of Statistics (NBS).Li & Fung Research Centre is responsible for drafting and disseminating the English PMI report. Every month questionnaires are sent to over 700 manufacturing enterprises all over China. The data presented here is compiled from the enterprises responses about their purchasing activities and supply situations. The PMI should be compared to other economic data sources when used in decision-making.
A reading that is stronger than forecast is generally supportive (bullish) for the CNY , while a weaker than forecast reading is generally negative (bearish) for the CNY.

-Historical Impact on Assets: USDCNH | USDCNY",,,,CNY Manufacturing PMI (Dec),,on chart,0.1,0.03,0.01400000,,0.059,-14.72,60.5,2, 29 ,,,,,,,,,,,,,,,,
,,Forecast:, 50.30 ,,,USDJPY.sd,,,,,,,,,,,,,,,,,,,,,,,,,,,,,,,,
,,Previous:, 50.30 ,,,,,,,,,,Hist 1,0.1,0.05700,0.01800000,1,0.1035, (26),61,4.12, 106 ,,,,,,,,,,,,,,,,
,,Time (GMT):,1:30,,,,,,,7:00,3:30,,Hist 2,0.1,0.06327,0.01800000,1,0.1129, (28),61,2.46, 69 ,,,,,,,,,,,,,,,,
,,Release Date,Actual,Forecast,Previous,Time,,,,Time IST,,,,,,,,,,,,,,,,,,,,,,,,,,,,
,,30-Nov-24, 50.3 , 50.2  , 50.1 ,1:30,,,,7:00,,,,,,,,,,,,,,,,,,,,,,,,,,,,
,,31-Oct-24, 50.1 , 49.8  , 49.8 ,1:30,,,,7:00,,,Placement,0.1,0.0601,0.01800000,1,0.1082, (27),61,2, 54 ,,,,,,,,,,,,,,,,
,,30-Sep-24, 49.8 , 49.4  , 49.1 ,1:30,,,,7:00,,,Placement,0.1,0.0601,0.01800000,1,0.1082, (27),61,2, 54 ,,,,,,,,,,,,,,,,
,,31-Aug-24, 49.1 , 49.5  , 49.4 ,1:30,,,,7:00,,,,,,,,,,,,,,,,,,,,,,,,,,,,
,,31-Jul-24, 49.4 , 49.4  , 49.5 ,1:30,,,,7:00,,,,,,,,,,,,,,,,,,,,,,,,,,,,
,,30-Jun-24, 49.5 , 49.5  , 49.5 ,1:30,,,,7:00,,,,,,,,,,,,,,,,,,,,,,,,,,,,
,4,Event,Major Markets closed,,,Asset,Description,,,IST Time,MT5 server time,x,Investment,Size,atr,spread,factor,VU,sl,margin,RRR,R,Notes,Notes,,,,,,,,,,,,,,
,,Actual:,,,,C:EURUSD,0,,,,Major Markets closed,,on chart,0.1,0.03,0.01400000,,0.059,-14.72,60.5,2, 29 ,,,,,,,,,,,,,,,,
,,Forecast:, -   ,,,EURUSD.sd,,,,,,,,,,,,,,,,,,,,,,,,,,,,,,,,
,,Previous:,0.0%,,,,,,,,,,Hist 1,0.1,0.02740,0.01700000,1,0.0581, (14),61,2.95, 43 ,,,,,,,,,,,,,,,,
,,Time (GMT):,0:00,,,###############################################################################################################################################################################################################################################################,,,,5:30,17:00,,Hist 2,0.1,0.02947,0.01700000,1,0.0612, (15),61,3.35, 51 ,,,,,,,,,,,,,,,,
,,Release Date,Actual,Forecast,Previous,Time,,,,,,,,,,,,,,,,,,,,,,,,,,,,,,,,
,,04-Dec-24, 52.10 , 55.5  , 56.00 ,13:30,,,,,,,,,,,,,,,,,,,,,,,,,,,,,,,,
,,05-Nov-24, 56.00 , 53.8  , 54.90 ,12:30,,,,,,,Placement,0.2,0.0284,0.01700000,1,0.05965, (30),121,2, 60 ,,,,,,,,,,,,,,,,
,,03-Oct-24, 54.90 , 51.7  , 51.50 ,12:30,,,,,,,Placement,0.2,0.0284,0.01700000,1,0.05965, (30),121,2, 60 ,,,,,,,,,,,,,,,,
,,05-Sep-24, 51.50 , 51.3  , 51.40 ,12:30,,,,,,,,,,,,,,,,,,,,,,,,,,,,,,,,
,,05-Aug-24, 51.40 , 51.4  , 48.80 ,12:30,,,,,,,,,,,,,,,,,,,,,,,,,,,,,,,,
,,03-Jul-24, 48.80 , 52.6  , 53.80 ,12:30,,,,,,,,,,,,,,,,,,,,,,,,,,,,,,,,
,5,Event,USD Initial Jobless Claims,,,Asset,Description,,,IST Time,MT5 server time,x,Investment,Size,atr,spread,factor,VU,sl,margin,RRR,R,Notes,Notes,,,,,,,,,,,,,,
,,Actual:,,,,C:USDJPY,#REF!,,,,USD Initial Jobless Claims,,on chart,0.1,0.016,0.02400000,,0.048,-10.88,91.8,2, 22 ,,,,,,,,,,,,,,,,
,,Forecast:, 220K ,,,USDJPY.sd,,,,,,,,,,,,,,,,,,,,,,,,,,,,,,,,
,,Previous:, 219K ,,,,,,,,,,Hist 1,0.15,0.09240,0.02200000,1,0.1606, (55),91,3.43, 187 ,,4.435,,,,,,,,,,,,,,
,,Time (GMT):,13:30,,,,,,,19:00,15:30,,Hist 2,0.15,0.10387,0.02200000,1,0.1778, (60),91,3.55, 215 ,,,,,,,,,,,,,,,,
,,Release Date,Actual,Forecast,Previous,Time,,,,Time IST,,,,,,,,,,,,,,,,,,,,,,,,,,,,
,,26-Dec-24, 219 , 223 , 220 ,13:30,,,,19:00,,,,,,,,,,,,,,,,,,,,,,,,,,,,
,,19-Dec-24, 220 , 229 , 242 ,13:30,,,,19:00,,,Placement,0.15,0.0981,0.02200000,1,0.1692, (58),91,2.5, 144 ,,,,,,,,,,,,,,,,
,,12-Dec-24, 242 , 221 , 225 ,13:30,,,,19:00,,,,,,,,,,,,,,,,,,,,,,,,,,,,
,,05-Dec-24, 224 , 215 , 215 ,13:30,,,,19:00,,,Final,,,,,, -   ,,, -   ,,,,,,,,,,,,,,,,
,,27-Nov-24, 213 , 215 , 215 ,13:30,,,,19:00,,,,,,,,,,,,,,,,,,,,,,,,,,,,
,,21-Nov-24, 213 , 220 , 219 ,13:30,,,,19:00,,,,,,,,,,,,,,,,,,,,,,,,,,,,
,6,Event,"Markets closed: Swiss, Russia, NZ, Japan",,,Asset,Description,,,IST Time,MT5 server time,x,Investment,Size,atr,spread,factor,VU,sl,margin,RRR,R,Notes,Notes,,,,,,,,,,,,,,
,,Actual:,,,,C:EURUSD,0,,,,"Markets closed: Swiss, Russia, NZ, Japan",,on chart,0.1,0.03,0.01400000,,0.059,-14.72,60.5,2, 29 ,,,,,,,,,,,,,,,,
,,Forecast:,,,,EURUSD.sd,,,,,,,,,,,,,,,,,,,,,,,,,,,,,,,,
,,Previous:, -   ,,,,,,,,,,Hist 1,0.15,20.99710,3.00000000,1,34.49565," (12,910)",91,8.03," 103,664 ",,,,,,,,,,,,,,,,
,,Time (GMT):,0:00,,,,,,,5:30,3:00,,Hist 2,0.25,13.42667,3.00000000,1,23.1400," (14,433)",151,4.75," 68,557 ",,,,,,,,,,,,,,,,
,,Release Date,Actual,Forecast,Previous,Time,,,,Time IST,,,,,,,,,,,,,,,,,,,,,,,,,,,,
,,04-Dec-24, 58.20 , 56.4  , 58.10 ,13:30,,,,0:00,,,,,,,,,,,,,,,,,,,,,,,,,,,,
,,05-Nov-24, 58.10 , 58.0  , 59.40 ,12:30,,,,0:00,,,Placement,0.1,17.2119,3.00000000,1.5,28.817825," (10,785)",61,2," 21,569 ",,,,,,,,,,,,,,,,
,,03-Oct-24, 59.40 , 56.3  , 57.30 ,12:30,,,,0:00,,,Placement,0.1,17.2119,3.00000000,1.5,28.817825," (10,785)",61,2," 21,569 ",,,,,,,,,,,,,,,,
,,05-Sep-24, 57.30 , 56.0  , 57.00 ,12:30,,,,0:00,,,,,,,,,,,,,,,,,,,,,,,,,,,,
,,05-Aug-24, 57.00 , 56.0  , 56.30 ,12:30,,,,0:00,,,,,,,,,,,,,,,,,,,,,,,,,,,,
,,03-Jul-24, 56.30 , 56.7  , 58.10 ,12:30,,,,0:00,,,,,,,,,,,,,,,,,,,,,,,,,,,,
,7,Event,USD Initial Jobless Claims,,,Asset,Description,,,IST Time,MT5 server time,x,Investment,Size,atr,spread,factor,VU,sl,margin,RRR,R,Notes,Notes,,,,,,,,,,,,,,
,,Actual:,,,,C:EURUSD,"
Initial Jobless Claims measures the number of people who filed for unemployment insurance for the first time during the past week. This is the most timely U.S. economic data, but the market impact varies from week to week.
A reading that is higher than forecast is generally negative (bearish) for the USD, while a lower than forecast reading is generally supportive (bullish) for the USD.

-Historical Impact on Assets: EURUSD | USDJPY",,,,USD Initial Jobless Claims,,on chart,0.1,0.03,0.01600000,,0.061,-14.17,91.8,2, 28 ,,,,,,,,,,,,,,,,
,,Forecast:, 220K ,,,EURUSD.sd,,,,,,,,,,,,,,,,,,,,,,,,,,,,,,,,
,,Previous:,219K,,,,,,,,,,Hist 1,0.1,0.07910,0.01600000,1,0.13465, (31),61,3.81, 119 ,,4.435,,,,,,,,,,,,,,
,,Time (GMT):,13:30,,,8:30,,,,19:00,15:30,,Hist 2,0.1,0.06327,0.01600000,1,0.1109, (26),61,5.21, 134 ,,,,,,,,,,,,,,,,
,,Release Date,Actual,Forecast,Previous,Time,,,,Time IST,,,,,,,,,,,,,,,,,,,,,,,,,,,,
,,26-Dec-24,219,223,220,13:45,,,,,,,,,,,,,,,,,,,,,,,,,,,,,,,,
,,19-Dec-24,220,229,242,13:45,,,,,,,Placement,-0.06,0.0712,0.01600000,-1.5,0.122775, (26),-36,2, 51 ,,,,,,,,,,,,,,,,
,,12-Dec-24,242,221,225,13:45,,,,,,,Placement,0.06,0.0712,0.01600000,1.5,0.122775, (26),36,2, 51 ,,,,,,,,,,,,,,,,
,,05-Dec-24,224,215,215,13:45,,,,,,,Final,,,,,,,,,,,,,,,,,,,,,,,,,
,,27-Nov-24,213,215,215,13:45,,,,,,,,,,,,,,,,,,,,,,,,,,,,,,,,
,,21-Nov-24,213,220,219,14:45,,,,,,,,,,,,,,,,,,,,,,,,,,,,,,,,
,8,Event,USD Manufacturing PMI (Dec),,,Asset,Description,,,IST Time,MT5 server time,x,Investment,Size,atr,spread,factor,VU,sl,margin,RRR,R,Notes,Notes,,,,,,,,,,,,,,
,,Actual:,,,,C:USDJPY,"
The Manufacturing Purchasing Managers' Index (PMI) is a diffusion index incorporating survey results provided by manufacturing firms throughout the country. A reading above fifty suggests the manufacturing sector is expanding, while a reading below fifty suggests the manufacturing sector is in contraction. Policymakers and traders watch these surveys closely as purchasing managers usually have early access to data about their company’s performance, rather than waiting for the hard data to emerge. While manufacturing accounts for a far smaller percentage of economic output than services, it is far more cyclical and is therefore a useful indicator of where in the economic cycle the economy is currently situated. A reading that is stronger than forecast is generally supportive (bullish) for the USD while a weaker than forecast reading is generally negative (bearish) for the USD.

-Historical Impact on Assets: EURUSD | USDJPY",,,,USD Manufacturing PMI (Dec),,on chart,0.1,0.064,0.02300000,,0.119,-26.62,60.23,,,,,,,,,,,,,,,,,,
,,Forecast:,,,,USDJPY.sd,,,,,,,,,,,,,,,,,,,,,,,,,,,,,,,,
,,Previous:, 49.70 ,,,,,,,,,,Hist 1,0.05,0.06870,0.09900000,2.0,0.20205, (23),30,4.95, 112 ,,,,,,,,,,,,,,,,
,,Time (GMT):,14:45,,,9:45,,,,20:15,16:45,,Hist 2,0.05,0.01060,0.09900000,2.0,0.1149, (26),30, 4.9 , 127 ,,,,,,,,,,,,,,,,
,,Release Date,Actual,Forecast,Previous,Time,,,,Time IST,,,,,,,,,,,,,,,,,,,,,,,,,,,,
,,16-Dec-24, 48.3 , 49.4  , 49.7 ,14:45,,,,20:15,,,,,,,,,,,,,,,,,,,,,,,,,,,,
,,02-Dec-24, 49.7 , 48.8  , 48.5 ,14:45,,,,20:15,,,Placement,0.020,0.0106,0.09900000,2.0,0.1149, (10),12,2.0, 21 ,,,,,,,,,,,,,,,,
,,22-Nov-24, 48.8 , 48.8  , 48.5 ,14:45,,,,20:15,,,Placement,0.020,0.0106,0.09900000,2.0,0.1149, (10),12,2.0, 21 ,,,,,,,,,,,,,,,,
,,01-Nov-24, 48.5 , 47.8  , 47.8 ,13:45,,,,19:15,,,,,,,,,,,,,,,,,,,,,,,,,,,,
,,24-Oct-24, 47.8 , 47.5  , 47.3 ,13:45,,,,19:15,,,,,,,,,,,,,,,,,,,,,,,,,,,,
,,01-Oct-24, 47.3 , 47.0  , 47.9 ,13:45,,,,19:15,,,,,,,,,,,,,,,,,,,,,,,,,,,,
,9,Event,#REF!,,,Asset,Description,,,IST Time,MT5 server time,x,Investment,Size,atr,spread,factor,VU,sl,margin,RRR,R,Notes,Notes,,,,,,,,,,,,,,
,,Actual:,,,,C:USDJPY,#REF!,,,,,,on chart,0.1,0.039,0.01700000,,0.0755,-17.67,60.23,,,,,,,,,,,,,,,,,,
,,Forecast:,#REF!,,,USDJPY.sd,,,,,,,,,,,,,,,,,,,,,,,,,,,,,,,,
,,Previous:,#REF!,,,,,,,,,,Hist 1,0.1,0.03910,0.01400000,1.0,0.07265, (17),61,4.29, 73 ,,,,,,,,,,,,,,,,
,,Time (GMT):,#REF!,,,,,,,#REF!,#REF!,,Hist 2,0.1,0.04993,0.01400000,1.0,0.0889, (21),61, 4.9 , 102 ,,,,,,,,,,,,,,,,
,,Release Date,Actual,Forecast,Previous,Time,,,,Time IST,,,,,,,,,,,,,,,,,,,,,,,,,,,,
,,05-Nov-24,4.35%,  ,4.07%,18:00,,,,20:15,,,,,,,,,,,,,,,,,,,,,,,,,,,,
,,09-Oct-24,4.07%,  ,3.65%,17:00,,,,20:15,,,Placement,0.1,0.0499,0.01400000,1.0,0.0889, (21),61,2.0, 42 ,,,,,,,,,,,,,,,,
,,11-Sep-24,3.65%,  ,3.96%,17:00,,,,19:15,,,Placement,0.1,0.0499,0.01400000,1.0,0.0889, (21),61,2.0, 42 ,,,,,,,,,,,,,,,,
,,07-Aug-24,3.96%,  ,4.28%,17:00,,,,19:15,,,,,,,,,,,,,,,,,,,,,,,,,,,,
,,10-Jul-24,4.28%,  ,4.44%,17:00,,,,0:00,,,,,,,,,,,,,,,,,,,,,,,,,,,,
,,11-Jun-24,4.44%,  ,4.48%,17:00,,,,0:00,,,,,,,,,,,,,,,,,,,,,,,,,,,,
,10,Event,USD ISM Manufacturing PMI,,,Asset,Description,,,IST Time,MT5 server time,x,Investment,Size,atr,spread,factor,VU,sl,margin,RRR,R,Notes,Notes,,,,,,,,,,,,,,
,,Actual:,,,,C:USDJPY,"The Institute of Supply Management (ISM) Manufacturing Purchasing Managers Index (PMI) Report on Business is based on data compiled from monthly replies to questions asked of purchasing and supply executives in over 400 industrial companies across the United States. For each of the indicators measured (New Orders, Backlog of Orders, New Export Orders, Imports, Production, Supplier Deliveries, Inventories, Customers Inventories, Employment, and Prices), a diffusion index is calculated by adding the percent of positive responses plus one-half of those responding the same (considered positive). The resulting single index number is then seasonally adjusted.

The PMI is a composite index based on the seasonally adjusted diffusion indices for five of the indicators with differing weights: New Orders --30% Production --25% Employment --20% Supplier Deliveries --15% and Inventories -- 10%.

A reading that is stronger than forecast is generally supportive (bullish) for the USD, while a weaker than forecast reading is generally negative (bearish) for the USD.

-Historical Impact on Assets: EURUSD | USDJPY",,,,USD ISM Manufacturing PMI,,on chart,0.1,0.064,0.02300000,,0.119,-26.62,60.23,,,,,,,,,,,,,,,,,,
,,Forecast:,,,,USDJPY.sd,,,,,,,,,,,,,,,,,,,,,,,,,,,,,,,,
,,Previous:, 48.40 ,,,,,,,,,,Hist 1,0.04,0.06870,0.02000000,1.0,0.12305, (11),24,4.95, 55 ,,,,,,,,,,,,,,,,
,,Time (GMT):,15:00,,,10:00,,,,20:30,17:00,,Hist 2,0.04,0.06870,0.02000000,1.0,0.1231, (11),24, 2.1 , 23 ,,,,,,,,,,,,,,,,
,,Release Date,Actual,Forecast,Previous,Time,,,,Time IST,,,,,,,,,,,,,,,,,,,,,,,,,,,,
,,02-Dec-24, 48.4 , 47.7  , 46.5 ,15:00,,,,20:30,,,,,,,,,,,,,,,,,,,,,,,,,,,,
,,01-Nov-24, 46.5 , 47.6  , 47.2 ,14:00,,,,19:30,,,Placement,0.04,0.0687,0.02000000,1.0,0.1231, (11),24,2.0, 22 ,,,,,,,,,,,,,,,,
,,01-Oct-24, 47.2 , 47.6  , 47.2 ,14:00,,,,19:30,,,Placement,0.04,0.0687,0.02000000,1.0,0.1231, (11),24,2.0, 22 ,,,,,,,,,,,,,,,,
,,03-Sep-24, 47.2 , 47.5  , 46.8 ,14:00,,,,19:30,,,,,,,,,,,,,,,,,,,,,,,,,,,,
,,01-Aug-24, 46.8 , 48.8  , 48.5 ,14:00,,,,19:30,,,,,,,,,,,,,,,,,,,,,,,,,,,,
,,01-Jul-24, 48.5 , 49.2  , 48.7 ,14:00,,,,19:30,,,,,,,,,,,,,,,,,,,,,,,,,,,,
,11,Event,USD ISM Manufacturing Prices (Dec),,,Asset,Description,,,IST Time,MT5 server time,x,Investment,Size,atr,spread,factor,VU,sl,margin,RRR,R,Notes,Notes,,,,,,,,,,,,,,
,,Actual:,,,,C:USDJPY,"The Institute of Supply Management (ISM) Manufacturing Purchasing Managers Index (PMI) Report on Business is based on data compiled from monthly replies to questions asked of purchasing and supply executives in over 400 industrial companies. For each of the indicators measured (New Orders, Backlog of Orders, New Export Orders, Imports, Production, Supplier Deliveries, Inventories, Customers Inventories, Employment, and Prices), this report shows the percentage reporting each response, the net difference between the number of responses in the positive economic direction and the negative economic direction and the diffusion index. Responses are raw data and are never changed.

The diffusion index includes the percent of positive responses plus one-half of those responding the same (considered positive). The resulting single index number is then seasonally adjusted to allow for the effects of repetitive intra-year variations resulting primarily from normal differences in weather conditions, various institutional arrangements, and differences attributable to non-moveable holidays. All seasonal adjustment factors are supplied by the U.S. Department of Commerce and are subject annually to relatively minor changes when conditions warrant them.

The PMI is a composite index based on the seasonally adjusted diffusion indices for five of the indicators with varying weights: New Orders --30% Production --25% Employment --20% Supplier Deliveries --15% and Inventories -- 10%.

The Prices Paid subcategory is a diffusion index calculated by adding the percent of responses indicating they paid more for inputs plus one-half of those responding that they paid the same for inputs. The resulting single index number is then seasonally adjusted.

The Prices Paid diffusion index is one of a number of indicators pointing to the degree of inflationary pressures in the economy.

A higher than expected reading should be taken as positive/bullish for the USD, while a lower than expected reading should be taken as negative/bearish for the USD.

-Historical Impact on Assets: EURUSD | USDJPY",,,,USD ISM Manufacturing Prices (Dec),,on chart,0.1,0.027,0.01600000,,0.0565,-13.31,91.8,2, 27 ,,,,,,,,,,,,,,,,
,,Forecast:,,,,USDJPY.sd,,,,,,,,,,,,,,,,,,,,,,,,,,,,,,,,
,,Previous:, 50.30 ,,,,,,,,,,Hist 1,0.1,0.04050,0.01700000,1,0.07775, (18),61,3.27, 60 ,,4.435,,,,,,,,,,,,,,
,,Time (GMT):,15:00,,,10:00,,,,20:30,17:00,,Hist 2,0.1,0.02527,0.01700000,1,0.0549, (13),61, 2.2 , 29 ,,,,,,,,,,,,,,,,
,,Release Date,Actual,Forecast,Previous,Time,,,,Time IST,,,,,,,,,,,,,,,,,,,,,,,,,,,,
,,02-Dec-24, 50.3 , 55.2  , 54.8 ,15:00,,,,20:30,,,,,,,,,,,,,,,,,,,,,,,,,,,,
,,01-Nov-24, 54.8 , 49.9  , 48.3 ,14:00,,,,19:30,,,Placement,0.1,0.0329,0.01700000,1,0.066325, (16),61,2, 31 ,,,,,,,,,,,,,,,,
,,01-Oct-24, 48.3 , 53.5  , 54.0 ,14:00,,,,19:30,,,,,,,,,,,,,,,,,,,,,,,,,,,,
,,03-Sep-24, 54.0 , 52.1  , 52.9 ,14:00,,,,19:30,,,,,,,,,,,,,,,,,,,,,,,,,,,,
,,01-Aug-24, 52.9 , 51.9  , 52.1 ,14:00,,,,19:30,,,,,,,,,,,,,,,,,,,,,,,,,,,,
,,01-Jul-24, 52.1 , 55.8  , 57.0 ,14:00,,,,19:30,,,,,,,,,,,,,,,,,,,,,,,,,,,,
,12,Event,Crude Oil Invetories,,,Asset,Description,,,IST Time,MT5 server time,x,Investment,Size,atr,spread,factor,VU,sl,margin,RRR,R,Notes,Notes,,,,,,,,,,,,,,
,,Actual:,,,,USOILRoll,"The Energy Information Administration's (EIA) Crude Oil Inventories measures the weekly change in the number of barrels of commercial crude oil held by US firms. The level of inventories influences the price of petroleum products, which can have an impact on inflation.

If the increase in crude inventories is more than expected, it implies weaker demand and is bearish for crude prices. The same can be said if a decline in inventories is less than expected.
If the increase in crude is less than expected, it implies greater demand and is bullish for crude prices. The same can be said if a decline in inventories is more than expected.

-Historical Impact on Assets: USOILRoll",,,,Crude Oil Invetories,,on chart,0.1,0.00033,0.00015000,1,0.066,-22.85,60.5,2,,,,,,,,,,,,,,,,,
,,Forecast:,,,,USOILRoll,,,,,,,,,,,,,,,,,,,,,,,,,,,,,,,,
,,Previous:,-4.237M,,,,,,,,,,Hist 1,0.1,0.00030,0.00020000,1.0,0.00065, (0),61,2.81, 1 ,,,,,,,,,,,,,,,,
,,Time (GMT):,16:00,,,,,,,21:30,18:00,,Hist 2,0.1,0.00040,0.00020000,1.0,0.0008, (0),61, 2.5 , 1 ,,,,,,,,,,,,,,,,
,,Release Date,Actual,Forecast,Previous,Time,,,,Time IST,,,,,,,,,,,,,,,,,,,,,,,,,,,,
,,27-Dec-24,-4.237,-0.700,-0.934,20:00,,,,23:30,,,,,,,,,,,,,,,,,,,,,,,,,,,,
,,18-Dec-24,-0.934,-1.600,-1.425,17:30,,,,21:00,,,Placement,-0.10,0.0003,0.00020000,-1.0,0.000715, (0),61,2.0, 0 ,P,,,,,,,,,,,,,,,
,,11-Dec-24,-1.425,-1.000,-5.073,17:30,,,,21:00,,,Placement,0.10,0.0003,0.00000000,1.0,0.000715, (0),61,2.0, 0 ,P,,,,,,,,,,,,,,,
,,04-Dec-24,-5.073,-1.600,-1.844,17:30,,,,21:00,,,,,,,,,,,,,,,,,,,,,,,,,,,,
,,27-Nov-24,-1.844,-1.300,0.545,17:30,,,,21:00,,,,,,,,,,,,,,,,,,,,,,,,,,,,
,,20-Nov-24,0.545,0.400,2.089,17:30,,,,21:00,,,,,,,,,,,,,,,,,,,,,,,,,,,,
x,1,Event,EUR German CPI (MoM) (Dec) P,,,Asset,Description,,,IST Time,MT5 server time,,,,,,,,,,,,,,,,,,,,,,,,,,,
,,Actual:,,,,C:EURUSD,"The Consumer Price Index (CPI) measures the change in the prices of goods and services from the perspective of the consumer. As Germany has the largest output of any country in the euro-zone, the European Central bank pays very close attention to this figure in its role of maintaining price stability.

A reading that is stronger than forecast is generally supportive (bullish) for the EUR, while a weaker than forecast reading is generally negative (bearish) for the EUR.

-Historical Impact on Assets: EURUSD | EURJPY",,,,EUR German CPI (MoM) (Dec) P,,,,,,,,,,,,,,,,,,,,,,,,,,,
,,Forecast:,,,,EURUSD.sd,,,,,,,,,,,,,,,,,,,,,,,,,,,,,,,,
,,Previous:,-0.20%,,,,,,,,,,,,,,,,,,,,,,,,,,,,,,,,,,,
,,Time (GMT):,13:00,,,,,,,18:30,15:00,,,,,,,,,,,,,,,,,,,,,,,,,,,
,,Release Date,Actual,Forecast,Previous,Time,,,,Time IST,,,,,,,,,,,,,,,,,,,,,,,,,,,,
,,10-Dec-24,-0.2%,-0.2% ,0.4%,7:00,,,,,,,,,,,,,,,,,,,,,,,,,,,,,,,,
,,28-Nov-24,-0.2%,-0.2% ,0.4%,13:00,,,,,,,,,,,,,,,,,,,,,,,,,,,,,,,,
,,12-Nov-24,0.4%,0.4% ,0.0%,7:00,,,,,,,,,,,,,,,,,,,,,,,,,,,,,,,,
,,30-Oct-24,0.4%,0.2% ,0.0%,13:00,,,,,,,,,,,,,,,,,,,,,,,,,,,,,,,,
,,11-Oct-24,0.0%,0.0% ,-0.1%,6:00,,,,,,,,,,,,,,,,,,,,,,,,,,,,,,,,
,,30-Sep-24,0.0%,0.1% ,-0.1%,12:00,,,,,,,,,,,,,,,,,,,,,,,,,,,,,,,,
,2,Event,USD Services PMI (Dec),,,Asset,Description,,,IST Time,MT5 server time,,,,,,,,,,,,,,,,,,,,,,,,,,,
,,Actual:,,,,C:EURUSD,"The Service PMI release is published monthly by Markit Economics. The data are based on surveys of over 400 executives in private sector service companies. The surveys cover transport and communication, financial intermediaries, business and personal services, computing & IT, hotels and restaurants. 
An index level of 50 denotes no change since the previous month, while a level above 50 signals an improvement, and below 50 indicates a deterioration. A reading that is stronger than forecast is generally supportive (bullish) for the USD, while a weaker than forecast reading is generally negative (bearish) for the USD.

-Historical Impact on Assets: EURUSD | USDJPY",,,,USD Services PMI (Dec),,,,,,,,,,,,,,,,,,,,,,,,,,,
,,Forecast:, 58.50 ,,,EURUSD.sd,,,,,,,,,,,,,,,,,,,,,,,,,,,,,,,,
,,Previous:, 56.10 ,,,,,,,,,,,,,,,,,,,,,,,,,,,,,,,,,,,
,,Time (GMT):,14:45,,,,,,,20:15,16:45,,,,,,,,,,,,,,,,,,,,,,,,,,,
,,Release Date,Actual,Forecast,Previous,Time,,,,Time IST,,,,,,,,,,,,,,,,,,,,,,,,,,,,
,,16-Dec-24, 58.5 , 55.7  , 56.1 ,14:45,,,,,,,,,,,,,,,,,,,,,,,,,,,,,,,,
,,04-Dec-24, 56.1 , 57.0  , 55.0 ,14:45,,,,,,,,,,,,,,,,,,,,,,,,,,,,,,,,
,,22-Nov-24, 57.0 , 55.2  , 55.0 ,14:45,,,,,,,,,,,,,,,,,,,,,,,,,,,,,,,,
,,05-Nov-24, 55.0 , 55.3  , 55.2 ,14:45,,,,,,,,,,,,,,,,,,,,,,,,,,,,,,,,
,,24-Oct-24, 55.3 , 55.0  , 55.2 ,13:45,,,,,,,,,,,,,,,,,,,,,,,,,,,,,,,,
,,03-Oct-24, 55.2 , 55.4  , 55.7 ,13:45,,,,,,,,,,,,,,,,,,,,,,,,,,,,,,,,
,3,Event,CHF CPI (YoY) (Dec),,,Asset,Description,,,IST Time,MT5 server time,,,,,,,,,,,,,,,,,,,,,,,,,,,
,,Actual:,,,,C:EURCHF,"According to Bloomberg, Swiss inflation is expected to ease from 0.7% in November to 0.6% in December. Markets have already priced in a 25-basis-point rate cut by the Swiss National Bank at its March meeting. Lower-than-expected inflation could prompt expectations of further rate cuts this year, potentially weakening the Swiss franc against major currencies. 

Investors will also watch the release of European CPI data for December, scheduled on the same day. Bloomberg forecasts that core inflation (excluding food and energy) will remain steady at 2.7% in December. 

In its December meeting, the European Central Bank reduced interest rates by 25 basis points. Markets have priced in three additional 25-basis-point cuts this year. However, higher-than-expected inflation could reduce the likelihood of these cuts, potentially strengthening the euro against major currencies like the Swiss franc. 

-Historical Impact on Assets: EURUSD | EURJPY | EURCHF",,,,CHF CPI (YoY) (Dec),,,,,,,,,,,,,,,,,,,,,,,,,,,
,,Forecast:,,,,EURCHF.sd,,,,,,,,,,,,,,,,,,,,,,,,,,,,,,,,
,,Previous:,0.70%,,,,,,,,,,,,,,,,,,,,,,,,,,,,,,,,,,,
,,Time (GMT):,7:30,,,,,,,13:00,9:30,,,,,,,,,,,,,,,,,,,,,,,,,,,
,,Release Date,Actual,Forecast,Previous,Time,,,,Time IST,,,,,,,,,,,,,,,,,,,,,,,,,,,,
,,03-Dec-24,0.7%,0.8% ,0.6%,7:30,,,,,,,,,,,,,,,,,,,,,,,,,,,,,,,,
,,01-Nov-24,0.6%,0.8% ,0.8%,7:30,,,,,,,,,,,,,,,,,,,,,,,,,,,,,,,,
,,03-Oct-24,0.8%,1.1% ,1.1%,6:30,,,,,,,,,,,,,,,,,,,,,,,,,,,,,,,,
,,03-Sep-24,1.1%,1.2% ,1.3%,6:30,,,,,,,,,,,,,,,,,,,,,,,,,,,,,,,,
,,02-Aug-24,1.3%,1.3% ,1.3%,6:30,,,,,,,,,,,,,,,,,,,,,,,,,,,,,,,,
,,04-Jul-24,1.3%,1.4% ,1.4%,6:30,,,,,,,,,,,,,,,,,,,,,,,,,,,,,,,,
,3,Event,EUR CPI (YoY) (Dec) P,,,Asset,Description,,,IST Time,MT5 server time,,,,,,,,,,,,,,,,,,,,,,,,,,,
,,Actual:,,,,C:EURCHF,"According to Bloomberg, Swiss inflation is expected to ease from 0.7% in November to 0.6% in December. Markets have already priced in a 25-basis-point rate cut by the Swiss National Bank at its March meeting. Lower-than-expected inflation could prompt expectations of further rate cuts this year, potentially weakening the Swiss franc against major currencies. 

Investors will also watch the release of European CPI data for December, scheduled on the same day. Bloomberg forecasts that core inflation (excluding food and energy) will remain steady at 2.7% in December. 

In its December meeting, the European Central Bank reduced interest rates by 25 basis points. Markets have priced in three additional 25-basis-point cuts this year. However, higher-than-expected inflation could reduce the likelihood of these cuts, potentially strengthening the euro against major currencies like the Swiss franc. 

-Historical Impact on Assets: EURUSD | EURJPY | EURCHF",,,,EUR CPI (YoY) (Dec) P,,,,,,,,,,,,,,,,,,,,,,,,,,,
,,Forecast:,0.00%,,,EURCHF.sd,,,,,,,,,,,,,,,,,,,,,,,,,,,,,,,,
,,Previous:,2.20%,,,,,,,,,,,,,,,,,,,,,,,,,,,,,,,,,,,
,,Time (GMT):,10:00,,,5:00,,,,15:30,12:00,,,,,,,,,,,,,,,,,,,,,,,,,,,
,,Release Date,Actual,Forecast,Previous,Time,,,,Time IST,,,,,,,,,,,,,,,,,,,,,,,,,,,,
,,18-Dec-24,2.2%,2.3% ,2.0%,10:00,,,,,,,,,,,,,,,,,,,,,,,,,,,,,,,,
,,29-Nov-24,2.3%,2.3% ,2.0%,10:00,,,,,,,,,,,,,,,,,,,,,,,,,,,,,,,,
,,19-Nov-24,2.0%,2.0% ,2.0%,10:00,,,,,,,,,,,,,,,,,,,,,,,,,,,,,,,,
,,31-Oct-24,2.0%,1.9% ,1.7%,10:00,,,,,,,,,,,,,,,,,,,,,,,,,,,,,,,,
,,17-Oct-24,1.7%,1.8% ,2.2%,9:00,,,,,,,,,,,,,,,,,,,,,,,,,,,,,,,,
,,01-Oct-24,1.8%,1.8% ,2.2%,9:00,,,,,,,,,,,,,,,,,,,,,,,,,,,,,,,,
,4,Event,USD ISM Non-Manufacturing PMI (Dec),,,Asset,Description,,,IST Time,MT5 server time,,,,,,,,,,,,,,,,,,,,,,,,,,,
,,Actual:,,,,C:EURUSD,"The Institute of Supply Management (ISM) Non-Manufacturing Purchasing Managers' Index (PMI) (also known as the ISM Services PMI) report on Business, is based on data compiled from monthly replies to questions asked of more than 370 purchasing and supply executives in over 62 different industries.

The NMI is a composite index based on the diffusion indexes for four of the indicators with equal weights: Business Activity (seasonally adjusted), New Orders (seasonally adjusted), Employment (seasonally adjusted) and Supplier Deliveries.

A reading above 50 percent indicates the non-manufacturing sector economy is generally expanding; below 50 percent indicates the non-manufacturing sector is generally contracting. Given the large proportion of the US economy engaged in the services sector, this report offers insights into the health of the overall US economy.

A reading that is stronger than forecast is generally supportive (bullish) for the USD, while a weaker than forecast reading is generally negative (bearish) for the USD.

-Historical Impact on Assets: EURUSD | USDJPY",,,,USD ISM Non-Manufacturing PMI (Dec),,,,,,,,,,,,,,,,,,,,,,,,,,,
,,Forecast:, 53.50 ,,,EURUSD.sd,,,,,,,,,,,,,,,,,,,,,,,,,,,,,,,,
,,Previous:,5210.0%,,,,,,,,,,,,,,,,,,,,,,,,,,,,,,,,,,,
,,Time (GMT):,15:00,,,10:00,,,,20:30,17:00,,,,,,,,,,,,,,,,,,,,,,,,,,,
,,Release Date,Actual,Forecast,Previous,Time,,,,,,,,,,,,,,,,,,,,,,,,,,,,,,,,
,,04-Dec-24, 52.10 , 55.5  , 56.00 ,15:00,,,,,,,,,,,,,,,,,,,,,,,,,,,,,,,,
,,05-Nov-24, 56.00 , 53.8  , 54.90 ,15:00,,,,,,,,,,,,,,,,,,,,,,,,,,,,,,,,
,,03-Oct-24, 54.90 , 51.7  , 51.50 ,14:00,,,,,,,,,,,,,,,,,,,,,,,,,,,,,,,,
,,05-Sep-24, 51.50 , 51.3  , 51.40 ,14:00,,,,,,,,,,,,,,,,,,,,,,,,,,,,,,,,
,,05-Aug-24, 51.40 , 51.4  , 48.80 ,14:00,,,,,,,,,,,,,,,,,,,,,,,,,,,,,,,,
,,03-Jul-24, 48.80 , 52.6  , 53.80 ,14:00,,,,,,,,,,,,,,,,,,,,,,,,,,,,,,,,
,#REF!,Event,USD ISM Non-Manufacturing Prices (Dec),,,Asset,Description,,,IST Time,MT5 server time,,,,,,,,,,,,,,,,,,,,,,,,,,,
,,Actual:,,,,C:EURUSD,"The Institute of Supply Management (ISM) Non-Manufacturing Purchasing Managers' Index (PMI) (also known as the ISM Services PMI) report on Business, is based on data compiled from monthly replies to questions asked of more than 370 purchasing and supply executives in over 62 different industries.

The Prices Paid subcategory is a diffusion index calculated by adding the percent of responses indicating they paid more for inputs plus one-half of those responding that they paid the same for inputs. The resulting single index number is then seasonally adjusted.

The Prices Paid diffusion index is one of a number of indicators pointing to the degree of inflationary pressures in the economy.

A reading that is stronger than forecast is generally supportive (bullish) for the USD, while a weaker than forecast reading is generally negative (bearish) for the USD.

-Historical Impact on Assets: EURUSD | USDJPY",,,,USD ISM Non-Manufacturing Prices (Dec),,,,,,,,,,,,,,,,,,,,,,,,,,,
,,Forecast:,,,,EURUSD.sd,,,,,,,,,,,,,,,,,,,,,,,,,,,,,,,,
,,Previous:, 58.20 ,,,,,,,,,,,,,,,,,,,,,,,,,,,,,,,,,,,
,,Time (GMT):,15:00,,,10:00,,,,20:30,18:00,,,,,,,,,,,,,,,,,,,,,,,,,,,
,,Release Date,Actual,Forecast,Previous,Time,,,,Time IST,,,,,,,,,,,,,,,,,,,,,,,,,,,,
,,04-Dec-24, 58.20 , 56.4  , 58.10 ,15:00,,,,0:00,,,,,,,,,,,,,,,,,,,,,,,,,,,,
,,05-Nov-24, 58.10 , 58.0  , 59.40 ,15:00,,,,0:00,,,,,,,,,,,,,,,,,,,,,,,,,,,,
,,03-Oct-24, 59.40 , 56.3  , 57.30 ,14:00,,,,0:00,,,,,,,,,,,,,,,,,,,,,,,,,,,,
,,05-Sep-24, 57.30 , 56.0  , 57.00 ,14:00,,,,0:00,,,,,,,,,,,,,,,,,,,,,,,,,,,,
,,05-Aug-24, 57.00 , 56.0  , 56.30 ,14:00,,,,0:00,,,,,,,,,,,,,,,,,,,,,,,,,,,,
,,03-Jul-24, 56.30 , 56.7  , 58.10 ,14:00,,,,0:00,,,,,,,,,,,,,,,,,,,,,,,,,,,,
,#REF!,Event,USD JOLTs Job Openings (Nov),,,Asset,Description,,,IST Time,MT5 server time,,,,,,,,,,,,,,,,,,,,,,,,,,,
,,Actual:,,,,C:EURUSD,"
A survey done by the US Bureau of Labor Statistics to help measure job vacancies. It collects data from employers about their businesses' employment, job openings, recruitment, hires and separations.
JOLTS defines Job Openings as all positions that are open (not filled) on the last business day of the month. A job is ""open"" only if it meets all three of the following conditions:
1. A specific position exists and there is work available for that position.
2. The job could start within 30 days, whether or not the establishment finds a suitable candidate during that time.
3. There is active recruiting for workers from outside the establishment location that has the opening.
A reading that is stronger than forecast is generally supportive (bullish) for the USD, while a weaker than forecast reading is generally negative (bearish) for the USD.

-Historical Impact on Assets: EURUSD | USDJPY",,,,USD JOLTs Job Openings (Nov),,,,,,,,,,,,,,,,,,,,,,,,,,,
,,Forecast:, 7.650M ,,,EURUSD.sd,,,,,,,,,,,,,,,,,,,,,,,,,,,,,,,,
,,Previous:, 7.744M ,,,,,,,,,,,,,,,,,,,,,,,,,,,,,,,,,,,
,,Time (GMT):,15:00,,,10:00,,,,20:30,17:00,,,,,,,,,,,,,,,,,,,,,,,,,,,
,,Release Date,Actual,Forecast,Previous,Time,,,,Time IST,,,,,,,,,,,,,,,,,,,,,,,,,,,,
,,03-Dec-24,7.744,7.510,7.372,15:00,,,,,,,,,,,,,,,,,,,,,,,,,,,,,,,,
,,29-Oct-24,7.443,7.980,7.861,14:00,,,,,,,,,,,,,,,,,,,,,,,,,,,,,,,,
,,01-Oct-24,8.040,7.640,7.711,14:00,,,,,,,,,,,,,,,,,,,,,,,,,,,,,,,,
,,04-Sep-24,7.673,8.090,7.910,14:00,,,,,,,,,,,,,,,,,,,,,,,,,,,,,,,,
,,30-Jul-24,8.184,8.020,8.230,14:00,,,,,,,,,,,,,,,,,,,,,,,,,,,,,,,,
,,02-Jul-24,8.140,7.960,7.919,14:00,,,,,,,,,,,,,,,,,,,,,,,,,,,,,,,,
,#REF!,Event,USD ADP Nonfarm Employment Change (Dec),,,Asset,Description,,,IST Time,MT5 server time,,,,,,,,,,,,,,,,,,,,,,,,,,,
,,Actual:,,,,C:EURUSD,"ADP is performs payroll services for its clients. The ADP National Employment Report is a measure of the monthly change in non-farm, private employment, based on the payroll data of approximately 400,000 U.S. business clients. The release, two days ahead of government data, is used as a predictor of the government's Labour Market Report.

A reading that is stronger than forecast is generally supportive (bullish) for the USD, while a weaker than forecast reading is generally negative (bearish) for the USD.

-Historical Impact on Assets: EURUSD | USDJPY",,,,USD ADP Nonfarm Employment Change (Dec),,,,,,,,,,,,,,,,,,,,,,,,,,,
,,Forecast:,,,,EURUSD.sd,,,,,,,,,,,,,,,,,,,,,,,,,,,,,,,,
,,Previous:, 146K ,,,,,,,,,,,,,,,,,,,,,,,,,,,,,,,,,,,
,,Time (GMT):,18:00,,,13:00,,,,23:30,20:00,,,,,,,,,,,,,,,,,,,,,,,,,,,
,,Release Date,Actual,Forecast,Previous,Time,,,,Time IST,,,,,,,,,,,,,,,,,,,,,,,,,,,,
,,04-Dec-24, 146 , 166 , 184 ,13:15,,,,,,,,,,,,,,,,,,,,,,,,,,,,,,,,
,,30-Oct-24, 233 , 110 , 159 ,12:15,,,,,,,,,,,,,,,,,,,,,,,,,,,,,,,,
,,02-Oct-24, 143 , 124 , 103 ,12:15,,,,,,,,,,,,,,,,,,,,,,,,,,,,,,,,
,,05-Sep-24, 99K , 144 , 111 ,12:15,,,,,,,,,,,,,,,,,,,,,,,,,,,,,,,,
,,31-Jul-24, 122 , 147 , 155 ,12:15,,,,,,,,,,,,,,,,,,,,,,,,,,,,,,,,
,,03-Jul-24, 150 , 163 , 157 ,12:15,,,,,,,,,,,,,,,,,,,,,,,,,,,,,,,,
,#REF!,Event,Crude Oil Inventories,,,Asset,Description,,,IST Time,MT5 server time,,,,,,,,,,,,,,,,,,,,,,,,,,,
,,Actual:,,,,USOILRoll,"The Energy Information Administration's (EIA) Crude Oil Inventories measures the weekly change in the number of barrels of commercial crude oil held by US firms. The level of inventories influences the price of petroleum products, which can have an impact on inflation.

If the increase in crude inventories is more than expected, it implies weaker demand and is bearish for crude prices. The same can be said if a decline in inventories is less than expected.
If the increase in crude is less than expected, it implies greater demand and is bullish for crude prices. The same can be said if a decline in inventories is more than expected.

-Historical Impact on Assets: USDOilRoll",,,,,,,,,,,,,,,,,,,,,,,,,,,,,,,
,,Forecast:, -   ,,,USOILRoll,,,,,,,,,,,,,,,,,,,,,,,,,,,,,,,,
,,Previous:, -1.178M ,,,,,,,,,,,,,,,,,,,,,,,,,,,,,,,,,,,
,,Time (GMT):,13:15,,,,,,,18:45,15:15,,,,,,,,,,,,,,,,,,,,,,,,,,,
,,Release Date,Actual,Forecast,Previous,Time,,,,Time IST,,,,,,,,,,,,,,,,,,,,,,,,,,,,
,,02-Jan-25,-1.178,-2.400,-4.237,16:00,,,,,,,,,,,,,,,,,,,,,,,,,,,,,,,,
,,27-Dec-24,-4.237,-0.700,-0.934,18:00,,,,,,,,,,,,,,,,,,,,,,,,,,,,,,,,
,,18-Dec-24,-0.934,-1.600,-1.42,15:30,,,,,,,,,,,,,,,,,,,,,,,,,,,,,,,,
,,11-Dec-24,-1.42,-1.00,-5.07,15:30,,,,,,,,,,,,,,,,,,,,,,,,,,,,,,,,
,,04-Dec-24,-5.07,-1.60,-1.84,15:30,,,,,,,,,,,,,,,,,,,,,,,,,,,,,,,,
,,27-Nov-24,-1.84,-1.30,0.545,15:30,,,,,,,,,,,,,,,,,,,,,,,,,,,,,,,,
,#REF!,Event,30-Year Note Auction,,,Asset,Description,,,IST Time,MT5 server time,,,,,,,,,,,,,,,,,,,,,,,,,,,
,,Actual:,,,,C:EURUSD,#REF!,,,,,,,,,,,,,,,,,,,,,,,,,,,,,,,
,,Forecast:, -   ,,,EURUSD.sd,,,,,,,,,,,,,,,,,,,,,,,,,,,,,,,,
,,Previous:,4.535%,,,,,,,,,,,,,,,,,,,,,,,,,,,,,,,,,,,
,,Time (GMT):,13:30,,,,,,,19:00,15:30,,,,,,,,,,,,,,,,,,,,,,,,,,,
,,Release Date,Actual,Forecast,Previous,Time,,,,Time IST,,,,,,,,,,,,,,,,,,,,,,,,,,,,
,,11-Dec-24,4.24%,  ,4.35%,18:00,,,,,,,,,,,,,,,,,,,,,,,,,,,,,,,,
,,05-Nov-24,4.35%,  ,4.07%,18:00,,,,,,,,,,,,,,,,,,,,,,,,,,,,,,,,
,,09-Oct-24,4.07%,  ,3.65%,17:00,,,,,,,,,,,,,,,,,,,,,,,,,,,,,,,,
,,11-Sep-24,3.65%,  ,3.96%,17:00,,,,,,,,,,,,,,,,,,,,,,,,,,,,,,,,
,,07-Aug-24,3.96%,  ,4.28%,17:00,,,,,,,,,,,,,,,,,,,,,,,,,,,,,,,,
,,10-Jul-24,4.28%,  ,4.44%,17:00,,,,,,,,,,,,,,,,,,,,,,,,,,,,,,,,
,#REF!,Event,FOMC Meeting Minutes,,,Asset,Description,,,IST Time,MT5 server time,,,,,,,,,,,,,,,,,,,,,,,,,,,
,,Actual:,,,,C:EURUSD,"The figures displayed in the calendar represent the yield on the Treasury Bond auctioned.

U.S. Treasury Bonds have maturities from ten up to 30 years. Governments issue treasuries to borrow money to cover the gap between the amount they receive in taxes and the amount they spend to refinance existing debt and/or to raise capital. The rate on a Treasury Bond represents the return an investor will receive by holding the bond for its entire duration. All bidders receive the same rate at the highest accepted bid.

Yield fluctuations should be monitored closely as an indicator of the government debt situation. Investors compare the average rate at auction to the rate at previous auctions of the same security.

-Historical Impact on Assets: USDJPY | EURUSD",,,,,,,,,,,,,,,,,,,,,,,,,,,,,,,
,,Forecast:, -   ,,,EURUSD.sd,,,,,,,,,,,,,,,,,,,,,,,,,,,,,,,,
,,Previous:, -   ,,,,,,,,,,,,,,,,,,,,,,,,,,,,,,,,,,,
,,Time (GMT):,19:00,,,,,,,#REF!,21:00,,,,,,,,,,,,,,,,,,,,,,,,,,,
,,Release Date,Actual,Forecast,Previous,Time,,,,Time IST,,,,,,,,,,,,,,,,,,,,,,,,,,,,
,,26-Nov-24,,  ,,19:00,,,,,,,,,,,,,,,,,,,,,,,,,,,,,,,,
,,09-Oct-24,,  ,,18:00,,,,,,,,,,,,,,,,,,,,,,,,,,,,,,,,
,,21-Aug-24,,  ,,18:00,,,,,,,,,,,,,,,,,,,,,,,,,,,,,,,,
,,03-Jul-24,,  ,,18:00,,,,,,,,,,,,,,,,,,,,,,,,,,,,,,,,
,,22-May-24,,  ,,18:00,,,,,,,,,,,,,,,,,,,,,,,,,,,,,,,,
,,10-Apr-24,,  ,,18:00,,,,,,,,,,,,,,,,,,,,,,,,,,,,,,,,
,#REF!,Event,USD Average Hourly Earnings (MoM) (Dec),,,Asset,Description,,,IST Time,MT5 server time,,,,,,,,,,,,,,,,,,,,,,,,,,,
,,Actual:,,,,C:EURUSD,"According to Bloomberg, the U.S. economy is projected to have added 153,000 jobs in December, down from 227,000 in November. Meanwhile, the unemployment rate is expected to remain stable at 4.2%.

Labour market data, along with inflation trends, play a critical role in shaping Federal Reserve interest rate decisions. With inflation (measured by the U.S. Consumer Spending Index) remaining below 2.5%, the Federal Open Market Committee is likely to focus on labour market performance. 

A weaker-than-expected jobs report may indicate a softening labour market, potentially leading markets to anticipate additional US interest rate cuts this year. This could weigh on the U.S. dollar while providing support for precious metals like silver. 

-Historical Impact on Assets: EURUSD | USDJPY | XAGUSD",,,,USD Average Hourly Earnings (MoM) (Dec),,,,,,,,,,,,,,,,,,,,,,,,,,,
,,Forecast:,,,,EURUSD.sd,,,,,,,,,,,,,,,,,,,,,,,,,,,,,,,,
,,Previous:,0.40%,,,,,,,,,,,,,,,,,,,,,,,,,,,,,,,,,,,
,,Time (GMT):,13:30,,,,,,,19:00,15:30,,,,,,,,,,,,,,,,,,,,,,,,,,,
,,Release Date,Actual,Forecast,Previous,Time,,,,Time IST,,,,,,,,,,,,,,,,,,,,,,,,,,,,
,,06-Dec-24,0.40%,0.3% ,0.40%,13:30,,,,,,,,,,,,,,,,,,,,,,,,,,,,,,,,
,,01-Nov-24,0.40%,0.3% ,0.30%,12:30,,,,,,,,,,,,,,,,,,,,,,,,,,,,,,,,
,,04-Oct-24,0.40%,0.3% ,0.50%,12:30,,,,,,,,,,,,,,,,,,,,,,,,,,,,,,,,
,,06-Sep-24,0.40%,0.3% ,-0.10%,12:30,,,,,,,,,,,,,,,,,,,,,,,,,,,,,,,,
,,02-Aug-24,0.20%,0.3% ,0.30%,12:30,,,,,,,,,,,,,,,,,,,,,,,,,,,,,,,,
,,05-Jul-24,0.30%,0.3% ,0.40%,12:30,,,,,,,,,,,,,,,,,,,,,,,,,,,,,,,,
,#REF!,Event,USD Nonfarm Payrolls (Dec),,,Asset,Description,,,IST Time,MT5 server time,,,,,,,,,,,,,,,,,,,,,,,,,,,
,,Actual:,,,,C:EURUSD,"According to Bloomberg, the U.S. economy is projected to have added 153,000 jobs in December, down from 227,000 in November. Meanwhile, the unemployment rate is expected to remain stable at 4.2%.

Labour market data, along with inflation trends, play a critical role in shaping Federal Reserve interest rate decisions. With inflation (measured by the U.S. Consumer Spending Index) remaining below 2.5%, the Federal Open Market Committee is likely to focus on labour market performance. 

A weaker-than-expected jobs report may indicate a softening labour market, potentially leading markets to anticipate additional US interest rate cuts this year. This could weigh on the U.S. dollar while providing support for precious metals like silver. 

-Historical Impact on Assets: EURUSD | USDJPY | XAGUSD",,,,USD Nonfarm Payrolls (Dec),,,,,,,,,,,,,,,,,,,,,,,,,,,
,,Forecast:,,,,EURUSD.sd,,,,,,,,,,,,,,,,,,,,,,,,,,,,,,,,
,,Previous:, 227K ,,,,,,,,,,,,,,,,,,,,,,,,,,,,,,,,,,,
,,Time (GMT):,13:30,,,,,,,19:00,15:30,,,,,,,,,,,,,,,,,,,,,,,,,,,
,,Release Date,Actual,Forecast,Previous,Time,,,,Time IST,,,,,,,,,,,,,,,,,,,,,,,,,,,,
,,06-Dec-24,227,202,36,13:30,,,,,,,,,,,,,,,,,,,,,,,,,,,,,,,,
,,01-Nov-24,12,106,223,12:30,,,,,,,,,,,,,,,,,,,,,,,,,,,,,,,,
,,04-Oct-24,254,147,159,12:30,,,,,,,,,,,,,,,,,,,,,,,,,,,,,,,,
,,06-Sep-24,142,164,89,12:30,,,,,,,,,,,,,,,,,,,,,,,,,,,,,,,,
,,02-Aug-24,114,176,179,12:30,,,,,,,,,,,,,,,,,,,,,,,,,,,,,,,,
,,05-Jul-24,206,191,218,12:30,,,,,,,,,,,,,,,,,,,,,,,,,,,,,,,,
,#REF!,Event,USD Unemployment Rate (Dec),,,Asset,Description,,,IST Time,MT5 server time,,,,,,,,,,,,,,,,,,,,,,,,,,,
,,Actual:,,,,C:EURUSD,"According to Bloomberg, the U.S. economy is projected to have added 153,000 jobs in December, down from 227,000 in November. Meanwhile, the unemployment rate is expected to remain stable at 4.2%.

Labour market data, along with inflation trends, play a critical role in shaping Federal Reserve interest rate decisions. With inflation (measured by the U.S. Consumer Spending Index) remaining below 2.5%, the Federal Open Market Committee is likely to focus on labour market performance. 

A weaker-than-expected jobs report may indicate a softening labour market, potentially leading markets to anticipate additional US interest rate cuts this year. This could weigh on the U.S. dollar while providing support for precious metals like silver. 

-Historical Impact on Assets: EURUSD | USDJPY | XAGUSD",,,,USD Unemployment Rate (Dec),,,,,,,,,,,,,,,,,,,,,,,,,,,
,,Forecast:,,,,EURUSD.sd,,,,,,,,,,,,,,,,,,,,,,,,,,,,,,,,
,,Previous:,4.2%,,,,,,,,,,,,,,,,,,,,,,,,,,,,,,,,,,,
,,Time (GMT):,13:30,,,,,,,19:00,15:30,,,,,,,,,,,,,,,,,,,,,,,,,,,
,,Release Date,Actual,Forecast,Previous,Time,,,,Time IST,,,,,,,,,,,,,,,,,,,,,,,,,,,,
,,06-Dec-24,4.20%,4.2% ,4.10%,13:30,,,,,,,,,,,,,,,,,,,,,,,,,,,,,,,,
,,01-Nov-24,4.10%,4.1% ,4.10%,12:30,,,,,,,,,,,,,,,,,,,,,,,,,,,,,,,,
,,04-Oct-24,4.10%,4.2% ,4.20%,12:30,,,,,,,,,,,,,,,,,,,,,,,,,,,,,,,,
,,06-Sep-24,4.20%,4.2% ,4.30%,12:30,,,,,,,,,,,,,,,,,,,,,,,,,,,,,,,,
,,02-Aug-24,4.30%,4.1% ,4.10%,12:30,,,,,,,,,,,,,,,,,,,,,,,,,,,,,,,,
,,05-Jul-24,4.10%,4.0% ,4.00%,12:30,,,,,,,,,,,,,,,,,,,,,,,,,,,,,,,,
x,2,Event,USD - PPI (MoM) (Dec),,,Asset,Description,,,IST Time,MT5 server time,,,,,,,,,,,,,,,,,,,,,,,,,,,
,,Actual:,,,,C:EURUSD,"The Producer Price Index (PPI) measures a change in input prices of raw, semi-finished or finished goods and services. If input costs rise, some will be absorbed by the producer and some passed on to the consumer. Conversely, if input costs fall, some of the decline will be enjoyed as wider profit margins by the producer and some will be passed on to the consumer in the form of lower prices. Because PPI impacts consumer prices, it is watched by central bankers as part of fulfilling their mandate of price stability.

A reading that is stronger than forecast is generally supportive (bullish) for the USD, while a weaker than forecast reading is generally negative (bearish) for the USD.

-Historical Impact on Assets: USDJPY | EURUSD",,,,USD - PPI (MoM) (Dec),,,,,,,,,,,,,,,,,,,,,,,,,,,
,,Forecast:,0.40%,,,EURUSD.sd,,,,,,,,,,,,,,,,,,,,,,,,,,,,,,,,
,,Previous:,0.40%,,,,,,,,,,,,,,,,,,,,,,,,,,,,,,,,,,,
,,Time (GMT):,13:30,,,,,,,19:00,15:30,,,,,,,,,,,,,,,,,,,,,,,,,,,
,,Release Date,Actual,Forecast,Previous,Time,,,,Time IST,,,,,,,,,,,,,,,,,,,,,,,,,,,,
,,12-Dec-24,0.4%,0.2% ,0.3%,13:30,,,,,,,,,,,,,,,,,,,,,,,,,,,,,,,,
,,14-Nov-24,0.2%,0.2% ,0.1%,13:30,,,,,,,,,,,,,,,,,,,,,,,,,,,,,,,,
,,11-Oct-24,0.0%,0.1% ,0.2%,12:30,,,,,,,,,,,,,,,,,,,,,,,,,,,,,,,,
,,12-Sep-24,0.2%,0.1% ,0.0%,12:30,,,,,,,,,,,,,,,,,,,,,,,,,,,,,,,,
,,13-Aug-24,0.1%,0.2% ,0.2%,12:30,,,,,,,,,,,,,,,,,,,,,,,,,,,,,,,,
,,12-Jul-24,0.2%,0.1% ,0.0%,12:30,,,,,,,,,,,,,,,,,,,,,,,,,,,,,,,,
,3,Event,GBP - CPI (YoY) (Dec),,,Asset,Description,,,IST Time,MT5 server time,,,,,,,,,,,,,,,,,,,,,,,,,,,
,,Actual:,,,,C:GBPUSD,"At its last Monetary Policy Committee meeting in December 2024, the Bank of England decided to maintain interest rates at 4.75%. The decision was made with a majority of 6 to 3, with the minority favouring a 25-basis-point rate cut. 

Bloomberg expects the MPC to cut interest rates by 25 basis points during its February meeting. Inflation data released in December, as well as in the coming months, will significantly influence the committee's interest rate decisions throughout the year. A sharp decline in inflation levels m bringing them closer to the 2% target, could accelerate the pace of rate cuts in 2025, potentially benefitting British stock indices like the UK100. However, if inflation remains slow to approach the target, the pace of rate reductions may decelerate.

Notably, the YoY inflation in November increased from 2.3% to 2.6%, while the YoY core inflation rose from 3.3% to 3.5%.

-Historical Impact on Assets: GBPJPY | GBPUSD | UK100",,,,GBP - CPI (YoY) (Dec),,,,,,,,,,,,,,,,,,,,,,,,,,,
,,Forecast:, 0.03 ,,,GBPUSD.sd,,,,,,,,,,,,,,,,,,,,,,,,,,,,,,,,
,,Previous:,2.60%,,,,,,,,,,,,,,,,,,,,,,,,,,,,,,,,,,,
,,Time (GMT):,7:00,,,,,,,12:30,9:00,,,,,,,,,,,,,,,,,,,,,,,,,,,
,,Release Date,Actual,Forecast,Previous,Time,,,,Time IST,,,,,,,,,,,,,,,,,,,,,,,,,,,,
,,18-Dec-24,2.6%,2.6% ,2.3%,7:00,,,,,,,,,,,,,,,,,,,,,,,,,,,,,,,,
,,20-Nov-24,2.3%,2.2% ,1.7%,7:00,,,,,,,,,,,,,,,,,,,,,,,,,,,,,,,,
,,16-Oct-24,1.7%,1.9% ,2.2%,6:00,,,,,,,,,,,,,,,,,,,,,,,,,,,,,,,,
,,18-Sep-24,2.2%,2.2% ,2.2%,6:00,,,,,,,,,,,,,,,,,,,,,,,,,,,,,,,,
,,14-Aug-24,2.2%,2.3% ,2.0%,6:00,,,,,,,,,,,,,,,,,,,,,,,,,,,,,,,,
,,17-Jul-24,2.0%,1.9% ,2.0%,6:00,,,,,,,,,,,,,,,,,,,,,,,,,,,,,,,,
,3,Event,USD - Core CPI (MoM) (Dec),,,Asset,Description,,,IST Time,MT5 server time,,,,,,,,,,,,,,,,,,,,,,,,,,,
,,Actual:,,,,C:EURUSD,"Bloomberg forecasts suggest YoY inflation will rise from 2.7% in November to 2.9% in December, while the YoY core inflation is expected to remain steady at 3.3%

In his December press conference, the Federal Reserve Chairman indicated that the pace of interest rate cuts might slow this year due to the ""remarkable"" performance of the US economy. Additionally, the Federal Open Market Committee's dot plot suggests the likelihood of only two rate cuts in 2025.

The persistent rise in inflation could hinder US interest rate cuts, supporting the US dollar and negatively impacting precious metal prices like silver, which have an inverse relationship with the dollar. 

-Historical Impact on Assets: USDJPY | EURUSD | XAGUSD",,,,USD - Core CPI (MoM) (Dec),,,,,,,,,,,,,,,,,,,,,,,,,,,
,,Forecast:,0.20%,,,EURUSD.sd,,,,,,,,,,,,,,,,,,,,,,,,,,,,,,,,
,,Previous:,0.30%,,,,,,,,,,,,,,,,,,,,,,,,,,,,,,,,,,,
,,Time (GMT):,13:30,,,8:30,,,,19:00,15:30,,,,,,,,,,,,,,,,,,,,,,,,,,,
,,Release Date,Actual,Forecast,Previous,Time,,,,Time IST,,,,,,,,,,,,,,,,,,,,,,,,,,,,
,,11-Dec-24,0.3%,0.3% ,0.3%,13:30,,,,,,,,,,,,,,,,,,,,,,,,,,,,,,,,
,,13-Nov-24,0.3%,0.3% ,0.3%,13:30,,,,,,,,,,,,,,,,,,,,,,,,,,,,,,,,
,,10-Oct-24,0.3%,0.2% ,0.3%,12:30,,,,,,,,,,,,,,,,,,,,,,,,,,,,,,,,
,,11-Sep-24,0.3%,0.2% ,0.2%,12:30,,,,,,,,,,,,,,,,,,,,,,,,,,,,,,,,
,,14-Aug-24,0.2%,0.2% ,0.1%,12:30,,,,,,,,,,,,,,,,,,,,,,,,,,,,,,,,
,,11-Jul-24,0.1%,0.2% ,0.2%,12:30,,,,,,,,,,,,,,,,,,,,,,,,,,,,,,,,
,4,Event,USD - CPI (YoY) (Dec),,,Asset,Description,,,IST Time,MT5 server time,,,,,,,,,,,,,,,,,,,,,,,,,,,
,,Actual:,,,,C:EURUSD,"Bloomberg forecasts suggest YoY inflation will rise from 2.7% in November to 2.9% in December, while the YoY core inflation is expected to remain steady at 3.3%

In his December press conference, the Federal Reserve Chairman indicated that the pace of interest rate cuts might slow this year due to the ""remarkable"" performance of the US economy. Additionally, the Federal Open Market Committee's dot plot suggests the likelihood of only two rate cuts in 2025.

The persistent rise in inflation could hinder US interest rate cuts, supporting the US dollar and negatively impacting precious metal prices like silver, which have an inverse relationship with the dollar. 

-Historical Impact on Assets: USDJPY | EURUSD | XAGUSD",,,,USD - CPI (YoY) (Dec),,,,,,,,,,,,,,,,,,,,,,,,,,,
,,Forecast:,2.9%,,,EURUSD.sd,,,,,,,,,,,,,,,,,,,,,,,,,,,,,,,,
,,Previous:,2.7%,,,,,,,,,,,,,,,,,,,,,,,,,,,,,,,,,,,
,,Time (GMT):,13:30,,,8:30,,,,19:00,15:30,,,,,,,,,,,,,,,,,,,,,,,,,,,
,,Release Date,Actual,Forecast,Previous,Time,,,,,,,,,,,,,,,,,,,,,,,,,,,,,,,,
,,11-Dec-24,2.7%,2.7% ,2.6%,13:30,,,,,,,,,,,,,,,,,,,,,,,,,,,,,,,,
,,13-Nov-24,2.6%,2.6% ,2.4%,13:30,,,,,,,,,,,,,,,,,,,,,,,,,,,,,,,,
,,10-Oct-24,2.4%,2.3% ,2.5%,12:30,,,,,,,,,,,,,,,,,,,,,,,,,,,,,,,,
,,11-Sep-24,2.5%,2.5% ,2.9%,12:30,,,,,,,,,,,,,,,,,,,,,,,,,,,,,,,,
,,14-Aug-24,2.9%,3.0% ,3.0%,12:30,,,,,,,,,,,,,,,,,,,,,,,,,,,,,,,,
,,11-Jul-24,3.0%,3.1% ,3.3%,12:30,,,,,,,,,,,,,,,,,,,,,,,,,,,,,,,,
,6,Event,USD - CPI (MoM) (Dec),,,Asset,Description,,,IST Time,MT5 server time,,,,,,,,,,,,,,,,,,,,,,,,,,,
,,Actual:,,,,C:EURUSD,"Bloomberg forecasts suggest YoY inflation will rise from 2.7% in November to 2.9% in December, while the YoY core inflation is expected to remain steady at 3.3%

In his December press conference, the Federal Reserve Chairman indicated that the pace of interest rate cuts might slow this year due to the ""remarkable"" performance of the US economy. Additionally, the Federal Open Market Committee's dot plot suggests the likelihood of only two rate cuts in 2025.

The persistent rise in inflation could hinder US interest rate cuts, supporting the US dollar and negatively impacting precious metal prices like silver, which have an inverse relationship with the dollar. 

-Historical Impact on Assets: USDJPY | EURUSD | XAGUSD",,,,USD - CPI (MoM) (Dec),,,,,,,,,,,,,,,,,,,,,,,,,,,
,,Forecast:,0.3%,,,EURUSD.sd,,,,,,,,,,,,,,,,,,,,,,,,,,,,,,,,
,,Previous:,0.3%,,,,,,,,,,,,,,,,,,,,,,,,,,,,,,,,,,,
,,Time (GMT):,13:30,,,8:30,,,,19:00,16:30,,,,,,,,,,,,,,,,,,,,,,,,,,,
,,Release Date,Actual,Forecast,Previous,Time,,,,Time IST,,,,,,,,,,,,,,,,,,,,,,,,,,,,
,,11-Dec-24,0.3%,0.3% ,0.2%,13:30,,,,0:00,,,,,,,,,,,,,,,,,,,,,,,,,,,,
,,13-Nov-24,0.2%,0.2% ,0.2%,13:30,,,,0:00,,,,,,,,,,,,,,,,,,,,,,,,,,,,
,,10-Oct-24,0.2%,0.1% ,0.2%,12:30,,,,0:00,,,,,,,,,,,,,,,,,,,,,,,,,,,,
,,11-Sep-24,0.2%,0.2% ,0.2%,12:30,,,,0:00,,,,,,,,,,,,,,,,,,,,,,,,,,,,
,,14-Aug-24,0.2%,0.2% ,-0.1%,12:30,,,,0:00,,,,,,,,,,,,,,,,,,,,,,,,,,,,
,,11-Jul-24,-0.1%,0.1% ,0.0%,12:30,,,,0:00,,,,,,,,,,,,,,,,,,,,,,,,,,,,
,7,Event,Global - Crude Oil Inventories,,,Asset,Description,,,IST Time,MT5 server time,,,,,,,,,,,,,,,,,,,,,,,,,,,
,,Actual:,,,,USOILRoll,"
The Energy Information Administration's (EIA) Crude Oil Inventories measures the weekly change in the number of barrels of commercial crude oil held by US firms. The level of inventories influences the price of petroleum products, which can have an impact on inflation.

If the increase in crude inventories is more than expected, it implies weaker demand and is bearish for crude prices. The same can be said if a decline in inventories is less than expected.
If the increase in crude is less than expected, it implies greater demand and is bullish for crude prices. The same can be said if a decline in inventories is more than expected.

-Historical Impact on Assets: USOILRoll",,,,Global - Crude Oil Inventories,,,,,,,,,,,,,,,,,,,,,,,,,,,
,,Forecast:, -   ,,,USOILRoll,,,,,,,,,,,,,,,,,,,,,,,,,,,,,,,,
,,Previous:,-0.959M,,,,,,,,,,,,,,,,,,,,,,,,,,,,,,,,,,,
,,Time (GMT):,15:30,,,10:30,,,,21:00,17:30,,,,,,,,,,,,,,,,,,,,,,,,,,,
,,Release Date,Actual,Forecast,Previous,Time MT5,,,,Time IST,,,,,,,,,,,,,,,,,,,,,,,,,,,,
,,08-Jan-25,-0.959,-1.800,-1.178,17:30,,,,15:30,,,,,,,,,,,,,,,,,,,,,,,,,,,,
,,02-Jan-25,-1.178,-2.400,-4.237,18:00,,,,16:00,,,,,,,,,,,,,,,,,,,,,,,,,,,,
,,27-Dec-24,-4.237,-0.700,-0.934,20:00,,,,18:00,,,,,,,,,,,,,,,,,,,,,,,,,,,,
,,18-Dec-24,-0.934,-1.600,-1.425,17:30,,,,15:30,,,,,,,,,,,,,,,,,,,,,,,,,,,,
,,11-Dec-24,-1.425,-1.000,-5.073,17:30,,,,15:30,,,,,,,,,,,,,,,,,,,,,,,,,,,,
,,04-Dec-24,-5.073,-1.600,-1.844,17:30,,,,15:30,,,,,,,,,,,,,,,,,,,,,,,,,,,,
,8,Event,GBP - GDP (MoM) (Nov),,,Asset,Description,,,IST Time,MT5 server time,,,,,,,,,,,,,,,,,,,,,,,,,,,
,,Actual:,,,,C:GBPUSD,"
Gross Domestic Product (GDP) measures the annualized change in the inflation-adjusted value of all goods and services produced by the economy. It is the broadest measure of economic activity and the primary indicator of the economy's health. A higher than expected reading should be taken as positive/bullish for the GBP, while a lower than expected reading should be taken as negative/bearish for the GBP.

-Historical Impact on Assets: GBPJPY | GBPUSD",,,,GBP - GDP (MoM) (Nov),,,,,,,,,,,,,,,,,,,,,,,,,,,
,,Forecast:,0.2%,,,GBPUSD.sd,,,,,,,,,,,,,,,,,,,,,,,,,,,,,,,,
,,Previous:,-0.1%,,,,,,,,,,,,,,,,,,,,,,,,,,,,,,,,,,,
,,Time (GMT):,7:00,,,2:00,,,,12:30,9:00,,,,,,,,,,,,,,,,,,,,,,,,,,,
,,Release Date,Actual,Forecast,Previous,Time,,,,Time IST,,,,,,,,,,,,,,,,,,,,,,,,,,,,
,,13-Dec-24,-0.1%,0.1% ,-0.1%,7:00,,,,,,,,,,,,,,,,,,,,,,,,,,,,,,,,
,,15-Nov-24,-0.1%,0.2% ,0.2%,7:00,,,,,,,,,,,,,,,,,,,,,,,,,,,,,,,,
,,11-Oct-24,0.2%,0.2% ,0.0%,6:00,,,,,,,,,,,,,,,,,,,,,,,,,,,,,,,,
,,11-Sep-24,0.0%,0.2% ,0.0%,6:00,,,,,,,,,,,,,,,,,,,,,,,,,,,,,,,,
,,15-Aug-24,0.0%,0.0% ,0.4%,6:00,,,,,,,,,,,,,,,,,,,,,,,,,,,,,,,,
,,11-Jul-24,0.4%,0.2% ,0.0%,6:00,,,,,,,,,,,,,,,,,,,,,,,,,,,,,,,,
,9,Event,EUR - German CPI (MoM) (Dec),,,Asset,Description,,,IST Time,MT5 server time,,,,,,,,,,,,,,,,,,,,,,,,,,,
,,Actual:,,,,C:EURUSD,"
The Consumer Price Index (CPI) measures the change in the prices of goods and services from the perspective of the consumer. As Germany has the largest output of any country in the euro-zone, the European Central bank pays very close attention to this figure in its role of maintaining price stability.

A reading that is stronger than forecast is generally supportive (bullish) for the EUR, while a weaker than forecast reading is generally negative (bearish) for the EUR.

-Historical Impact on Assets: EURJPY | EURUSD",,,,,,,,,,,,,,,,,,,,,,,,,,,,,,,
,,Forecast:,0.4%,,,EURUSD.sd,,,,,,,,,,,,,,,,,,,,,,,,,,,,,,,,
,,Previous:,0.4%,,,,,,,,,,,,,,,,,,,,,,,,,,,,,,,,,,,
,,Time (GMT):,7:00,,,,,,,12:30,9:00,,,,,,,,,,,,,,,,,,,,,,,,,,,
,,Release Date,Actual,Forecast,Previous,Time,,,,Time IST,,,,,,,,,,,,,,,,,,,,,,,,,,,,
,,06-Jan-25,0.4%,0.3% ,-0.2%,13:00,,,,,,,,,,,,,,,,,,,,,,,,,,,,,,,,
,,10-Dec-24,-0.2%,-0.2% ,0.4%,7:00,,,,,,,,,,,,,,,,,,,,,,,,,,,,,,,,
,,28-Nov-24,-0.2%,-0.2% ,0.4%,13:00,,,,,,,,,,,,,,,,,,,,,,,,,,,,,,,,
,,12-Nov-24,0.4%,0.4% ,0.0%,7:00,,,,,,,,,,,,,,,,,,,,,,,,,,,,,,,,
,,30-Oct-24,0.4%,0.2% ,0.0%,13:00,,,,,,,,,,,,,,,,,,,,,,,,,,,,,,,,
,,11-Oct-24,0.0%,0.0% ,-0.1%,6:00,,,,,,,,,,,,,,,,,,,,,,,,,,,,,,,,
,10,Event,USD - Core Retail Sales (MoM),,,Asset,Description,,,IST Time,MT5 server time,,,,,,,,,,,,,,,,,,,,,,,,,,,
,,Actual:,,,,C:EURUSD,"
Core Retail Sales measures the change in the total value of sales at the retail level in the U.S., excluding automobiles. It is an important indicator of consumer spending which accounts for a large percentage of US GDP.

A reading that is stronger than forecast is generally supportive (bullish) for the USD, while a weaker than forecast reading is generally negative (bearish) for the USD.

-Historical Impact on Assets: USDJPY | EURUSD",,,,,,,,,,,,,,,,,,,,,,,,,,,,,,,
,,Forecast:,0.4%,,,EURUSD.sd,,,,,,,,,,,,,,,,,,,,,,,,,,,,,,,,
,,Previous:,0.2%,,,,,,,,,,,,,,,,,,,,,,,,,,,,,,,,,,,
,,Time (GMT):,13:30,,,,,,,19:00,15:30,,,,,,,,,,,,,,,,,,,,,,,,,,,
,,Release Date,Actual,Forecast,Previous,Time,,,,Time IST,,,,,,,,,,,,,,,,,,,,,,,,,,,,
,,17-Dec-24,0.2%,0.4% ,0.2%,13:30,,,,,,,,,,,,,,,,,,,,,,,,,,,,,,,,
,,15-Nov-24,0.1%,0.3% ,1.0%,13:30,,,,,,,,,,,,,,,,,,,,,,,,,,,,,,,,
,,17-Oct-24,0.5%,0.1% ,0.2%,12:30,,,,,,,,,,,,,,,,,,,,,,,,,,,,,,,,
,,17-Sep-24,0.1%,0.2% ,0.4%,12:30,,,,,,,,,,,,,,,,,,,,,,,,,,,,,,,,
,,15-Aug-24,0.4%,0.1% ,0.5%,12:30,,,,,,,,,,,,,,,,,,,,,,,,,,,,,,,,
,,16-Jul-24,0.4%,0.1% ,0.1%,12:30,,,,,,,,,,,,,,,,,,,,,,,,,,,,,,,,
,11,Event,USD - Initial Jobless Claims,,,Asset,Description,,,IST Time,MT5 server time,,,,,,,,,,,,,,,,,,,,,,,,,,,
,,Actual:,,,,C:EURUSD,"
Initial Jobless Claims measures the number of people who filed for unemployment insurance for the first time during the past week. This is the most timely U.S. economic data, but the market impact varies from week to week.
A reading that is higher than forecast is generally negative (bearish) for the USD, while a lower than forecast reading is generally supportive (bullish) for the USD.

-Historical Impact on Assets: USDJPY | EURUSD",,,,,,,,,,,,,,,,,,,,,,,,,,,,,,,
,,Forecast:,210K,,,EURUSD.sd,,,,,,,,,,,,,,,,,,,,,,,,,,,,,,,,
,,Previous:,201K,,,,,,,,,,,,,,,,,,,,,,,,,,,,,,,,,,,
,,Time (GMT):,13:30,,,,,,,19:00,15:30,,,,,,,,,,,,,,,,,,,,,,,,,,,
,,Release Date,Actual,Forecast,Previous,Time,,,,Time IST,,,,,,,,,,,,,,,,,,,,,,,,,,,,
,,08-Jan-25,201,214,211,13:30,,,,,,,,,,,,,,,,,,,,,,,,,,,,,,,,
,,02-Jan-25,211,222,220,13:30,,,,,,,,,,,,,,,,,,,,,,,,,,,,,,,,
,,26-Dec-24,219,223,220,13:30,,,,,,,,,,,,,,,,,,,,,,,,,,,,,,,,
,,19-Dec-24,220,229,242,13:30,,,,,,,,,,,,,,,,,,,,,,,,,,,,,,,,
,,12-Dec-24,242,221,225,13:30,,,,,,,,,,,,,,,,,,,,,,,,,,,,,,,,
,,05-Dec-24,224,215,215,13:30,,,,,,,,,,,,,,,,,,,,,,,,,,,,,,,,
,11,Event,USD - Philadelphia Fed Manufacturing Index (Jan),,,Asset,Description,,,IST Time,MT5 server time,,,,,,,,,,,,,,,,,,,,,,,,,,,
,,Actual:,,,,C:EURUSD,"
The Philadelphia Federal Reserve Manufacturing Index measures the relative level of business conditions amongst manufacturers in the Federal reserve district. A level above zero on the index indicates improving conditions; below indicates worsening conditions. The data is compiled from a survey of about 250 manufacturers in the Philadelphia Federal Reserve district.

A reading that is stronger than forecast is generally supportive (bullish) for the USD, while a weaker than forecast reading is generally negative (bearish) for the USD.

-Historical Impact on Assets: USDJPY | EURUSD",,,,,,,,,,,,,,,,,,,,,,,,,,,,,,,
,,Forecast:, -7 ,,,EURUSD.sd,,,,,,,,,,,,,,,,,,,,,,,,,,,,,,,,
,,Previous:, -10.9 ,,,,,,,,,,,,,,,,,,,,,,,,,,,,,,,,,,,
,,Time (GMT):,13:30,,,,,,,19:00,21:00,,,,,,,,,,,,,,,,,,,,,,,,,,,
,,Release Date,Actual,Forecast,Previous,Time,,,,Time IST,,,,,,,,,,,,,,,,,,,,,,,,,,,,
,,19-Dec-24, (16.4), 2.9  , (5.5),13:30,,,,,,,,,,,,,,,,,,,,,,,,,,,,,,,,
,,21-Nov-24, (5.5), 7.4  , 10.3 ,13:30,,,,,,,,,,,,,,,,,,,,,,,,,,,,,,,,
,,17-Oct-24, 10.3 , 4.2  , 1.7 ,12:30,,,,,,,,,,,,,,,,,,,,,,,,,,,,,,,,
,,19-Sep-24, 1.7 , -0.8  , (7.0),12:30,,,,,,,,,,,,,,,,,,,,,,,,,,,,,,,,
,,15-Aug-24, (7.0), 5.4  , 13.9 ,12:30,,,,,,,,,,,,,,,,,,,,,,,,,,,,,,,,
,,18-Jul-24, 13.9 , 2.7  , 1.3 ,12:30,,,,,,,,,,,,,,,,,,,,,,,,,,,,,,,,
,12,Event,USD - Retail Sales (MoM) (Dec),,,Asset,Description,,,IST Time,MT5 server time,,,,,,,,,,,,,,,,,,,,,,,,,,,
,,Actual:,,,,C:EURUSD,"
Retail Sales gauges the change in the aggregate value of sales at the retail level across the country. It is an important indicator of consumer spending accounting for the majority of overall economic activity.

A reading that is stronger than forecast is generally supportive (bullish) for the USD, while a weaker than forecast reading is generally negative (bearish) for the USD.

-Historical Impact on Assets: USDJPY | EURUSD",,,,,,,,,,,,,,,,,,,,,,,,,,,,,,,
,,Forecast:,0.5%,,,EURUSD.sd,,,,,,,,,,,,,,,,,,,,,,,,,,,,,,,,
,,Previous:,0.7%,,,,,,,,,,,,,,,,,,,,,,,,,,,,,,,,,,,
,,Time (GMT):,13:30,,,,,,,19:00,15:30,,,,,,,,,,,,,,,,,,,,,,,,,,,
,,Release Date,Actual,Forecast,Previous,Time,,,,Time IST,,,,,,,,,,,,,,,,,,,,,,,,,,,,
,,17-Dec-24,0.7%,0.6% ,0.5%,13:30,,,,,,,,,,,,,,,,,,,,,,,,,,,,,,,,
,,15-Nov-24,0.4%,0.3% ,0.8%,13:30,,,,,,,,,,,,,,,,,,,,,,,,,,,,,,,,
,,17-Oct-24,0.4%,0.3% ,0.1%,12:30,,,,,,,,,,,,,,,,,,,,,,,,,,,,,,,,
,,17-Sep-24,0.1%,-0.2% ,1.1%,12:30,,,,,,,,,,,,,,,,,,,,,,,,,,,,,,,,
,,15-Aug-24,1.0%,0.4% ,-0.2%,12:30,,,,,,,,,,,,,,,,,,,,,,,,,,,,,,,,
,,16-Jul-24,0.0%,-0.3% ,0.3%,12:30,,,,,,,,,,,,,,,,,,,,,,,,,,,,,,,,
,13,Event,CNY - GDP (YoY) (Q4),,,Asset,Description,,,IST Time,MT5 server time,,,,,,,,,,,,,,,,,,,,,,,,,,,
,,Actual:,,,,C:USDCNH,"
Gross Domestic Product (GDP) gauges the inflation-adjusted value of all goods and services produced within the economy. It is the most comprehensive measure of economic activity and an important indicator of economic health.

A reading that is stronger than forecast is generally supportive (bullish) for the CNY, while a weaker than forecast reading is generally negative (bearish) for the CNY.

-Historical Impact on Assets: USDCNH | USDCNY",,,,,,,,,,,,,,,,,,,,,,,,,,,,,,,
,,Forecast:,5.100%,,,USDCNH.sd,,,,,,,,,,,,,,,,,,,,,,,,,,,,,,,,
,,Previous:,4.600%,,,,,,,,,,,,,,,,,,,,,,,,,,,,,,,,,,,
,,Time (GMT):,2:00,,,,,,,7:30,4:00,,,,,,,,,,,,,,,,,,,,,,,,,,,
,,Release Date,Actual,Forecast,Previous,Time,,,,Time IST,,,,,,,,,,,,,,,,,,,,,,,,,,,,
,,18-Oct-24,4.60%,4.6% ,4.70%,2:00,,,,,,,,,,,,,,,,,,,,,,,,,,,,,,,,
,,15-Jul-24,4.70%,5.1% ,5.30%,2:00,,,,,,,,,,,,,,,,,,,,,,,,,,,,,,,,
,,16-Apr-24,5.30%,4.8% ,5.20%,2:00,,,,,,,,,,,,,,,,,,,,,,,,,,,,,,,,
,,17-Jan-24,5.20%,5.3% ,4.90%,2:00,,,,,,,,,,,,,,,,,,,,,,,,,,,,,,,,
,,18-Oct-23,4.90%,4.4% ,6.30%,2:00,,,,,,,,,,,,,,,,,,,,,,,,,,,,,,,,
,,17-Jul-23,6.30%,7.3% ,4.50%,2:00,,,,,,,,,,,,,,,,,,,,,,,,,,,,,,,,
,10,Event,EUR - CPI (YoY) (Dec),,,Asset,Description,,,IST Time,MT5 server time,,,,,,,,,,,,,,,,,,,,,,,,,,,
,,Actual:,,,,C:EURUSD,"
Bloomberg forecasts indicate the YoY core inflation in Europe will remain stable at 2.7%, while the YoY inflation in expected to stay at 2.4%.

At its December meeting, the European Central Bank reduced interest rates by 25 basis points and suggested further cuts early next year to reach neutral levels that neither hinder nor stimulate economic growth. 

A decline in inflation closer to the ECB's 2% target would support the current rate reduction pace, potentially benefitting European stock indices like the EURO STOXX 50, DAX, FRA40 indexes. Coversely, rising inflation could obstruct planned rate cuts, negatively impacting these indices.

-Historical Impact on Assets: EURJPY | EURUSD | DE40Roll | ESTOX",,,,EUR - CPI (YoY) (Dec),,,,,,,,,,,,,,,,,,,,,,,,,,,
,,Forecast:,2.40%,,,EURUSD.sd,,,,,,,,,,,,,,,,,,,,,,,,,,,,,,,,
,,Previous:,2.40%,,,,,,,,,,,,,,,,,,,,,,,,,,,,,,,,,,,
,,Time (GMT):,10:00,,,,,,,15:30,12:00,,,,,,,,,,,,,,,,,,,,,,,,,,,
,,Release Date,Actual,Forecast,Previous,Time,,,,Time IST,,,,,,,,,,,,,,,,,,,,,,,,,,,,
,,07-Jan-25,2.40%,2.4% ,2.20%,10:00,,,,,,,,,,,,,,,,,,,,,,,,,,,,,,,,
,,18-Dec-24,2.20%,2.3% ,2.00%,10:00,,,,,,,,,,,,,,,,,,,,,,,,,,,,,,,,
,,29-Nov-24,2.30%,2.3% ,2.00%,10:00,,,,,,,,,,,,,,,,,,,,,,,,,,,,,,,,
,,19-Nov-24,2.00%,2.0% ,2.00%,10:00,,,,,,,,,,,,,,,,,,,,,,,,,,,,,,,,
,,31-Oct-24,2.00%,1.9% ,1.70%,10:00,,,,,,,,,,,,,,,,,,,,,,,,,,,,,,,,
,,17-Oct-24,1.70%,1.8% ,2.20%,9:00,,,,,,,,,,,,,,,,,,,,,,,,,,,,,,,,
xx,1,Event,CNY - Manufacturing PMI (Jan),,,Asset,Description,,,IST Time,MT5 server time,,,,,,,,,,,,,,,,,,,,,,,,,,,
,,Actual:,,,,C:USDCNH,"China Manufacturing Purchasing Managers Index (PMI) provides an early indication each month of economic activities in the Chinese manufacturing sector. It is compiled by China Federation of Logistics & Purchasing (CFLP) and China Logistics Information Centre (CLIC), based on data collected by the National Bureau of Statistics (NBS).Li & Fung Research Centre is responsible for drafting and disseminating the English PMI report. Every month questionnaires are sent to over 700 manufacturing enterprises all over China. The data presented here is compiled from the enterprises responses about their purchasing activities and supply situations. The PMI should be compared to other economic data sources when used in decision-making.
A reading that is stronger than forecast is generally supportive (bullish) for the CNY , while a weaker than forecast reading is generally negative (bearish) for the CNY.

Learn More: USDCNY | USDCNH",,,,CNY - Manufacturing PMI (Jan),,,,,,,,,,,,,,,,,,,,,,,,,,,
,,Forecast:,5010.00%,,,USDCNH.sd,,,,,,,,,,,,,,,,,,,,,,,,,,,,,,,,
,,Previous:,5010.00%,,,,,,,,,,,,,,,,,,,,,,,,,,,,,,,,,,,
,,Time (GMT):,1:30,,,,,,,7:00,3:30,,,,,,,,,,,,,,,,,,,,,,,,,,,
,,Release Date,Actual,Forecast,Previous,Time,,,,Time IST,,,,,,,,,,,,,,,,,,,,,,,,,,,,
,,31-Dec-24,5010.00%,50.3 ,5030.00%,1:30,,,,7:00,,,,,,,,,,,,,,,,,,,,,,,,,,,,
,,30-Nov-24,5030.00%,50.2 ,5010.00%,1:30,,,,7:00,,,,,,,,,,,,,,,,,,,,,,,,,,,,
,,31-Oct-24,5010.00%,49.8 ,4980.00%,1:30,,,,7:00,,,,,,,,,,,,,,,,,,,,,,,,,,,,
,,30-Sep-24,4980.00%,49.4 ,4910.00%,1:30,,,,7:00,,,,,,,,,,,,,,,,,,,,,,,,,,,,
,,31-Aug-24,4910.00%,49.5 ,4940.00%,1:30,,,,7:00,,,,,,,,,,,,,,,,,,,,,,,,,,,,
,,31-Jul-24,4940.00%,49.4 ,4950.00%,1:30,,,,7:00,,,,,,,,,,,,,,,,,,,,,,,,,,,,
,1,Event,USD - New Home Sales (Dec),,,Asset,Description,,,IST Time,MT5 server time,,,,,,,,,,,,,,,,,,,,,,,,,,,
,,Actual:,,,,C:EURUSD,"New Home Sales measures the annualised number of new single-family homes that were sold during the prior month. When it's released ahead of Existing Home Sales, this report tends to have more impact because the two reports are highly correlated.

A reading that is stronger than forecast is generally supportive (bullish) for the USD, while a weaker than forecast reading is generally negative (bearish) for the USD.

Learn More: USDJPY | EURUSD",,,,USD - New Home Sales (Dec),,,,,,,,,,,,,,,,,,,,,,,,,,,
,,Forecast:,,,,EURUSD.sd,,,,,,,,,,,,,,,,,,,,,,,,,,,,,,,,
,,Previous:,664K,,,,,,,,,,,,,,,,,,,,,,,,,,,,,,,,,,,
,,Time (GMT):,15:00,,,,,,,20:30,17:00,,,,,,,,,,,,,,,,,,,,,,,,,,,
,,Release Date,Actual,Forecast,Previous,Time,,,,Time IST,,,,,,,,,,,,,,,,,,,,,,,,,,,,
,,23-Dec-24,664,666,627,15:00,,,,20:30,,,,,,,,,,,,,,,,,,,,,,,,,,,,
,,26-Nov-24,610,725,738,15:00,,,,20:30,,,,,,,,,,,,,,,,,,,,,,,,,,,,
,,24-Oct-24,738,719,709,14:00,,,,19:30,,,,,,,,,,,,,,,,,,,,,,,,,,,,
,,25-Sep-24,716,699,751,14:00,,,,19:30,,,,,,,,,,,,,,,,,,,,,,,,,,,,
,,23-Aug-24,739,624,668,14:00,,,,19:30,,,,,,,,,,,,,,,,,,,,,,,,,,,,
,,24-Jul-24,617,639,621,14:00,,,,19:30,,,,,,,,,,,,,,,,,,,,,,,,,,,,
,#REF!,Event,CNY - Chinese New Year,,,Asset,Description,,,IST Time,MT5 server time,,,,,,,,,,,,,,,,,,,,,,,,,,,
,,Actual:,,,,C:GBPCAD,"Chinese New Year is a major holiday in China, marking the beginning of the lunar new year. Financial markets and businesses are closed, resulting in lower trading volumes across Asia.

Learn More: []",,,,CNY - Chinese New Year,,,,,,,,,,,,,,,,,,,,,,,,,,,
,,Forecast:,0.00%,,,GBPCAD.sd,,,,,,,,,,,,,,,,,,,,,,,,,,,,,,,,
,,Previous:,0.00%,,,,,,,,,,,,,,,,,,,,,,,,,,,,,,,,,,,
,,Time (GMT):,#VALUE!,,,,,,,All Day,#VALUE!,,,,,,,,,,,,,,,,,,,,,,,,,,,
,,Release Date,Actual,Forecast,Previous,Time,,,,Time IST,,,,,,,,,,,,,,,,,,,,,,,,,,,,
,,17-Dec-24,2.0%,2.1% ,2.2%,12:30,,,,7:00,,,,,,,,,,,,,,,,,,,,,,,,,,,,
,,19-Nov-24,2.2%,2.1% ,2.1%,12:30,,,,7:00,,,,,,,,,,,,,,,,,,,,,,,,,,,,
,,15-Oct-24,2.1%,2.1% ,1.9%,11:30,,,,6:00,,,,,,,,,,,,,,,,,,,,,,,,,,,,
,,17-Sep-24,2.0%,2.2% ,2.2%,11:30,,,,6:00,,,,,,,,,,,,,,,,,,,,,,,,,,,,
,,20-Aug-24,2.2%,2.2% ,2.3%,11:30,,,,6:00,,,,,,,,,,,,,,,,,,,,,,,,,,,,
,,16-Jul-24,2.3%,2.4% ,2.4%,11:30,,,,6:00,,,,,,,,,,,,,,,,,,,,,,,,,,,,
,#REF!,Event,KRW - Korean New Year,,,Asset,Description,,,IST Time,MT5 server time,,,,,,,,,,,,,,,,,,,,,,,,,,,
,,Actual:,,,,C:GBPCAD,"Korean New Year, or Seollal, is a significant holiday in South Korea, celebrated with family gatherings and traditional rituals. Markets are closed, leading to reduced trading activity.

Learn More: []",,,,KRW - Korean New Year,,,,,,,,,,,,,,,,,,,,,,,,,,,
,,Forecast:,0.00%,,,GBPCAD.sd,,,,,,,,,,,,,,,,,,,,,,,,,,,,,,,,
,,Previous:,0.00%,,,,,,,,,,,,,,,,,,,,,,,,,,,,,,,,,,,
,,Time (GMT):,21:45,,,,,,,All Day,23:45,,,,,,,,,,,,,,,,,,,,,,,,,,,
,,Release Date,Actual,Forecast,Previous,Time,,,,Time IST,,,,,,,,,,,,,,,,,,,,,,,,,,,,
,,15-Oct-24,0.6%,0.7% ,0.4%,12:30,,,,7:00,,,,,,,,,,,,,,,,,,,,,,,,,,,,
,,16-Jul-24,0.4%,0.5% ,0.6%,12:30,,,,7:00,,,,,,,,,,,,,,,,,,,,,,,,,,,,
,,16-Apr-24,0.6%,0.6% ,0.5%,11:30,,,,6:00,,,,,,,,,,,,,,,,,,,,,,,,,,,,
,,23-Jan-24,0.5%,0.5% ,1.8%,11:30,,,,6:00,,,,,,,,,,,,,,,,,,,,,,,,,,,,
,,16-Oct-23,1.8%,2.0% ,1.1%,11:30,,,,6:00,,,,,,,,,,,,,,,,,,,,,,,,,,,,
,,18-Jul-23,1.1%,1.0% ,1.2%,11:30,,,,6:00,,,,,,,,,,,,,,,,,,,,,,,,,,,,
,1,Event,USD - Durable Goods Orders (MoM) (Dec) P,,,Asset,Description,,,IST Time,MT5 server time,,,,,,,,,,,,,,,,,,,,,,,,,,,
,,Actual:,,,,C:EURUSD,"Durable Goods Orders reports the change in the total value of new orders for long lasting manufactured goods, including transportation items.

A reading that is stronger than forecast is generally supportive (bullish) for the USD, while a weaker than forecast reading is generally negative (bearish) for the USD.

Learn More: USDJPY | EUR",,,,USD - Durable Goods Orders (MoM) (Dec) P,,,,,,,,,,,,,,,,,,,,,,,,,,,
,,Forecast:,0.80%,,,EURUSD.sd,,,,,,,,,,,,,,,,,,,,,,,,,,,,,,,,
,,Previous:,-1.20%,,,,,,,,,,,,,,,,,,,,,,,,,,,,,,,,,,,
,,Time (GMT):,13:30,,,,,,,19:00,15:30,,,,,,,,,,,,,,,,,,,,,,,,,,,
,,Release Date,Actual,Forecast,Previous,Time,,,,Time IST,,,,,,,,,,,,,,,,,,,,,,,,,,,,
,,23-Dec-24,-1.1%,-0.3% ,0.8%,13:30,,,,19:00,,,,,,,,,,,,,,,,,,,,,,,,,,,,
,,27-Nov-24,0.2%,-0.8% ,-0.4%,13:30,,,,19:00,,,,,,,,,,,,,,,,,,,,,,,,,,,,
,,25-Oct-24,-0.8%,-1.1% ,-0.8%,12:30,,,,18:00,,,,,,,,,,,,,,,,,,,,,,,,,,,,
,,26-Sep-24,0.0%,-2.8% ,9.9%,12:30,,,,18:00,,,,,,,,,,,,,,,,,,,,,,,,,,,,
,,26-Aug-24,9.9%,4.0% ,-6.9%,12:30,,,,18:00,,,,,,,,,,,,,,,,,,,,,,,,,,,,
,,25-Jul-24,-6.6%,0.3% ,0.1%,12:30,,,,18:00,,,,,,,,,,,,,,,,,,,,,,,,,,,,
,1,Event,USD - CB Consumer Confidence (Jan),,,Asset,Description,,,IST Time,MT5 server time,,,,,,,,,,,,,,,,,,,,,,,,,,,
,,Actual:,,,,C:EURUSD,"Conference Board (CB) Consumer Confidence measures the level of confidence consumers have in the economy. When consumers are optimistic, they tend to spend more which increases consumption and overall economic growth.

A reading that is stronger than forecast is generally supportive (bullish) for the USD, while a weaker than forecast reading is generally negative (bearish) for the USD.

Learn More: USDJPY | EUR",,,,USD - CB Consumer Confidence (Jan),,,,,,,,,,,,,,,,,,,,,,,,,,,
,,Forecast:, 106.00 ,,,EURUSD.sd,,,,,,,,,,,,,,,,,,,,,,,,,,,,,,,,
,,Previous:, 104.70 ,,,,,,,,,,,,,,,,,,,,,,,,,,,,,,,,,,,
,,Time (GMT):,15:00,,,,,,,20:30,17:00,,,,,,,,,,,,,,,,,,,,,,,,,,,
,,Release Date,Actual,Forecast,Previous,Time,,,,Time IST,,,,,,,,,,,,,,,,,,,,,,,,,,,,
,,23-Dec-24, 104.7 , 112.9  , 112.8 ,15:00,,,,20:30,,,,,,,,,,,,,,,,,,,,,,,,,,,,
,,26-Nov-24, 111.7 , 111.8  , 109.6 ,15:00,,,,20:30,,,,,,,,,,,,,,,,,,,,,,,,,,,,
,,29-Oct-24, 108.7 , 99.5  , 99.2 ,14:00,,,,19:30,,,,,,,,,,,,,,,,,,,,,,,,,,,,
,,24-Sep-24, 98.7 , 103.9  , 105.6 ,14:00,,,,19:30,,,,,,,,,,,,,,,,,,,,,,,,,,,,
,,27-Aug-24, 103.3 , 100.9  , 101.9 ,14:00,,,,19:30,,,,,,,,,,,,,,,,,,,,,,,,,,,,
,,30-Jul-24, 100.3 , 99.7  , 97.8 ,14:00,,,,19:30,,,,,,,,,,,,,,,,,,,,,,,,,,,,
,#REF!,Event,CNY - Chinese New Year,,,Asset,Description,,,IST Time,MT5 server time,,,,,,,,,,,,,,,,,,,,,,,,,,,
,,Actual:,,,,C:GBPCAD,"Chinese New Year is a major holiday in China, marking the beginning of the lunar new year. Financial markets and businesses are closed, resulting in lower trading volumes across Asia.

Learn More: []",,,,CNY - Chinese New Year,,,,,,,,,,,,,,,,,,,,,,,,,,,
,,Forecast:,0.00%,,,GBPCAD.sd,,,,,,,,,,,,,,,,,,,,,,,,,,,,,,,,
,,Previous:,0.00%,,,,,,,,,,,,,,,,,,,,,,,,,,,,,,,,,,,
,,Time (GMT):,#VALUE!,,,,,,,All Day,#VALUE!,,,,,,,,,,,,,,,,,,,,,,,,,,,
,,Release Date,Actual,Forecast,Previous,Time,,,,Time IST,,,,,,,,,,,,,,,,,,,,,,,,,,,,
,,19-Dec-24,0.25%,0.25% ,0.25%,12:30,,,,7:00,,,,,,,,,,,,,,,,,,,,,,,,,,,,
,,31-Oct-24,0.25%,0.25% ,0.25%,12:30,,,,7:00,,,,,,,,,,,,,,,,,,,,,,,,,,,,
,,20-Sep-24,0.25%,0.25% ,0.25%,11:30,,,,6:00,,,,,,,,,,,,,,,,,,,,,,,,,,,,
,,31-Jul-24,0.25%,0.10% ,0.10%,11:30,,,,6:00,,,,,,,,,,,,,,,,,,,,,,,,,,,,
,,14-Jun-24,0.10%,0.10% ,0.10%,11:30,,,,6:00,,,,,,,,,,,,,,,,,,,,,,,,,,,,
,,26-Apr-24,0.10%,0.10% ,0.10%,11:30,,,,6:00,,,,,,,,,,,,,,,,,,,,,,,,,,,,
,#REF!,Event,KRW - Korean New Year,,,Asset,Description,,,IST Time,MT5 server time,,,,,,,,,,,,,,,,,,,,,,,,,,,
,,Actual:,,,,C:GBPCAD,"Korean New Year, or Seollal, is a significant holiday in South Korea, celebrated with family gatherings and traditional rituals. Markets are closed, leading to reduced trading activity.

Learn More: []",,,,KRW - Korean New Year,,,,,,,,,,,,,,,,,,,,,,,,,,,
,,Forecast:, -   ,,,GBPCAD.sd,,,,,,,,,,,,,,,,,,,,,,,,,,,,,,,,
,,Previous:, -   ,,,,,,,,,,,,,,,,,,,,,,,,,,,,,,,,,,,
,,Time (GMT):,#VALUE!,,,,,,,All Day,#VALUE!,,,,,,,,,,,,,,,,,,,,,,,,,,,
,,Release Date,Actual,Forecast,Previous,Time,,,,Time IST,,,,,,,,,,,,,,,,,,,,,,,,,,,,
,,02-Jan-25, 49.4 , 48.3  , 49.7 ,12:30,,,,7:00,,,,,,,,,,,,,,,,,,,,,,,,,,,,
,,16-Dec-24, 48.3 , 49.4  , 49.7 ,12:30,,,,7:00,,,,,,,,,,,,,,,,,,,,,,,,,,,,
,,02-Dec-24, 49.7 , 48.8  , 48.5 ,11:30,,,,6:00,,,,,,,,,,,,,,,,,,,,,,,,,,,,
,,22-Nov-24, 48.8 , 48.8  , 48.5 ,11:30,,,,6:00,,,,,,,,,,,,,,,,,,,,,,,,,,,,
,,01-Nov-24, 48.5 , 47.8  , 47.8 ,11:30,,,,6:00,,,,,,,,,,,,,,,,,,,,,,,,,,,,
,,24-Oct-24, 47.8 , 47.5  , 47.3 ,11:30,,,,6:00,,,,,,,,,,,,,,,,,,,,,,,,,,,,
,#REF!,Event,#REF!,,,Asset,Description,,,IST Time,MT5 server time,,,,,,,,,,,,,,,,,,,,,,,,,,,
,,Actual:,,,,C:EURUSD,#REF!,,,,#REF!,,,,,,,,,,,,,,,,,,,,,,,,,,,
,,Forecast:,#REF!,,,EURUSD.sd,,,,,,,,,,,,,,,,,,,,,,,,,,,,,,,,
,,Previous:,#REF!,,,,,,,,,,,,,,,,,,,,,,,,,,,,,,,,,,,
,,Time (GMT):,#REF!,,,#REF!,,,,#REF!,15:15,,,,,,,,,,,,,,,,,,,,,,,,,,,
,,Release Date,Actual,Forecast,Previous,Time,,,,,,,,,,,,,,,,,,,,,,,,,,,,,,,,
,,13-Nov-24,0.20%,0.2% ,0.20%,13:30,,,,,,,,,,,,,,,,,,,,,,,,,,,,,,,,
,,10-Oct-24,0.20%,0.1% ,0.20%,12:30,,,,,,,,,,,,,,,,,,,,,,,,,,,,,,,,
,,11-Sep-24,0.20%,0.2% ,0.20%,12:30,,,,,,,,,,,,,,,,,,,,,,,,,,,,,,,,
,,14-Aug-24,0.20%,0.2% ,-0.10%,12:30,,,,,,,,,,,,,,,,,,,,,,,,,,,,,,,,
,,11-Jul-24,-0.10%,0.1% ,0.00%,12:30,,,,,,,,,,,,,,,,,,,,,,,,,,,,,,,,
,,12-Jun-24,0.00%,0.1% ,0.30%,12:30,,,,,,,,,,,,,,,,,,,,,,,,,,,,,,,,
,#REF!,Event,SGD - Singapore - Chinese New Year,,,Asset,Description,,,IST Time,MT5 server time,,,,,,,,,,,,,,,,,,,,,,,,,,,
,,Actual:,,,,C:GBPCAD,"Singapore observes Chinese New Year as a public holiday, with businesses and financial markets closed. Trading activity is typically subdued during this period.

Learn More: []",,,,SGD - Singapore - Chinese New Year,,,,,,,,,,,,,,,,,,,,,,,,,,,
,,Forecast:, -   ,,,GBPCAD.sd,,,,,,,,,,,,,,,,,,,,,,,,,,,,,,,,
,,Previous:, -   ,,,,,,,,,,,,,,,,,,,,,,,,,,,,,,,,,,,
,,Time (GMT):,#VALUE!,,,,,,,All Day,#VALUE!,,,,,,,,,,,,,,,,,,,,,,,,,,,
,,Release Date,Actual,Forecast,Previous,Time,,,,Time IST,,,,,,,,,,,,,,,,,,,,,,,,,,,,
,,06-Jan-25, 56.8 , 58.5  , 56.1 ,12:30,,,,7:00,,,,,,,,,,,,,,,,,,,,,,,,,,,,
,,16-Dec-24, 58.5 , 55.7  , 56.1 ,12:30,,,,7:00,,,,,,,,,,,,,,,,,,,,,,,,,,,,
,,04-Dec-24, 56.1 , 57.0  , 55.0 ,11:30,,,,6:00,,,,,,,,,,,,,,,,,,,,,,,,,,,,
,,22-Nov-24, 57.0 , 55.2  , 55.0 ,11:30,,,,6:00,,,,,,,,,,,,,,,,,,,,,,,,,,,,
,,05-Nov-24, 55.0 , 55.3  , 55.2 ,11:30,,,,6:00,,,,,,,,,,,,,,,,,,,,,,,,,,,,
,,24-Oct-24, 55.3 , 55.0  , 55.2 ,11:30,,,,6:00,,,,,,,,,,,,,,,,,,,,,,,,,,,,
,#REF!,Event,HKD - Hong Kong - Chinese New Year,,,Asset,Description,,,IST Time,MT5 server time,,,,,,,,,,,,,,,,,,,,,,,,,,,
,,Actual:,,,,C:GBPCAD,"Hong Kong celebrates Chinese New Year with public holidays, resulting in closures of financial markets and businesses. Trading volumes are generally lower during this time.

Learn More: []",,,,HKD - Hong Kong - Chinese New Year,,,,,,,,,,,,,,,,,,,,,,,,,,,
,,Forecast:, -   ,,,GBPCAD.sd,,,,,,,,,,,,,,,,,,,,,,,,,,,,,,,,
,,Previous:,0.00%,,,,,,,,,,,,,,,,,,,,,,,,,,,,,,,,,,,
,,Time (GMT):,#VALUE!,,,,,,,All Day,#VALUE!,,,,,,,,,,,,,,,,,,,,,,,,,,,
,,Release Date,Actual,Forecast,Previous,Time,,,,Time IST,,,,,,,,,,,,,,,,,,,,,,,,,,,,
,,19-Dec-24,4.15,4.09,3.96,12:30,,,,7:00,,,,,,,,,,,,,,,,,,,,,,,,,,,,
,,21-Nov-24,3.96,3.95,3.83,12:30,,,,7:00,,,,,,,,,,,,,,,,,,,,,,,,,,,,
,,23-Oct-24,3.84,3.88,3.88,11:30,,,,6:00,,,,,,,,,,,,,,,,,,,,,,,,,,,,
,,19-Sep-24,3.86,3.92,3.96,11:30,,,,6:00,,,,,,,,,,,,,,,,,,,,,,,,,,,,
,,22-Aug-24,3.95,3.94,3.90,11:30,,,,6:00,,,,,,,,,,,,,,,,,,,,,,,,,,,,
,,23-Jul-24,3.89,3.99,4.11,11:30,,,,6:00,,,,,,,,,,,,,,,,,,,,,,,,,,,,
,1,Event,USD - Microsoft earnings report,,,Asset,Description,,,IST Time,MT5 server time,,,,,,,,,,,,,,,,,,,,,,,,,,,
,,Actual:,,,,C:EURUSD,"Typically reports after U.S. markets close

Learn More: UT100",,,,USD - Microsoft earnings report,,,,,,,,,,,,,,,,,,,,,,,,,,,
,,Forecast:, 3.13 ,,,EURUSD.sd,,,,,,,,,,,,,,,,,,,,,,,,,,,,,,,,
,,Previous:, 2.93 ,,,,,,,,,,,,,,,,,,,,,,,,,,,,,,,,,,,
,,Time (GMT):,21:00,,,,,,,2:30,23:00,,,,,,,,,,,,,,,,,,,,,,,,,,,
,,Release Date,Actual,Forecast,Previous,Time,,,,Time IST,,,,,,,,,,,,,,,,,,,,,,,,,,,,
,,30-Oct-24, 3.3 , 3.1 , 3.0 ,###############################################################################################################################################################################################################################################################,,,,2:30,,,,,,,,,,,,,,,,,,,,,,,,,,,,
,,30-Jul-24, 3.0 , 2.9 , 2.9 ,###############################################################################################################################################################################################################################################################,,,,2:30,,,,,,,,,,,,,,,,,,,,,,,,,,,,
,,25-Apr-24, 2.9 , 2.8 , 2.9 ,14:00,,,,19:30,,,,,,,,,,,,,,,,,,,,,,,,,,,,
,,30-Jan-24, 2.9 , 2.8 , 2.7 ,14:00,,,,19:30,,,,,,,,,,,,,,,,,,,,,,,,,,,,
,,24-Oct-23, 3.0 , 2.7 , 2.4 ,14:00,,,,19:30,,,,,,,,,,,,,,,,,,,,,,,,,,,,
,,25-Jul-23, 2.7 , 2.6 , 2.2 ,14:00,,,,19:30,,,,,,,,,,,,,,,,,,,,,,,,,,,,
,1,Event,USD - Tesla earnings report,,,Asset,Description,,,IST Time,MT5 server time,,,,,,,,,,,,,,,,,,,,,,,,,,,
,,Actual:,,,,C:EURUSD,"Typically reports after U.S. markets close

Learn More: UT100",,,,USD - Tesla earnings report,,,,,,,,,,,,,,,,,,,,,,,,,,,
,,Forecast:, 0.64 ,,,EURUSD.sd,,,,,,,,,,,,,,,,,,,,,,,,,,,,,,,,
,,Previous:, 0.57 ,,,,,,,,,,,,,,,,,,,,,,,,,,,,,,,,,,,
,,Time (GMT):,21:00,,,,,,,2:30,23:00,,,,,,,,,,,,,,,,,,,,,,,,,,,
,,Release Date,Actual,Forecast,Previous,Time,,,,Time IST,,,,,,,,,,,,,,,,,,,,,,,,,,,,
,,23-Oct-24, 0.6 , 0.5 , 0.5 ,###############################################################################################################################################################################################################################################################,,,,2:30,,,,,,,,,,,,,,,,,,,,,,,,,,,,
,,23-Jul-24, 0.4 , 0.5 , 0.4 ,###############################################################################################################################################################################################################################################################,,,,2:30,,,,,,,,,,,,,,,,,,,,,,,,,,,,
,,23-Apr-24, 0.4 , 0.4 , 0.6 ,14:00,,,,19:30,,,,,,,,,,,,,,,,,,,,,,,,,,,,
,,02-Jan-24, 0.6 , 0.6 , 0.8 ,14:00,,,,19:30,,,,,,,,,,,,,,,,,,,,,,,,,,,,
,,18-Oct-24, 0.5 , 0.6 , 1.0 ,14:00,,,,19:30,,,,,,,,,,,,,,,,,,,,,,,,,,,,
,,19-Jul-24, 0.8 , 0.8 , 0.7 ,14:00,,,,19:30,,,,,,,,,,,,,,,,,,,,,,,,,,,,
,1,Event,CAD - BoC Interest Rate Decision,,,Asset,Description,,,IST Time,MT5 server time,,,,,,,,,,,,,,,,,,,,,,,,,,,
,,Actual:,,,,C:EURUSD,"The Bank of Canada (BOC) publishes its decision on where to set the benchmark interest rate. As short term interest rates are an important determinant of currency valuation, traders watch interest rate changes closely.

A reading that is stronger than forecast is generally supportive (bullish) for the CAD, while a weaker than forecast reading is generally negative (bearish) for the CAD.

Learn More: USDCAD | CADJPY",,,,CAD - BoC Interest Rate Decision,,,,,,,,,,,,,,,,,,,,,,,,,,,
,,Forecast:, 0.03 ,,,EURUSD.sd,,,,,,,,,,,,,,,,,,,,,,,,,,,,,,,,
,,Previous:, 0.03 ,,,,,,,,,,,,,,,,,,,,,,,,,,,,,,,,,,,
,,Time (GMT):,14:45,,,,,,,20:15,16:45,,,,,,,,,,,,,,,,,,,,,,,,,,,
,,Release Date,Actual,Forecast,Previous,Time,,,,Time IST,,,,,,,,,,,,,,,,,,,,,,,,,,,,
,,11-Dec-24, 0.0 , 3.25%  , 0.0 ,14:45,,,,20:15,,,,,,,,,,,,,,,,,,,,,,,,,,,,
,,23-Oct-24, 0.0 , 3.75%  , 0.0 ,14:45,,,,20:15,,,,,,,,,,,,,,,,,,,,,,,,,,,,
,,04-Sep-24, 0.0 , 4.25%  , 0.0 ,14:00,,,,19:30,,,,,,,,,,,,,,,,,,,,,,,,,,,,
,,24-Jul-24, 0.0 , 4.50%  , 0.0 ,14:00,,,,19:30,,,,,,,,,,,,,,,,,,,,,,,,,,,,
,,05-Jun-24, 0.0 , 4.75%  , 0.1 ,14:00,,,,19:30,,,,,,,,,,,,,,,,,,,,,,,,,,,,
,,10-Apr-24, 0.1 , 5.00%  , 0.1 ,14:00,,,,19:30,,,,,,,,,,,,,,,,,,,,,,,,,,,,
,1,Event,USD - Crude Oil Inventories,,,Asset,Description,,,IST Time,MT5 server time,,,,,,,,,,,,,,,,,,,,,,,,,,,
,,Actual:,,,,C:EURUSD,"The Energy Information Administration's (EIA) Crude Oil Inventories measures the weekly change in the number of barrels of commercial crude oil held by US firms. The level of inventories influences the price of petroleum products, which can have an impact on inflation.

If the increase in crude inventories is more than expected, it implies weaker demand and is bearish for crude prices. The same can be said if a decline in inventories is less than expected.
If the increase in crude is less than expected, it implies greater demand and is bullish for crude prices. The same can be said if a decline in inventories is more than expected.

Learn More: USOILRoll",,,,USD - Crude Oil Inventories,,,,,,,,,,,,,,,,,,,,,,,,,,,
,,Forecast:, -   ,,,EURUSD.sd,,,,,,,,,,,,,,,,,,,,,,,,,,,,,,,,
,,Previous:, -1.017M ,,,,,,,,,,,,,,,,,,,,,,,,,,,,,,,,,,,
,,Time (GMT):,15:30,,,,,,,21:00,17:30,,,,,,,,,,,,,,,,,,,,,,,,,,,
,,Release Date,Actual,Forecast,Previous,Time,,,,Time IST,,,,,,,,,,,,,,,,,,,,,,,,,,,,
,,23-Jan-25, -1.017 , -2.100 , -1.962 ,15:30,,,,21:00,,,,,,,,,,,,,,,,,,,,,,,,,,,,
,,15-Jan-25, -1.962 , -3.500 , -0.959 ,15:30,,,,21:00,,,,,,,,,,,,,,,,,,,,,,,,,,,,
,,08-Jan-25, -0.959 , -1.800 , -1.178 ,14:00,,,,19:30,,,,,,,,,,,,,,,,,,,,,,,,,,,,
,,02-Jan-25, -1.178 , -2.400 , -4.237 ,14:00,,,,19:30,,,,,,,,,,,,,,,,,,,,,,,,,,,,
,,27-Dec-24, -4.237 , -0.700 , -0.934 ,14:00,,,,19:30,,,,,,,,,,,,,,,,,,,,,,,,,,,,
,,18-Dec-24, -0.934 , -1.600 , -1.425 ,14:00,,,,19:30,,,,,,,,,,,,,,,,,,,,,,,,,,,,
,#REF!,Event,CNY - Chinese New Year,,,Asset,Description,,,IST Time,MT5 server time,,,,,,,,,,,,,,,,,,,,,,,,,,,
,,Actual:,,,,C:GBPCAD,"Chinese New Year is a major holiday in China, marking the beginning of the lunar new year. Financial markets and businesses are closed, resulting in lower trading volumes across Asia.

Learn More: []",,,,CNY - Chinese New Year,,,,,,,,,,,,,,,,,,,,,,,,,,,
,,Forecast:,0.00%,,,GBPCAD.sd,,,,,,,,,,,,,,,,,,,,,,,,,,,,,,,,
,,Previous:,0.00%,,,,,,,,,,,,,,,,,,,,,,,,,,,,,,,,,,,
,,Time (GMT):,#VALUE!,,,,,,,All Day,#VALUE!,,,,,,,,,,,,,,,,,,,,,,,,,,,
,,Release Date,Actual,Forecast,Previous,Time,,,,Time IST,,,,,,,,,,,,,,,,,,,,,,,,,,,,
,,17-Dec-24,0.2%,0.4% ,0.2%,12:30,,,,7:00,,,,,,,,,,,,,,,,,,,,,,,,,,,,
,,15-Nov-24,0.1%,0.3% ,1.0%,12:30,,,,7:00,,,,,,,,,,,,,,,,,,,,,,,,,,,,
,,17-Oct-24,0.5%,0.1% ,0.2%,11:30,,,,6:00,,,,,,,,,,,,,,,,,,,,,,,,,,,,
,,17-Sep-24,0.1%,0.2% ,0.4%,11:30,,,,6:00,,,,,,,,,,,,,,,,,,,,,,,,,,,,
,,15-Aug-24,0.4%,0.1% ,0.5%,11:30,,,,6:00,,,,,,,,,,,,,,,,,,,,,,,,,,,,
,,16-Jul-24,0.4%,0.1% ,0.1%,11:30,,,,6:00,,,,,,,,,,,,,,,,,,,,,,,,,,,,
,#REF!,Event,KRW - Korean New Year,,,Asset,Description,,,IST Time,MT5 server time,,,,,,,,,,,,,,,,,,,,,,,,,,,
,,Actual:,,,,C:GBPCAD,"Korean New Year, or Seollal, is a significant holiday in South Korea, celebrated with family gatherings and traditional rituals. Markets are closed, leading to reduced trading activity.

Learn More: []",,,,KRW - Korean New Year,,,,,,,,,,,,,,,,,,,,,,,,,,,
,,Forecast:,0.00%,,,GBPCAD.sd,,,,,,,,,,,,,,,,,,,,,,,,,,,,,,,,
,,Previous:,0.00%,,,,,,,,,,,,,,,,,,,,,,,,,,,,,,,,,,,
,,Time (GMT):,#VALUE!,,,,,,,All Day,#VALUE!,,,,,,,,,,,,,,,,,,,,,,,,,,,
,,Release Date,Actual,Forecast,Previous,Time,,,,Time IST,,,,,,,,,,,,,,,,,,,,,,,,,,,,
,,08-Jan-25,201,214,211,12:30,,,,7:00,,,,,,,,,,,,,,,,,,,,,,,,,,,,
,,02-Jan-25,211,222,220,12:30,,,,7:00,,,,,,,,,,,,,,,,,,,,,,,,,,,,
,,26-Dec-24,219,223,220,11:30,,,,6:00,,,,,,,,,,,,,,,,,,,,,,,,,,,,
,,19-Dec-24,220,229,242,11:30,,,,6:00,,,,,,,,,,,,,,,,,,,,,,,,,,,,
,,12-Dec-24,242,221,225,11:30,,,,6:00,,,,,,,,,,,,,,,,,,,,,,,,,,,,
,,05-Dec-24,224,215,215,11:30,,,,6:00,,,,,,,,,,,,,,,,,,,,,,,,,,,,
,#REF!,Event,SGD - Singapore - Chinese New Year,,,Asset,Description,,,IST Time,MT5 server time,,,,,,,,,,,,,,,,,,,,,,,,,,,
,,Actual:,,,,C:GBPCAD,"Singapore observes Chinese New Year as a public holiday, with businesses and financial markets closed. Trading activity is typically subdued during this period.

Learn More: []",,,,SGD - Singapore - Chinese New Year,,,,,,,,,,,,,,,,,,,,,,,,,,,
,,Forecast:, -   ,,,GBPCAD.sd,,,,,,,,,,,,,,,,,,,,,,,,,,,,,,,,
,,Previous:, -   ,,,,,,,,,,,,,,,,,,,,,,,,,,,,,,,,,,,
,,Time (GMT):,#VALUE!,,,,,,,All Day,21:00,,,,,,,,,,,,,,,,,,,,,,,,,,,
,,Release Date,Actual,Forecast,Previous,Time,,,,Time IST,,,,,,,,,,,,,,,,,,,,,,,,,,,,
,,19-Dec-24, (16.4), 2.9  , (5.5),12:30,,,,7:00,,,,,,,,,,,,,,,,,,,,,,,,,,,,
,,21-Nov-24, (5.5), 7.4  , 10.3 ,12:30,,,,7:00,,,,,,,,,,,,,,,,,,,,,,,,,,,,
,,17-Oct-24, 10.3 , 4.2  , 1.7 ,11:30,,,,6:00,,,,,,,,,,,,,,,,,,,,,,,,,,,,
,,19-Sep-24, 1.7 , -0.8  , (7.0),11:30,,,,6:00,,,,,,,,,,,,,,,,,,,,,,,,,,,,
,,15-Aug-24, (7.0), 5.4  , 13.9 ,11:30,,,,6:00,,,,,,,,,,,,,,,,,,,,,,,,,,,,
,,18-Jul-24, 13.9 , 2.7  , 1.3 ,11:30,,,,6:00,,,,,,,,,,,,,,,,,,,,,,,,,,,,
,#REF!,Event,HKD - Hong Kong - Chinese New Year,,,Asset,Description,,,IST Time,MT5 server time,,,,,,,,,,,,,,,,,,,,,,,,,,,
,,Actual:,,,,C:GBPCAD,"Hong Kong celebrates Chinese New Year with public holidays, resulting in closures of financial markets and businesses. Trading volumes are generally lower during this time.

Learn More: []",,,,HKD - Hong Kong - Chinese New Year,,,,,,,,,,,,,,,,,,,,,,,,,,,
,,Forecast:,0.00%,,,GBPCAD.sd,,,,,,,,,,,,,,,,,,,,,,,,,,,,,,,,
,,Previous:,0.00%,,,,,,,,,,,,,,,,,,,,,,,,,,,,,,,,,,,
,,Time (GMT):,#VALUE!,,,,,,,All Day,#VALUE!,,,,,,,,,,,,,,,,,,,,,,,,,,,
,,Release Date,Actual,Forecast,Previous,Time,,,,Time IST,,,,,,,,,,,,,,,,,,,,,,,,,,,,
,,17-Dec-24,0.7%,0.6% ,0.5%,12:30,,,,7:00,,,,,,,,,,,,,,,,,,,,,,,,,,,,
,,15-Nov-24,0.4%,0.3% ,0.8%,12:30,,,,7:00,,,,,,,,,,,,,,,,,,,,,,,,,,,,
,,17-Oct-24,0.4%,0.3% ,0.1%,11:30,,,,6:00,,,,,,,,,,,,,,,,,,,,,,,,,,,,
,,17-Sep-24,0.1%,-0.2% ,1.1%,11:30,,,,6:00,,,,,,,,,,,,,,,,,,,,,,,,,,,,
,,15-Aug-24,1.0%,0.4% ,-0.2%,11:30,,,,6:00,,,,,,,,,,,,,,,,,,,,,,,,,,,,
,,16-Jul-24,0.0%,-0.3% ,0.3%,11:30,,,,6:00,,,,,,,,,,,,,,,,,,,,,,,,,,,,
,#REF!,Event,USD - FOMC Statement,,,Asset,Description,,,IST Time,MT5 server time,,,,,,,,,,,,,,,,,,,,,,,,,,,
,,Actual:,,,,C:GBPCAD,"The Federal Reserve Open Market Committee is convening to vote on US interest rates. According to Bloomberg, members are expected to maintain the current rate, supported by last month's economic data. The US jobs report for December revealed a rise in employment, with jobs added to the economy increasing from 212,000 in November to 256,000 in December, while unemployment dropped from 4.2% to 4.1%. Meanwhile, the US Consumer Price Index for December indicated a slight decline in the year-over-year (YoY) core inflation, from 3.2% to 3.1%

Investors are also anticipating Powell's press conference for insights into US monetary policy, particularly the potential impact of President Trump's policies, the Federal Reserve's tolerance for rising inflation, and the likelihood of interest rate hikes rather than cuts in 2025.

Learn More: USDJPY | EURUSD | XAGUSD",,,,USD - FOMC Statement,,,,,,,,,,,,,,,,,,,,,,,,,,,
,,Forecast:,0.0%,,,GBPCAD.sd,,,,,,,,,,,,,,,,,,,,,,,,,,,,,,,,
,,Previous:,0.0%,,,,,,,,,,,,,,,,,,,,,,,,,,,,,,,,,,,
,,Time (GMT):,19:00,,,,,,,0:30,21:00,,,,,,,,,,,,,,,,,,,,,,,,,,,
,,Release Date,Actual,Forecast,Previous,Time,,,,Time IST,,,,,,,,,,,,,,,,,,,,,,,,,,,,
,,18-Oct-24, -   ,    , -   ,12:30,,,,7:00,,,,,,,,,,,,,,,,,,,,,,,,,,,,
,,15-Jul-24, -   ,    , -   ,12:30,,,,7:00,,,,,,,,,,,,,,,,,,,,,,,,,,,,
,,16-Apr-24, -   ,    , -   ,11:30,,,,6:00,,,,,,,,,,,,,,,,,,,,,,,,,,,,
,,17-Jan-24, -   ,    , -   ,11:30,,,,6:00,,,,,,,,,,,,,,,,,,,,,,,,,,,,
,,18-Oct-23, -   ,    , -   ,11:30,,,,6:00,,,,,,,,,,,,,,,,,,,,,,,,,,,,
,,17-Jul-23, -   ,    , -   ,11:30,,,,6:00,,,,,,,,,,,,,,,,,,,,,,,,,,,,
,1,Event,USD - Fed Interest Rate Decision,,,Asset,Description,,,IST Time,MT5 server time,,,,,,,,,,,,,,,,,,,,,,,,,,,
,,Actual:,,,,C:EURUSD,"The Federal Reserve Open Market Committee is convening to vote on US interest rates. According to Bloomberg, members are expected to maintain the current rate, supported by last month's economic data. The US jobs report for December revealed a rise in employment, with jobs added to the economy increasing from 212,000 in November to 256,000 in December, while unemployment dropped from 4.2% to 4.1%. Meanwhile, the US Consumer Price Index for December indicated a slight decline in the year-over-year (YoY) core inflation, from 3.2% to 3.1%

Investors are also anticipating Powell's press conference for insights into US monetary policy, particularly the potential impact of President Trump's policies, the Federal Reserve's tolerance for rising inflation, and the likelihood of interest rate hikes rather than cuts in 2025.

Learn More: USDJPY | EURUSD | XAGUSD",,,,USD - Fed Interest Rate Decision,,,,,,,,,,,,,,,,,,,,,,,,,,,
,,Forecast:, 0.05 ,,,EURUSD.sd,,,,,,,,,,,,,,,,,,,,,,,,,,,,,,,,
,,Previous:, 0.05 ,,,,,,,,,,,,,,,,,,,,,,,,,,,,,,,,,,,
,,Time (GMT):,19:00,,,,,,,0:30,21:00,,,,,,,,,,,,,,,,,,,,,,,,,,,
,,Release Date,Actual,Forecast,Previous,Time,,,,Time IST,,,,,,,,,,,,,,,,,,,,,,,,,,,,
,,18-Dec-24,4.50%,4.50% ,4.75%,###############################################################################################################################################################################################################################################################,,,,0:30,,,,,,,,,,,,,,,,,,,,,,,,,,,,
,,07-Nov-24,4.75%,4.75% ,5.00%,###############################################################################################################################################################################################################################################################,,,,0:30,,,,,,,,,,,,,,,,,,,,,,,,,,,,
,,18-Sep-24,5.00%,5.25% ,5.50%,14:00,,,,19:30,,,,,,,,,,,,,,,,,,,,,,,,,,,,
,,31-Jul-24,5.50%,5.50% ,5.50%,14:00,,,,19:30,,,,,,,,,,,,,,,,,,,,,,,,,,,,
,,12-Jun-24,5.50%,5.50% ,5.50%,14:00,,,,19:30,,,,,,,,,,,,,,,,,,,,,,,,,,,,
,,01-May-24,5.50%,5.50% ,5.50%,14:00,,,,19:30,,,,,,,,,,,,,,,,,,,,,,,,,,,,
,1,Event,USD - FOMC Press Conference,,,Asset,Description,,,IST Time,MT5 server time,,,,,,,,,,,,,,,,,,,,,,,,,,,
,,Actual:,,,,C:EURUSD,"The Federal Reserve Open Market Committee is convening to vote on US interest rates. According to Bloomberg, members are expected to maintain the current rate, supported by last month's economic data. The US jobs report for December revealed a rise in employment, with jobs added to the economy increasing from 212,000 in November to 256,000 in December, while unemployment dropped from 4.2% to 4.1%. Meanwhile, the US Consumer Price Index for December indicated a slight decline in the year-over-year (YoY) core inflation, from 3.2% to 3.1%

Investors are also anticipating Powell's press conference for insights into US monetary policy, particularly the potential impact of President Trump's policies, the Federal Reserve's tolerance for rising inflation, and the likelihood of interest rate hikes rather than cuts in 2025.

Learn More: USDJPY | EURUSD | XAGUSD",,,,USD - FOMC Press Conference,,,,,,,,,,,,,,,,,,,,,,,,,,,
,,Forecast:, -   ,,,EURUSD.sd,,,,,,,,,,,,,,,,,,,,,,,,,,,,,,,,
,,Previous:, -   ,,,,,,,,,,,,,,,,,,,,,,,,,,,,,,,,,,,
,,Time (GMT):,19:30,,,,,,,1:00,21:30,,,,,,,,,,,,,,,,,,,,,,,,,,,
,,Release Date,Actual,Forecast,Previous,Time,,,,Time IST,,,,,,,,,,,,,,,,,,,,,,,,,,,,
,,18-Dec-24,  ,    ,  ,###############################################################################################################################################################################################################################################################,,,,1:00,,,,,,,,,,,,,,,,,,,,,,,,,,,,
,,07-Nov-24,  ,    ,  ,###############################################################################################################################################################################################################################################################,,,,1:00,,,,,,,,,,,,,,,,,,,,,,,,,,,,
,,18-Sep-24,  ,    ,  ,14:00,,,,19:30,,,,,,,,,,,,,,,,,,,,,,,,,,,,
,,31-Jul-24,  ,    ,  ,14:00,,,,19:30,,,,,,,,,,,,,,,,,,,,,,,,,,,,
,,12-Jun-24,  ,    ,  ,14:00,,,,19:30,,,,,,,,,,,,,,,,,,,,,,,,,,,,
,,01-May-24,  ,    ,  ,14:00,,,,19:30,,,,,,,,,,,,,,,,,,,,,,,,,,,,
,1,Event,USD - Meta earnings report,,,Asset,Description,,,IST Time,MT5 server time,,,,,,,,,,,,,,,,,,,,,,,,,,,
,,Actual:,,,,C:EURUSD,"Typically reports after U.S. markets close

Learn More: UT100",,,,USD - Meta earnings report,,,,,,,,,,,,,,,,,,,,,,,,,,,
,,Forecast:, 6.76 ,,,EURUSD.sd,,,,,,,,,,,,,,,,,,,,,,,,,,,,,,,,
,,Previous:, 5.33 ,,,,,,,,,,,,,,,,,,,,,,,,,,,,,,,,,,,
,,Time (GMT):,21:00,,,,,,,2:30,23:00,,,,,,,,,,,,,,,,,,,,,,,,,,,
,,Release Date,Actual,Forecast,Previous,Time,,,,Time IST,,,,,,,,,,,,,,,,,,,,,,,,,,,,
,,30-Oct-24, 6.0 , 5.2 , 4.4 ,###############################################################################################################################################################################################################################################################,,,,2:30,,,,,,,,,,,,,,,,,,,,,,,,,,,,
,,31-Jul-24, 5.2 , 4.7 , 4.7 ,###############################################################################################################################################################################################################################################################,,,,2:30,,,,,,,,,,,,,,,,,,,,,,,,,,,,
,,24-Apr-24, 4.7 , 4.3 , 5.3 ,14:00,,,,19:30,,,,,,,,,,,,,,,,,,,,,,,,,,,,
,,01-Feb-24, 5.3 , 4.8 , 3.2 ,14:00,,,,19:30,,,,,,,,,,,,,,,,,,,,,,,,,,,,
,,25-Oct-24, 4.4 , 3.6 , 2.7 ,14:00,,,,19:30,,,,,,,,,,,,,,,,,,,,,,,,,,,,
,,26-Jul-24, 5.3 , 4.9 , 4.4 ,14:00,,,,19:30,,,,,,,,,,,,,,,,,,,,,,,,,,,,
,#REF!,Event,EUR - German GDP (QoQ) (Q4) P,,,Asset,Description,,,IST Time,MT5 server time,,,,,,,,,,,,,,,,,,,,,,,,,,,
,,Actual:,,,,C:GBPCAD,"Bloomberg Suggests the ECB may reduce interest rates by 25 basis points at this meeting. Markets have already priced in a potential reduction of up to 100 basis points this year, in light of some ECB Board members' hints about the possibility of reaching neutral rates as long as inflation levels stabilize close to the ECB's 2% target.Traders will pay close attention to ECB President Christine Lagarde's press conference for clues on how European monetary policy might be impacted by the looming threat of a trade war between the European Union and the United States. Proposed tariffs on European goods by President Trump - and potentially retaliatory measures on American products - could drive European inflation levels higher. 

Learn More: EURUSD | EURJPY | CAC40",,,,EUR - German GDP (QoQ) (Q4) P,,,,,,,,,,,,,,,,,,,,,,,,,,,
,,Forecast:,0.00%,,,GBPCAD.sd,,,,,,,,,,,,,,,,,,,,,,,,,,,,,,,,
,,Previous:,3.00%,,,,,,,,,,,,,,,,,,,,,,,,,,,,,,,,,,,
,,Time (GMT):,13:15,,,,,,,18:45,15:15,,,,,,,,,,,,,,,,,,,,,,,,,,,
,,Release Date,Actual,Forecast,Previous,Time,,,,Time IST,,,,,,,,,,,,,,,,,,,,,,,,,,,,
,,05-Dec-24,224K,215K,215K,12:30,,,,7:00,,,,,,,,,,,,,,,,,,,,,,,,,,,,
,,27-Nov-24,213K,215K,215K,12:30,,,,7:00,,,,,,,,,,,,,,,,,,,,,,,,,,,,
,,21-Nov-24,213K,220K,219K,11:30,,,,6:00,,,,,,,,,,,,,,,,,,,,,,,,,,,,
,,14-Nov-24,217K,224K,221K,11:30,,,,6:00,,,,,,,,,,,,,,,,,,,,,,,,,,,,
,,07-Nov-24,221K,223K,218K,11:30,,,,6:00,,,,,,,,,,,,,,,,,,,,,,,,,,,,
,,31-Oct-24,216K,229K,228K,11:30,,,,6:00,,,,,,,,,,,,,,,,,,,,,,,,,,,,
,1,Event,EUR - German GDP (QoQ) (Q4) P,,,Asset,Description,,,IST Time,MT5 server time,,,,,,,,,,,,,,,,,,,,,,,,,,,
,,Actual:,,,,C:EURUSD,"Bloomberg Suggests the ECB may reduce interest rates by 25 basis points at this meeting. Markets have already priced in a potential reduction of up to 100 basis points this year, in light of some ECB Board members' hints about the possibility of reaching neutral rates as long as inflation levels stabilize close to the ECB's 2% target.Traders will pay close attention to ECB President Christine Lagarde's press conference for clues on how European monetary policy might be impacted by the looming threat of a trade war between the European Union and the United States. Proposed tariffs on European goods by President Trump - and potentially retaliatory measures on American products - could drive European inflation levels higher. 

Learn More: EURUSD | EURJPY | CAC40",,,,EUR - German GDP (QoQ) (Q4) P,,,,,,,,,,,,,,,,,,,,,,,,,,,
,,Forecast:, -   ,,,EURUSD.sd,,,,,,,,,,,,,,,,,,,,,,,,,,,,,,,,
,,Previous:, 0.03 ,,,,,,,,,,,,,,,,,,,,,,,,,,,,,,,,,,,
,,Time (GMT):,13:15,,,,,,,18:45,15:15,,,,,,,,,,,,,,,,,,,,,,,,,,,
,,Release Date,Actual,Forecast,Previous,Time,,,,Time IST,,,,,,,,,,,,,,,,,,,,,,,,,,,,
,,05-Dec-24, 224K , 215K , 215K ,13:15,,,,18:45,,,,,,,,,,,,,,,,,,,,,,,,,,,,
,,27-Nov-24, 213K , 215K , 215K ,13:15,,,,18:45,,,,,,,,,,,,,,,,,,,,,,,,,,,,
,,21-Nov-24, 213K , 220K , 219K ,14:00,,,,19:30,,,,,,,,,,,,,,,,,,,,,,,,,,,,
,,14-Nov-24, 217K , 224K , 221K ,14:00,,,,19:30,,,,,,,,,,,,,,,,,,,,,,,,,,,,
,,07-Nov-24, 221K , 223K , 218K ,14:00,,,,19:30,,,,,,,,,,,,,,,,,,,,,,,,,,,,
,,31-Oct-24, 216K , 229K , 228K ,14:00,,,,19:30,,,,,,,,,,,,,,,,,,,,,,,,,,,,
,1,Event,EUR - Deposit Facility Rate (Jan),,,Asset,Description,,,IST Time,MT5 server time,,,,,,,,,,,,,,,,,,,,,,,,,,,
,,Actual:,,,,C:EURUSD,"Bloomberg Suggests the ECB may reduce interest rates by 25 basis points at this meeting. Markets have already priced in a potential reduction of up to 100 basis points this year, in light of some ECB Board members' hints about the possibility of reaching neutral rates as long as inflation levels stabilize close to the ECB's 2% target.Traders will pay close attention to ECB President Christine Lagarde's press conference for clues on how European monetary policy might be impacted by the looming threat of a trade war between the European Union and the United States. Proposed tariffs on European goods by President Trump - and potentially retaliatory measures on American products - could drive European inflation levels higher. 

Learn More: EURUSD | EURJPY | CAC40",,,,EUR - Deposit Facility Rate (Jan),,,,,,,,,,,,,,,,,,,,,,,,,,,
,,Forecast:, 0.03 ,,,EURUSD.sd,,,,,,,,,,,,,,,,,,,,,,,,,,,,,,,,
,,Previous:, 0.03 ,,,,,,,,,,,,,,,,,,,,,,,,,,,,,,,,,,,
,,Time (GMT):,13:15,,,,,,,18:45,15:15,,,,,,,,,,,,,,,,,,,,,,,,,,,
,,Release Date,Actual,Forecast,Previous,Time,,,,Time IST,,,,,,,,,,,,,,,,,,,,,,,,,,,,
,,12-Dec-24, 0.0 , 3.00%  , 0.0 ,13:15,,,,18:45,,,,,,,,,,,,,,,,,,,,,,,,,,,,
,,17-Oct-24, 0.0 , 3.25%  , 0.0 ,13:15,,,,18:45,,,,,,,,,,,,,,,,,,,,,,,,,,,,
,,12-Sep-24, 0.0 , 3.50%  , 0.0 ,14:00,,,,19:30,,,,,,,,,,,,,,,,,,,,,,,,,,,,
,,18-Jul-24, 0.0 , 3.75%  , 0.0 ,14:00,,,,19:30,,,,,,,,,,,,,,,,,,,,,,,,,,,,
,,06-Jun-24, 0.0 , 3.75%  , 0.0 ,14:00,,,,19:30,,,,,,,,,,,,,,,,,,,,,,,,,,,,
,,11-Apr-24, 0.0 , 4.00%  , 0.0 ,14:00,,,,19:30,,,,,,,,,,,,,,,,,,,,,,,,,,,,
,1,Event,EUR - ECB Interest Rate Decision (Jan),,,Asset,Description,,,IST Time,MT5 server time,,,,,,,,,,,,,,,,,,,,,,,,,,,
,,Actual:,,,,C:EURUSD,"Bloomberg Suggests the ECB may reduce interest rates by 25 basis points at this meeting. Markets have already priced in a potential reduction of up to 100 basis points this year, in light of some ECB Board members' hints about the possibility of reaching neutral rates as long as inflation levels stabilize close to the ECB's 2% target.Traders will pay close attention to ECB President Christine Lagarde's press conference for clues on how European monetary policy might be impacted by the looming threat of a trade war between the European Union and the United States. Proposed tariffs on European goods by President Trump - and potentially retaliatory measures on American products - could drive European inflation levels higher. 

Learn More: EURUSD | EURJPY | CAC40",,,,EUR - ECB Interest Rate Decision (Jan),,,,,,,,,,,,,,,,,,,,,,,,,,,
,,Forecast:, 0.03 ,,,EURUSD.sd,,,,,,,,,,,,,,,,,,,,,,,,,,,,,,,,
,,Previous:, 0.03 ,,,,,,,,,,,,,,,,,,,,,,,,,,,,,,,,,,,
,,Time (GMT):,13:15,,,,,,,18:45,15:15,,,,,,,,,,,,,,,,,,,,,,,,,,,
,,Release Date,Actual,Forecast,Previous,Time,,,,Time IST,,,,,,,,,,,,,,,,,,,,,,,,,,,,
,,12-Dec-24, 0.0 , 3.15%  , 0.0 ,13:15,,,,18:45,,,,,,,,,,,,,,,,,,,,,,,,,,,,
,,17-Oct-24, 0.0 , 3.40%  , 0.0 ,13:15,,,,18:45,,,,,,,,,,,,,,,,,,,,,,,,,,,,
,,12-Sep-24, 0.0 , 3.65%  , 0.0 ,14:00,,,,19:30,,,,,,,,,,,,,,,,,,,,,,,,,,,,
,,18-Jul-24, 0.0 , 4.25%  , 0.0 ,14:00,,,,19:30,,,,,,,,,,,,,,,,,,,,,,,,,,,,
,,06-Jun-24, 0.0 , 4.25%  , 0.0 ,14:00,,,,19:30,,,,,,,,,,,,,,,,,,,,,,,,,,,,
,,11-Apr-24, 0.0 , 4.50%  , 0.0 ,14:00,,,,19:30,,,,,,,,,,,,,,,,,,,,,,,,,,,,
,1,Event,USD - GDP (QoQ) (Q4) P,,,Asset,Description,,,IST Time,MT5 server time,,,,,,,,,,,,,,,,,,,,,,,,,,,
,,Actual:,,,,C:EURUSD,"
Gross Domestic Product (GDP) measures the annualised change in the inflation-adjusted value of all goods and services produced by the economy. It is the broadest measure of economic activity and the primary indicator of the economy's health.

A reading that is stronger than forecast is generally supportive (bullish) for the USD, while a weaker than forecast reading is generally negative (bearish) for the USD.

Learn More: EURUSD | USDJPY",,,,USD - GDP (QoQ) (Q4) P,,,,,,,,,,,,,,,,,,,,,,,,,,,
,,Forecast:, -   ,,,EURUSD.sd,,,,,,,,,,,,,,,,,,,,,,,,,,,,,,,,
,,Previous:, 0.03 ,,,,,,,,,,,,,,,,,,,,,,,,,,,,,,,,,,,
,,Time (GMT):,13:30,,,,,,,19:00,15:30,,,,,,,,,,,,,,,,,,,,,,,,,,,
,,Release Date,Actual,Forecast,Previous,Time,,,,Time IST,,,,,,,,,,,,,,,,,,,,,,,,,,,,
,,19-Dec-24, 0.0 , 2.8%  , 0.0 ,13:30,,,,19:00,,,,,,,,,,,,,,,,,,,,,,,,,,,,
,,27-Nov-24, 0.0 , 2.8%  , 0.0 ,13:30,,,,19:00,,,,,,,,,,,,,,,,,,,,,,,,,,,,
,,30-Oct-24, 0.0 , 3.0%  , 0.0 ,14:00,,,,19:30,,,,,,,,,,,,,,,,,,,,,,,,,,,,
,,26-Sep-24, 0.0 , 3.0%  , 0.0 ,14:00,,,,19:30,,,,,,,,,,,,,,,,,,,,,,,,,,,,
,,29-Aug-24, 0.0 , 2.8%  , 0.0 ,14:00,,,,19:30,,,,,,,,,,,,,,,,,,,,,,,,,,,,
,,25-Jul-24, 0.0 , 2.0%  , 0.0 ,14:00,,,,19:30,,,,,,,,,,,,,,,,,,,,,,,,,,,,
,1,Event,USD - Initial Jobless Claims,,,Asset,Description,,,IST Time,MT5 server time,,,,,,,,,,,,,,,,,,,,,,,,,,,
,,Actual:,,,,C:EURUSD,"
Initial Jobless Claims measures the number of people who filed for unemployment insurance for the first time during the past week. This is the most timely U.S. economic data, but the market impact varies from week to week.
A reading that is higher than forecast is generally negative (bearish) for the USD, while a lower than forecast reading is generally supportive (bullish) for the USD.

Learn More: EURUSD | USDJPY",,,,USD - Initial Jobless Claims,,,,,,,,,,,,,,,,,,,,,,,,,,,
,,Forecast:, -   ,,,EURUSD.sd,,,,,,,,,,,,,,,,,,,,,,,,,,,,,,,,
,,Previous:, 223K ,,,,,,,,,,,,,,,,,,,,,,,,,,,,,,,,,,,
,,Time (GMT):,13:30,,,,,,,19:00,15:30,,,,,,,,,,,,,,,,,,,,,,,,,,,
,,Release Date,Actual,Forecast,Previous,Time,,,,Time IST,,,,,,,,,,,,,,,,,,,,,,,,,,,,
,,23-Jan-25, 223 , 221 , 217 ,13:30,,,,19:00,,,,,,,,,,,,,,,,,,,,,,,,,,,,
,,16-Jan-25, 217 , 210 , 203 ,13:30,,,,19:00,,,,,,,,,,,,,,,,,,,,,,,,,,,,
,,08-Jan-25, 201 , 214 , 211 ,14:00,,,,19:30,,,,,,,,,,,,,,,,,,,,,,,,,,,,
,,02-Jan-25, 211 , 222 , 220 ,14:00,,,,19:30,,,,,,,,,,,,,,,,,,,,,,,,,,,,
,,26-Dec-24, 219 , 223 , 220 ,14:00,,,,19:30,,,,,,,,,,,,,,,,,,,,,,,,,,,,
,,19-Dec-24, 220 , 229 , 242 ,14:00,,,,19:30,,,,,,,,,,,,,,,,,,,,,,,,,,,,
,1,Event,EUR - ECB Press Conference,,,Asset,Description,,,IST Time,MT5 server time,,,,,,,,,,,,,,,,,,,,,,,,,,,
,,Actual:,,,,C:EURUSD,"Bloomberg Suggests the ECB may reduce interest rates by 25 basis points at this meeting. Markets have already priced in a potential reduction of up to 100 basis points this year, in light of some ECB Board members' hints about the possibility of reaching neutral rates as long as inflation levels stabilize close to the ECB's 2% target.Traders will pay close attention to ECB President Christine Lagarde's press conference for clues on how European monetary policy might be impacted by the looming threat of a trade war between the European Union and the United States. Proposed tariffs on European goods by President Trump - and potentially retaliatory measures on American products - could drive European inflation levels higher. 

Learn More: EURUSD | EURJPY | CAC40",,,,EUR - ECB Press Conference,,,,,,,,,,,,,,,,,,,,,,,,,,,
,,Forecast:, -   ,,,EURUSD.sd,,,,,,,,,,,,,,,,,,,,,,,,,,,,,,,,
,,Previous:, -   ,,,,,,,,,,,,,,,,,,,,,,,,,,,,,,,,,,,
,,Time (GMT):,13:45,,,,,,,19:15,15:45,,,,,,,,,,,,,,,,,,,,,,,,,,,
,,Release Date,Actual,Forecast,Previous,Time,,,,Time IST,,,,,,,,,,,,,,,,,,,,,,,,,,,,
,,29-Jan-25, -   ,    , -   ,13:45,,,,19:15,,,,,,,,,,,,,,,,,,,,,,,,,,,,
,,12-Dec-24, -   ,    , -   ,13:45,,,,19:15,,,,,,,,,,,,,,,,,,,,,,,,,,,,
,,17-Oct-24, -   ,    , -   ,14:00,,,,19:30,,,,,,,,,,,,,,,,,,,,,,,,,,,,
,,12-Sep-24, -   ,    , -   ,14:00,,,,19:30,,,,,,,,,,,,,,,,,,,,,,,,,,,,
,,18-Jul-24, -   ,    , -   ,14:00,,,,19:30,,,,,,,,,,,,,,,,,,,,,,,,,,,,
,,06-Jun-24, -   ,    , -   ,14:00,,,,19:30,,,,,,,,,,,,,,,,,,,,,,,,,,,,
,1,Event,USD - Apple  earnings report,,,Asset,Description,,,IST Time,MT5 server time,,,,,,,,,,,,,,,,,,,,,,,,,,,
,,Actual:,,,,C:EURUSD,"Bloombeg forecasts suggest Apple may post YoY growth of 3.9%, with earnings per share (EPS) expected to rise from 2.18 in Q1 of last year to 2.35 in the same period this year. 

However, Apple faces challenges, particularly a decline in sales growth for products like the iPhone, especially in China, where sales are estimated to have dropped by 18% in Q4 of last year. This decline is partially offset by growth in the European and Asian markets.

A key focus for investors is Apple's initiative to integrate artificial intelligence into its devices, enhancing user experience. This strategy could drive increased demand for Apple's products. 

Any unexpected positive news, such as stronger-than-anticipated economic outlook, could boost Apple's stock and have a positive impact on the US500 index, where Apple's stock is a major component.

Learn More: US500 | UT100",,,,USD - Apple  earnings report,,,,,,,,,,,,,,,,,,,,,,,,,,,
,,Forecast:, 2.36 ,,,EURUSD.sd,,,,,,,,,,,,,,,,,,,,,,,,,,,,,,,,
,,Previous:, 2.18 ,,,,,,,,,,,,,,,,,,,,,,,,,,,,,,,,,,,
,,Time (GMT):,21:00,,,,,,,2:30,23:00,,,,,,,,,,,,,,,,,,,,,,,,,,,
,,Release Date,Actual,Forecast,Previous,Time,,,,Time IST,,,,,,,,,,,,,,,,,,,,,,,,,,,,
,,31-Oct-24, 1.6 , 1.5 , 1.5 ,###############################################################################################################################################################################################################################################################,,,,2:30,,,,,,,,,,,,,,,,,,,,,,,,,,,,
,,01-Aug-24, 1.4 , 1.3 , 1.5 ,###############################################################################################################################################################################################################################################################,,,,2:30,,,,,,,,,,,,,,,,,,,,,,,,,,,,
,,02-May-24, 1.5 , 1.5 , 2.2 ,14:00,,,,19:30,,,,,,,,,,,,,,,,,,,,,,,,,,,,
,,01-Feb-24, 2.2 , 2.1 , 1.3 ,14:00,,,,19:30,,,,,,,,,,,,,,,,,,,,,,,,,,,,
,,02-Nov-23, 1.5 , 1.4 , 1.2 ,14:00,,,,19:30,,,,,,,,,,,,,,,,,,,,,,,,,,,,
,,03-Aug-23, 1.5 , 1.4 , 1.2 ,14:00,,,,19:30,,,,,,,,,,,,,,,,,,,,,,,,,,,,
,1,Event,EUR - German CPI (MoM) (Jan) P,,,Asset,Description,,,IST Time,MT5 server time,,,,,,,,,,,,,,,,,,,,,,,,,,,
,,Actual:,,,,C:EURUSD,"
The Consumer Price Index (CPI) measures the change in the prices of goods and services from the perspective of the consumer. As Germany has the largest output of any country in the euro-zone, the European Central bank pays very close attention to this figure in its role of maintaining price stability.

A reading that is stronger than forecast is generally supportive (bullish) for the EUR, while a weaker than forecast reading is generally negative (bearish) for the EUR.

Learn More: EURUSD |  EURJPY",,,,EUR - German CPI (MoM) (Jan) P,,,,,,,,,,,,,,,,,,,,,,,,,,,
,,Forecast:, -   ,,,EURUSD.sd,,,,,,,,,,,,,,,,,,,,,,,,,,,,,,,,
,,Previous:, 0.01 ,,,,,,,,,,,,,,,,,,,,,,,,,,,,,,,,,,,
,,Time (GMT):,13:00,,,,,,,18:30,15:00,,,,,,,,,,,,,,,,,,,,,,,,,,,
,,Release Date,Actual,Forecast,Previous,Time,,,,Time IST,,,,,,,,,,,,,,,,,,,,,,,,,,,,
,,16-Jan-25, 0.0 , 0.4%  , (0.0),13:00,,,,18:30,,,,,,,,,,,,,,,,,,,,,,,,,,,,
,,06-Jan-25, 0.0 , 0.3%  , (0.0),13:00,,,,18:30,,,,,,,,,,,,,,,,,,,,,,,,,,,,
,,10-Dec-24, (0.0), -0.2%  , 0.0 ,14:00,,,,19:30,,,,,,,,,,,,,,,,,,,,,,,,,,,,
,,28-Nov-24, (0.0), -0.2%  , 0.0 ,14:00,,,,19:30,,,,,,,,,,,,,,,,,,,,,,,,,,,,
,,12-Nov-24, 0.0 , 0.4%  , -   ,14:00,,,,19:30,,,,,,,,,,,,,,,,,,,,,,,,,,,,
,,30-Oct-24, 0.0 , 0.2%  , -   ,14:00,,,,19:30,,,,,,,,,,,,,,,,,,,,,,,,,,,,
,1,Event,USD - Core PCE Price Index (MoM) (Dec),,,Asset,Description,,,IST Time,MT5 server time,,,,,,,,,,,,,,,,,,,,,,,,,,,
,,Actual:,,,,C:EURUSD,"A continued easing of inflation and robust labour market could give the Fed more room to implement rate cuts without stoking inflation fears, supporting the case for a soft landing.",,,,USD - Core PCE Price Index (MoM) (Dec),,,,,,,,,,,,,,,,,,,,,,,,,,,
,,Forecast:, -   ,,,EURUSD.sd,,,,,,,,,,,,,,,,,,,,,,,,,,,,,,,,
,,Previous:, 0.00 ,,,,,,,,,,,,,,,,,,,,,,,,,,,,,,,,,,,
,,Time (GMT):,13:30,,,,,,,19:00,15:30,,,,,,,,,,,,,,,,,,,,,,,,,,,
,,Release Date,Actual,Forecast,Previous,Time,,,,Time IST,,,,,,,,,,,,,,,,,,,,,,,,,,,,
,,20-Dec-24, 0.0 , 0.2%  , 0.0 ,13:30,,,,19:00,,,,,,,,,,,,,,,,,,,,,,,,,,,,
,,27-Nov-24, 0.0 , 0.3%  , 0.0 ,13:30,,,,19:00,,,,,,,,,,,,,,,,,,,,,,,,,,,,
,,31-Oct-24, 0.0 , 0.3%  , 0.0 ,14:00,,,,19:30,,,,,,,,,,,,,,,,,,,,,,,,,,,,
,,27-Sep-24, 0.0 , 0.2%  , 0.0 ,14:00,,,,19:30,,,,,,,,,,,,,,,,,,,,,,,,,,,,
,,30-Aug-24, 0.0 , 0.2%  , 0.0 ,14:00,,,,19:30,,,,,,,,,,,,,,,,,,,,,,,,,,,,
,,26-Jul-24, 0.0 , 0.2%  , 0.0 ,14:00,,,,19:30,,,,,,,,,,,,,,,,,,,,,,,,,,,,
,1,Event,USD - Core PCE Price Index (YoY) (Dec),,,Asset,Description,,,IST Time,MT5 server time,,,,,,,,,,,,,,,,,,,,,,,,,,,
,,Actual:,,,,C:EURUSD,"
The Core PCE price Index is the less volatile measure of the PCE price index which excludes the more volatile and seasonal food and energy prices. The impact on the currency may go both ways, a rise in inflation may lead to a rise in interest rates and a rise in local currency, on the other hand, during recession, a rise in inflation may lead to a deepened recession and therefore a fall in local currency.

Learn More: EURUSD |  USDJPY",,,,USD - Core PCE Price Index (YoY) (Dec),,,,,,,,,,,,,,,,,,,,,,,,,,,
,,Forecast:, -   ,,,EURUSD.sd,,,,,,,,,,,,,,,,,,,,,,,,,,,,,,,,
,,Previous:, -   ,,,,,,,,,,,,,,,,,,,,,,,,,,,,,,,,,,,
,,Time (GMT):,13:30,,,,,,,19:00,15:30,,,,,,,,,,,,,,,,,,,,,,,,,,,
,,Release Date,Actual,Forecast,Previous,Time,,,,Time IST,,,,,,,,,,,,,,,,,,,,,,,,,,,,
,,20-Dec-24, 0.0 , 2.9%  , 0.0 ,13:30,,,,19:00,,,,,,,,,,,,,,,,,,,,,,,,,,,,
,,27-Nov-24, 0.0 , 2.8%  , 0.0 ,13:30,,,,19:00,,,,,,,,,,,,,,,,,,,,,,,,,,,,
,,31-Oct-24, 0.0 , 2.6%  , 0.0 ,14:00,,,,19:30,,,,,,,,,,,,,,,,,,,,,,,,,,,,
,,27-Sep-24, 0.0 , 2.7%  , 0.0 ,14:00,,,,19:30,,,,,,,,,,,,,,,,,,,,,,,,,,,,
,,30-Aug-24, 0.0 , 2.7%  , 0.0 ,14:00,,,,19:30,,,,,,,,,,,,,,,,,,,,,,,,,,,,
,,26-Jul-24, 0.0 , 2.5%  , 0.0 ,14:00,,,,19:30,,,,,,,,,,,,,,,,,,,,,,,,,,,,
,1,Event,USD - Chicago PMI (Jan),,,Asset,Description,,,IST Time,MT5 server time,,,,,,,,,,,,,,,,,,,,,,,,,,,
,,Actual:,,,,C:EURUSD,"
The Chicago Purchasing Managers' Index (PMI) is a diffusion index incorporating survey results provided by manufacturing firms around the Chicago area. A reading above fifty suggests the manufacturing sector is expanding, while a reading below fifty suggests the manufacturing sector is in contraction. The Chicago PMI can be of some assistance in forecasting the ISM manufacturing PMI.

A reading that is stronger than forecast is generally supportive (bullish) for the USD, while a weaker than forecast reading is generally negative (bearish) for the USD.

Learn More: EURUSD |  USDJPY",,,,USD - Chicago PMI (Jan),,,,,,,,,,,,,,,,,,,,,,,,,,,
,,Forecast:, -   ,,,EURUSD.sd,,,,,,,,,,,,,,,,,,,,,,,,,,,,,,,,
,,Previous:, 36.90 ,,,,,,,,,,,,,,,,,,,,,,,,,,,,,,,,,,,
,,Time (GMT):,14:45,,,,,,,20:15,16:45,,,,,,,,,,,,,,,,,,,,,,,,,,,
,,Release Date,Actual,Forecast,Previous,Time,,,,Time IST,,,,,,,,,,,,,,,,,,,,,,,,,,,,
,,30-Dec-24, 36.9 , 42.7  , 40.2 ,14:45,,,,20:15,,,,,,,,,,,,,,,,,,,,,,,,,,,,
,,29-Nov-24, 40.2 , 44.9  , 41.6 ,14:45,,,,20:15,,,,,,,,,,,,,,,,,,,,,,,,,,,,
,,31-Oct-24, 41.6 , 46.9  , 46.6 ,14:00,,,,19:30,,,,,,,,,,,,,,,,,,,,,,,,,,,,
,,30-Sep-24, 46.6 , 46.1  , 46.1 ,14:00,,,,19:30,,,,,,,,,,,,,,,,,,,,,,,,,,,,
,,30-Aug-24, 46.1 , 45.0  , 45.3 ,14:00,,,,19:30,,,,,,,,,,,,,,,,,,,,,,,,,,,,
,,31-Jul-24, 45.3 , 44.8  , 47.4 ,14:00,,,,19:30,,,,,,,,,,,,,,,,,,,,,,,,,,,,
xx,1,Event,NFIB Small Business Optimism,,,Asset,Description,,,IST Time,MT5 server time,,,,,,,,,,,,,,,,,,,,,,,,,,,
,,Actual:,,,,C:EURUSD,"The National Federation of Independent Business (NFIB) Small Business Optimism Index is a composite of ten seasonally adjusted components. It comprises survey results from amongst the organisation's members. In providing an indication of the health of small businesses in the U.S., it is important to watch as roughly 50% of the nation's private workforce work for small businesses. A reading that is stronger than forecast is generally supportive (bullish) for the USD, while a weaker than forecast reading is generally negative (bearish) for the USD.

Learn More: USDJPY | EURUSD",,,,NFIB Small Business Optimism,,,,,,,,,,,,,,,,,,,,,,,,,,,
,,Forecast:, 104.60 ,,,EURUSD.sd,,,,,,,,,,,,,,,,,,,,,,,,,,,,,,,,
,,Previous:, 105.10 ,,,,,,,,,,,,,,,,,,,,,,,,,,,,,,,,,,,
,,Time (GMT):,11:00,,,,,,,16:30,13:00,,,,,,,,,,,,,,,,,,,,,,,,,,,
,,Release Date,Actual,Forecast,Previous,Time,,,,Time IST,,,,,,,,,,,,,,,,,,,,,,,,,,,,
,,14-Jan-25, 105.10 , 101.3  , 101.70 ,11:00,,,,,,,,,,,,,,,,,,,,,,,,,,,,,,,,
,,10-Dec-24, 101.70 , 94.6  , 93.70 ,11:00,,,,,,,,,,,,,,,,,,,,,,,,,,,,,,,,
,,12-Nov-24, 93.70 , 91.9  , 91.50 ,11:00,,,,,,,,,,,,,,,,,,,,,,,,,,,,,,,,
,,08-Oct-24, 91.50 , 92.0  , 91.20 ,15:30,,,,,,,,,,,,,,,,,,,,,,,,,,,,,,,,
,,10-Sep-24, 91.20 , 93.6  , 93.70 ,15:30,,,,,,,,,,,,,,,,,,,,,,,,,,,,,,,,
,,13-Aug-24, 93.70 , 91.5  , 91.50 ,15:30,,,,,,,,,,,,,,,,,,,,,,,,,,,,,,,,
,#REF!,Event,Fed Chair Jerome Powell Testifies,,,Asset,Description,,,IST Time,MT5 server time,,,,,,,,,,,,,,,,,,,,,,,,,,,
,,Actual:,,,,C:EURUSD,"Federal Reserve Chair Jerome Powell (Feb. 2018 – Feb. 2022) is to testify on the economic outlook and recent monetary policy actions before the Joint Economic Committee, in Washington DC. The testimony is in two parts; the first is a prepared statement, then the committee conducts a question and answer session. The Q&A portion of the testimony can see heavy market volatility for the duration.

Learn More: USDJPY | EURUSD",,,,Fed Chair Jerome Powell Testifies,,,,,,,,,,,,,,,,,,,,,,,,,,,
,,Forecast:,,,,EURUSD.sd,,,,,,,,,,,,,,,,,,,,,,,,,,,,,,,,
,,Previous:,,,,,,,,,,,,,,,,,,,,,,,,,,,,,,,,,,,,
,,Time (GMT):,15:00,,,,,,,20:30,17:00,,,,,,,,,,,,,,,,,,,,,,,,,,,
,,Release Date,Actual,Forecast,Previous,Time,,,,Time IST,,,,,,,,,,,,,,,,,,,,,,,,,,,,
,,10-Jul-24,,,,14:00,,,,19:30,,,,,,,,,,,,,,,,,,,,,,,,,,,,
,,09-Jul-24,,,,14:00,,,,19:30,,,,,,,,,,,,,,,,,,,,,,,,,,,,
,,07-Mar-24,,,,15:00,,,,20:30,,,,,,,,,,,,,,,,,,,,,,,,,,,,
,,06-Mar-24,,,,15:00,,,,20:30,,,,,,,,,,,,,,,,,,,,,,,,,,,,
,,22-Jun-23,,,,14:00,,,,19:30,,,,,,,,,,,,,,,,,,,,,,,,,,,,
,,21-Jun-23,,,,14:00,,,,19:30,,,,,,,,,,,,,,,,,,,,,,,,,,,,
,2,Event,Core CPI (MoM) (Jan),,,Asset,Description,,,IST Time,MT5 server time,,,,,,,,,,,,,,,,,,,,,,,,,,,
,,Actual:,,,,C:EURUSD,"This week, the preliminary U.S. Consumer Price Index data for January will be released, with Bloomberg foreacsting the YoY inlfation to remiain stable at 2.9%, unchanged from December.

Meanwhile, the YoY core inflation (excluding nergy and food) is expected to decline slightly from 3.2% to 3.1%, marking its lowest level in over three and a half years.

The Federal Reserve paused rate cuts in its last meeting after reducing interest rates by 100 basis points in 2024. Fed policymakres closely monitor inflation and labour market data when making decisions. A continued decline in core inflation could pave the way for future rate cuts, which would likely weaken the U.S. dollar and boost precious metal prices, including silver. 

Learn More: USDJPY, EURUSD, XAGUSD",,,,Core CPI (MoM) (Jan),,,,,,,,,,,,,,,,,,,,,,,,,,,
,,Forecast:,,,,EURUSD.sd,,,,,,,,,,,,,,,,,,,,,,,,,,,,,,,,
,,Previous:,0.20%,,,,,,,,,,,,,,,,,,,,,,,,,,,,,,,,,,,
,,Time (GMT):,13:30,,,,,,,19:00,15:30,,,,,,,,,,,,,,,,,,,,,,,,,,,
,,Release Date,Actual,Forecast,Previous,Time,,,,Time IST,,,,,,,,,,,,,,,,,,,,,,,,,,,,
,,15-Jan-25,0.2%,0.3% ,0.3%,13:30,,,,19:00,,,,,,,,,,,,,,,,,,,,,,,,,,,,
,,11-Dec-24,0.3%,0.3% ,0.3%,13:30,,,,19:00,,,,,,,,,,,,,,,,,,,,,,,,,,,,
,,13-Nov-24,0.3%,0.3% ,0.3%,13:30,,,,19:00,,,,,,,,,,,,,,,,,,,,,,,,,,,,
,,10-Oct-24,0.3%,0.2% ,0.3%,12:30,,,,18:00,,,,,,,,,,,,,,,,,,,,,,,,,,,,
,,11-Sep-24,0.3%,0.2% ,0.2%,12:30,,,,18:00,,,,,,,,,,,,,,,,,,,,,,,,,,,,
,,14-Aug-24,0.2%,0.2% ,0.1%,12:30,,,,18:00,,,,,,,,,,,,,,,,,,,,,,,,,,,,
,3,Event,CPI (MoM) (Jan),,,Asset,Description,,,IST Time,MT5 server time,,,,,,,,,,,,,,,,,,,,,,,,,,,
,,Actual:,,,,C:EURUSD,"This week, the preliminary U.S. Consumer Price Index data for January will be released, with Bloomberg foreacsting the YoY inlfation to remiain stable at 2.9%, unchanged from December.

Meanwhile, the YoY core inflation (excluding nergy and food) is expected to decline slightly from 3.2% to 3.1%, marking its lowest level in over three and a half years.

The Federal Reserve paused rate cuts in its last meeting after reducing interest rates by 100 basis points in 2024. Fed policymakres closely monitor inflation and labour market data when making decisions. A continued decline in core inflation could pave the way for future rate cuts, which would likely weaken the U.S. dollar and boost precious metal prices, including silver. 

Learn More: USDJPY, EURUSD, XAGUSD",,,,CPI (MoM) (Jan),,,,,,,,,,,,,,,,,,,,,,,,,,,
,,Forecast:,  ,,,EURUSD.sd,,,,,,,,,,,,,,,,,,,,,,,,,,,,,,,,
,,Previous:,0.40%,,,,,,,,,,,,,,,,,,,,,,,,,,,,,,,,,,,
,,Time (GMT):,13:30,,,,,,,19:00,15:30,,,,,,,,,,,,,,,,,,,,,,,,,,,
,,Release Date,Actual,Forecast,Previous,Time,,,,Time IST,,,,,,,,,,,,,,,,,,,,,,,,,,,,
,,15-Jan-25,2.9%,2.9% ,2.7%,13:30,,,,19:00,,,,,,,,,,,,,,,,,,,,,,,,,,,,
,,11-Dec-24,2.7%,2.7% ,2.6%,13:30,,,,19:00,,,,,,,,,,,,,,,,,,,,,,,,,,,,
,,13-Nov-24,2.6%,2.6% ,2.4%,13:30,,,,19:00,,,,,,,,,,,,,,,,,,,,,,,,,,,,
,,10-Oct-24,2.4%,2.3% ,2.5%,12:30,,,,18:00,,,,,,,,,,,,,,,,,,,,,,,,,,,,
,,11-Sep-24,2.5%,2.5% ,2.9%,12:30,,,,18:00,,,,,,,,,,,,,,,,,,,,,,,,,,,,
,,14-Aug-24,2.9%,3.0% ,3.0%,12:30,,,,18:00,,,,,,,,,,,,,,,,,,,,,,,,,,,,
,3,Event,CPI (YoY) (Jan),,,Asset,Description,,,IST Time,MT5 server time,,,,,,,,,,,,,,,,,,,,,,,,,,,
,,Actual:,,,,C:EURUSD,"This week, the preliminary U.S. Consumer Price Index data for January will be released, with Bloomberg foreacsting the YoY inlfation to remiain stable at 2.9%, unchanged from December.

Meanwhile, the YoY core inflation (excluding nergy and food) is expected to decline slightly from 3.2% to 3.1%, marking its lowest level in over three and a half years.

The Federal Reserve paused rate cuts in its last meeting after reducing interest rates by 100 basis points in 2024. Fed policymakres closely monitor inflation and labour market data when making decisions. A continued decline in core inflation could pave the way for future rate cuts, which would likely weaken the U.S. dollar and boost precious metal prices, including silver. 

Learn More: USDJPY, EURUSD, XAGUSD",,,,CPI (YoY) (Jan),,,,,,,,,,,,,,,,,,,,,,,,,,,
,,Forecast:,0.00%,,,EURUSD.sd,,,,,,,,,,,,,,,,,,,,,,,,,,,,,,,,
,,Previous:,2.90%,,,,,,,,,,,,,,,,,,,,,,,,,,,,,,,,,,,
,,Time (GMT):,13:30,,,8:30,,,,19:00,15:30,,,,,,,,,,,,,,,,,,,,,,,,,,,
,,Release Date,Actual,Forecast,Previous,Time,,,,Time IST,,,,,,,,,,,,,,,,,,,,,,,,,,,,
,,15-Jan-25,2.9%,2.9% ,2.7%,13:30,,,,19:00,,,,,,,,,,,,,,,,,,,,,,,,,,,,
,,11-Dec-24,2.7%,2.7% ,2.6%,13:30,,,,19:00,,,,,,,,,,,,,,,,,,,,,,,,,,,,
,,13-Nov-24,2.6%,2.6% ,2.4%,13:30,,,,19:00,,,,,,,,,,,,,,,,,,,,,,,,,,,,
,,10-Oct-24,2.4%,2.3% ,2.5%,12:30,,,,18:00,,,,,,,,,,,,,,,,,,,,,,,,,,,,
,,11-Sep-24,2.5%,2.5% ,2.9%,12:30,,,,18:00,,,,,,,,,,,,,,,,,,,,,,,,,,,,
,,14-Aug-24,2.9%,3.0% ,3.0%,12:30,,,,18:00,,,,,,,,,,,,,,,,,,,,,,,,,,,,
,4,Event,Global- Crude Oil Inventories,,,Asset,Description,,,IST Time,MT5 server time,,,,,,,,,,,,,,,,,,,,,,,,,,,
,,Actual:,,,,C:EURUSD,"The Energy Information Administration's (EIA) Crude Oil Inventories measures the weekly change in the number of barrels of commercial crude oil held by US firms. The level of inventories influences the price of petroleum products, which can have an impact on inflation.

If the increase in crude inventories is more than expected, it implies weaker demand and is bearish for crude prices. The same can be said if a decline in inventories is less than expected.
If the increase in crude is less than expected, it implies greater demand and is bullish for crude prices. The same can be said if a decline in inventories is more than expected.

Learn More: USOILRoll",,,,Global- Crude Oil Inventories,,,,,,,,,,,,,,,,,,,,,,,,,,,
,,Forecast:,,,,EURUSD.sd,,,,,,,,,,,,,,,,,,,,,,,,,,,,,,,,
,,Previous:,8.664M,,,,,,,,,,,,,,,,,,,,,,,,,,,,,,,,,,,
,,Time (GMT):,15:30,,,10:30,,,,21:00,17:30,,,,,,,,,,,,,,,,,,,,,,,,,,,
,,Release Date,Actual,Forecast,Previous,Time,,,,Time IST,,,,,,,,,,,,,,,,,,,,,,,,,,,,
,,05-Feb-25,8.664,2.400,3.463,15:30,,,,21:00,17:30,,,,,,,,,,,,,,,,,,,,,,,,,,,
,,29-Jan-25,3.463,2.200,-1.01,15:30,,,,21:00,17:30,,,,,,,,,,,,,,,,,,,,,,,,,,,
,,23-Jan-25,-1.01,-2.10,-1.96,17:00,,,,22:30,19:00,,,,,,,,,,,,,,,,,,,,,,,,,,,
,,15-Jan-25,-1.96,-3.50,-0.95,15:30,,,,21:00,17:30,,,,,,,,,,,,,,,,,,,,,,,,,,,
,,08-Jan-25,-0.95,-1.80,-1.17,15:30,,,,21:00,17:30,,,,,,,,,,,,,,,,,,,,,,,,,,,
,,02-Jan-25,-1.17,-2.40,-4.23,16:00,,,,21:30,18:00,,,,,,,,,,,,,,,,,,,,,,,,,,,
,4,Event,10-Year Note Auction,,,Asset,Description,,,IST Time,MT5 server time,,,,,,,,,,,,,,,,,,,,,,,,,,,
,,Actual:,,,,C:EURUSD,"The figures displayed in the calendar represent the yield on the Treasury Note auctioned.

U.S. Treasury Notes have maturities of two to ten years. Governments issue treasuries to borrow money to cover the gap between the amount they receive in taxes and the amount they spend to refinance existing debt and/or to raise capital. The rate on a Treasury Note represents the return an investor will receive by holding the note for its entire duration. All bidders receive the same rate at the highest accepted bid.

Yield fluctuations should be monitored closely as an indicator of the government debt situation. Investors compare the average rate at auction to the rate at previous auctions of the same security.

Learn More: USDJPY, EURUSD",,,,10-Year Note Auction,,,,,,,,,,,,,,,,,,,,,,,,,,,
,,Forecast:,,,,EURUSD.sd,,,,,,,,,,,,,,,,,,,,,,,,,,,,,,,,
,,Previous:,4.680%,,,,,,,,,,,,,,,,,,,,,,,,,,,,,,,,,,,
,,Time (GMT):,18:00,,,13:00,,,,23:30,20:00,,,,,,,,,,,,,,,,,,,,,,,,,,,
,,Release Date,Actual,Forecast,Previous,Time,,,,Time IST,,,,,,,,,,,,,,,,,,,,,,,,,,,,
,,07-Jan-25,4.680%,  ,4.235%,18:00,,,,23:30,20:00,,,,,,,,,,,,,,,,,,,,,,,,,,,
,,11-Dec-24,4.235%,  ,4.347%,18:00,,,,23:30,20:00,,,,,,,,,,,,,,,,,,,,,,,,,,,
,,05-Nov-24,4.347%,  ,4.066%,18:00,,,,23:30,20:00,,,,,,,,,,,,,,,,,,,,,,,,,,,
,,09-Oct-24,4.066%,  ,3.648%,17:00,,,,22:30,19:00,,,,,,,,,,,,,,,,,,,,,,,,,,,
,,11-Sep-24,3.648%,  ,3.960%,17:00,,,,22:30,19:00,,,,,,,,,,,,,,,,,,,,,,,,,,,
,,07-Aug-24,3.960%,  ,4.276%,17:00,,,,22:30,19:00,,,,,,,,,,,,,,,,,,,,,,,,,,,
,3,Event,GDP (YoY) (Q4) P,,,Asset,Description,,,IST Time,MT5 server time,,,,,,,,,,,,,,,,,,,,,,,,,,,
,,Actual:,,,,C:GBPUSD,"The UK GDP recorded its strongest growth in over a year-and-a-half, rising from 0.7% in Q2 to 0.9% in Q3. The upcoming report will provide insights into consumer and business spending, as well as government expenditures, helping assess the health of the British economy. Sustained economic growth could lead to higher corporate profits and support a rally in UK stock indices such as the UK100.

Learn More: GBPJPY, GBPUSD, UK100",,,,GDP (YoY) (Q4) P,,,,,,,,,,,,,,,,,,,,,,,,,,,
,,Forecast:,0.0%,,,GBPUSD.sd,,,,,,,,,,,,,,,,,,,,,,,,,,,,,,,,
,,Previous:,0.9%,,,,,,,,,,,,,,,,,,,,,,,,,,,,,,,,,,,
,,Time (GMT):,7:00,,,2:00,,,,12:30,9:00,,,,,,,,,,,,,,,,,,,,,,,,,,,
,,Release Date,Actual,Forecast,Previous,Time,,,,,,,,,,,,,,,,,,,,,,,,,,,,,,,,
,,23-Dec-24,0.9%,1.0% ,0.7%,7:00,,,,12:30,,,,,,,,,,,,,,,,,,,,,,,,,,,,
,,15-Nov-24,1.0%,0.1% ,0.7%,7:00,,,,12:30,,,,,,,,,,,,,,,,,,,,,,,,,,,,
,,30-Sep-24,0.7%,0.9% ,0.3%,7:00,,,,12:30,,,,,,,,,,,,,,,,,,,,,,,,,,,,
,,15-Aug-24,0.9%,0.9% ,0.3%,6:00,,,,11:30,,,,,,,,,,,,,,,,,,,,,,,,,,,,
,,28-Jun-24,0.3%,0.2% ,-0.2%,6:00,,,,11:30,,,,,,,,,,,,,,,,,,,,,,,,,,,,
,,10-May-24,0.2%,0.0% ,-0.2%,6:00,,,,11:30,,,,,,,,,,,,,,,,,,,,,,,,,,,,
,4,Event,GDP (QoQ) (Q4) P,,,Asset,Description,,,IST Time,MT5 server time,,,,,,,,,,,,,,,,,,,,,,,,,,,
,,Actual:,,,,C:GBPUSD,"The UK GDP recorded its strongest growth in over a year-and-a-half, rising from 0.7% in Q2 to 0.9% in Q3. The upcoming report will provide insights into consumer and business spending, as well as government expenditures, helping assess the health of the British economy. Sustained economic growth could lead to higher corporate profits and support a rally in UK stock indices such as the UK100.

Learn More: GBPJPY, GBPUSD, UK100",,,,GDP (QoQ) (Q4) P,,,,,,,,,,,,,,,,,,,,,,,,,,,
,,Forecast:,0.0%,,,GBPUSD.sd,,,,,,,,,,,,,,,,,,,,,,,,,,,,,,,,
,,Previous:,0.0%,,,,,,,,,,,,,,,,,,,,,,,,,,,,,,,,,,,
,,Time (GMT):,7:00,,,2:00,,,,12:30,9:00,,,,,,,,,,,,,,,,,,,,,,,,,,,
,,Release Date,Actual,Forecast,Previous,Time,,,,,,,,,,,,,,,,,,,,,,,,,,,,,,,,
,,23-Dec-24,0.0%,0.1% ,0.4%,7:00,,,,12:30,,,,,,,,,,,,,,,,,,,,,,,,,,,,
,,15-Nov-24,0.1%,0.2% ,0.5%,7:00,,,,12:30,,,,,,,,,,,,,,,,,,,,,,,,,,,,
,,30-Sep-24,0.5%,0.6% ,0.7%,7:00,,,,12:30,,,,,,,,,,,,,,,,,,,,,,,,,,,,
,,15-Aug-24,0.6%,0.6% ,0.7%,6:00,,,,11:30,,,,,,,,,,,,,,,,,,,,,,,,,,,,
,,28-Jun-24,0.7%,0.6% ,-0.3%,6:00,,,,11:30,,,,,,,,,,,,,,,,,,,,,,,,,,,,
,,10-May-24,0.6%,0.4% ,-0.3%,6:00,,,,11:30,,,,,,,,,,,,,,,,,,,,,,,,,,,,
,4,Event,GDP (MoM) (Dec),,,Asset,Description,,,IST Time,MT5 server time,,,,,,,,,,,,,,,,,,,,,,,,,,,
,,Actual:,,,,C:GBPUSD,"The UK GDP recorded its strongest growth in over a year-and-a-half, rising from 0.7% in Q2 to 0.9% in Q3. The upcoming report will provide insights into consumer and business spending, as well as government expenditures, helping assess the health of the British economy. Sustained economic growth could lead to higher corporate profits and support a rally in UK stock indices such as the UK100.

Learn More: GBPJPY, GBPUSD, UK100",,,,GDP (MoM) (Dec),,,,,,,,,,,,,,,,,,,,,,,,,,,
,,Forecast:,0.0%,,,GBPUSD.sd,,,,,,,,,,,,,,,,,,,,,,,,,,,,,,,,
,,Previous:,0.1%,,,,,,,,,,,,,,,,,,,,,,,,,,,,,,,,,,,
,,Time (GMT):,7:00,,,2:00,,,,12:30,9:00,,,,,,,,,,,,,,,,,,,,,,,,,,,
,,Release Date,Actual,Forecast,Previous,Time,,,,,,,,,,,,,,,,,,,,,,,,,,,,,,,,
,,16-Jan-25,0.1%,0.2% ,-0.1%,7:00,,,,12:30,,,,,,,,,,,,,,,,,,,,,,,,,,,,
,,13-Dec-24,-0.1%,0.1% ,-0.1%,7:00,,,,12:30,,,,,,,,,,,,,,,,,,,,,,,,,,,,
,,15-Nov-24,-0.1%,0.2% ,0.2%,7:00,,,,12:30,,,,,,,,,,,,,,,,,,,,,,,,,,,,
,,11-Oct-24,0.2%,0.2% ,0.0%,6:00,,,,11:30,,,,,,,,,,,,,,,,,,,,,,,,,,,,
,,11-Sep-24,0.0%,0.2% ,0.0%,6:00,,,,11:30,,,,,,,,,,,,,,,,,,,,,,,,,,,,
,,15-Aug-24,0.0%,0.0% ,0.4%,6:00,,,,11:30,,,,,,,,,,,,,,,,,,,,,,,,,,,,
,5,Event,#REF!,,,Asset,Description,,,IST Time,MT5 server time,,,,,,,,,,,,,,,,,,,,,,,,,,,
,,Actual:,,,,C:EURUSD,#REF!,,,,#REF!,,,,,,,,,,,,,,,,,,,,,,,,,,,
,,Forecast:,#REF!,,,EURUSD.sd,,,,,,,,,,,,,,,,,,,,,,,,,,,,,,,,
,,Previous:,#REF!,,,,,,,,,,,,,,,,,,,,,,,,,,,,,,,,,,,
,,Time (GMT):,#REF!,,,#REF!,,,,#REF!,###############################################################################################################################################################################################################################################################,,,,,,,,,,,,,,,,,,,,,,,,,,,
,,Release Date,Actual,Forecast,Previous,Time,,,,,,,,,,,,,,,,,,,,,,,,,,,,,,,,
,,13-Nov-24, 0.00 , 0.2%  , 0.00 ,13:30,,,,,,,,,,,,,,,,,,,,,,,,,,,,,,,,
,,10-Oct-24, 0.00 , 0.1%  , 0.00 ,12:30,,,,,,,,,,,,,,,,,,,,,,,,,,,,,,,,
,,11-Sep-24, 0.00 , 0.2%  , 0.00 ,12:30,,,,,,,,,,,,,,,,,,,,,,,,,,,,,,,,
,,14-Aug-24, 0.00 , 0.2%  , (0.00),12:30,,,,,,,,,,,,,,,,,,,,,,,,,,,,,,,,
,,11-Jul-24, (0.00), 0.1%  , -   ,12:30,,,,,,,,,,,,,,,,,,,,,,,,,,,,,,,,
,,12-Jun-24, -   , 0.1%  , 0.00 ,12:30,,,,,,,,,,,,,,,,,,,,,,,,,,,,,,,,
,6,Event,German CPI (MoM) (Jan),,,Asset,Description,,,IST Time,MT5 server time,,,,,,,,,,,,,,,,,,,,,,,,,,,
,,Actual:,,,,C:EURUSD,"The Consumer Price Index (CPI) measures the change in the prices of goods and services from the perspective of the consumer. As Germany has the largest output of any country in the euro-zone, the European Central bank pays very close attention to this figure in its role of maintaining price stability.

A reading that is stronger than forecast is generally supportive (bullish) for the EUR, while a weaker than forecast reading is generally negative (bearish) for the EUR.

Learn More: EURJPY, EURUSD",,,,German CPI (MoM) (Jan),,,,,,,,,,,,,,,,,,,,,,,,,,,
,,Forecast:,0.0%,,,EURUSD.sd,,,,,,,,,,,,,,,,,,,,,,,,,,,,,,,,
,,Previous:,-0.2%,,,,,,,,,,,,,,,,,,,,,,,,,,,,,,,,,,,
,,Time (GMT):,7:00,,,2:00,,,,12:30,10:00,,,,,,,,,,,,,,,,,,,,,,,,,,,
,,Release Date,Actual,Forecast,Previous,Time,,,,Time IST,,,,,,,,,,,,,,,,,,,,,,,,,,,,
,,31-Jan-25,-0.2%,0.1% ,0.5%,13:00,,,,18:30,,,,,,,,,,,,,,,,,,,,,,,,,,,,
, ,16-Jan-25,0.5%,0.4% ,-0.2%,7:00,,,,12:30,,,,,,,,,,,,,,,,,,,,,,,,,,,,
,,06-Jan-25,0.4%,0.3% ,-0.2%,13:00,,,,18:30,,,,,,,,,,,,,,,,,,,,,,,,,,,,
,,10-Dec-24,-0.2%,-0.2% ,0.4%,7:00,,,,12:30,,,,,,,,,,,,,,,,,,,,,,,,,,,,
,,28-Nov-24,-0.2%,-0.2% ,0.4%,13:00,,,,18:30,,,,,,,,,,,,,,,,,,,,,,,,,,,,
,,12-Nov-24,0.4%,0.4% ,0.0%,7:00,,,,12:30,,,,,,,,,,,,,,,,,,,,,,,,,,,,
,7,Event,Initial Jobless Claims,,,Asset,Description,,,IST Time,MT5 server time,,,,,,,,,,,,,,,,,,,,,,,,,,,
,,Actual:,,,,C:EURUSD,"Initial Jobless Claims measures the number of people who filed for unemployment insurance for the first time during the past week. This is the most timely U.S. economic data, but the market impact varies from week to week.
A reading that is higher than forecast is generally negative (bearish) for the USD, while a lower than forecast reading is generally supportive (bullish) for the USD.

Learn More: USDJPY, EURUSD",,,,Initial Jobless Claims,,,,,,,,,,,,,,,,,,,,,,,,,,,
,,Forecast:, -   ,,,EURUSD.sd,,,,,,,,,,,,,,,,,,,,,,,,,,,,,,,,
,,Previous:,0.00%,,,,,,,,,,,,,,,,,,,,,,,,,,,,,,,,,,,
,,Time (GMT):,13:30,,,8:30,,,,19:00,15:30,,,,,,,,,,,,,,,,,,,,,,,,,,,
,,Release Date,Actual,Forecast,Previous,Time MT5,,,,Time IST,,,,,,,,,,,,,,,,,,,,,,,,,,,,
,,06-Feb-25,,214,207,13:30,,,,19:00,,,,,,,,,,,,,,,,,,,,,,,,,,,,
,,30-Jan-25,207,224,223,13:30,,,,19:00,,,,,,,,,,,,,,,,,,,,,,,,,,,,
,,23-Jan-25,223,221,217,13:30,,,,19:00,,,,,,,,,,,,,,,,,,,,,,,,,,,,
,,16-Jan-25,217,210,203,13:30,,,,19:00,,,,,,,,,,,,,,,,,,,,,,,,,,,,
,,08-Jan-25,201,214,211,13:30,,,,19:00,,,,,,,,,,,,,,,,,,,,,,,,,,,,
,,02-Jan-25,211,222,220,13:30,,,,19:00,,,,,,,,,,,,,,,,,,,,,,,,,,,,
,8,Event,PPI (MoM) (Jan),,,Asset,Description,,,IST Time,MT5 server time,,,,,,,,,,,,,,,,,,,,,,,,,,,
,,Actual:,,,,C:EURUSD,"The Producer Price Index (PPI) measures a change in input prices of raw, semi-finished or finished goods and services. If input costs rise, some will be absorbed by the producer and some passed on to the consumer. Conversely, if input costs fall, some of the decline will be enjoyed as wider profit margins by the producer and some will be passed on to the consumer in the form of lower prices. Because PPI impacts consumer prices, it is watched by central bankers as part of fulfilling their mandate of price stability.

A reading that is stronger than forecast is generally supportive (bullish) for the USD, while a weaker than forecast reading is generally negative (bearish) for the USD.

Learn More: USDJPY, EURUSD",,,,PPI (MoM) (Jan),,,,,,,,,,,,,,,,,,,,,,,,,,,
,,Forecast:,0.0%,,,EURUSD.sd,,,,,,,,,,,,,,,,,,,,,,,,,,,,,,,,
,,Previous:,0.2%,,,,,,,,,,,,,,,,,,,,,,,,,,,,,,,,,,,
,,Time (GMT):,13:30,,,8:30,,,,19:00,15:30,,,,,,,,,,,,,,,,,,,,,,,,,,,
,,Release Date,Actual,Forecast,Previous,Time,,,,Time IST,,,,,,,,,,,,,,,,,,,,,,,,,,,,
,,14-Jan-25,0.2%,0.4% ,0.4%,13:30,,,,19:00,,,,,,,,,,,,,,,,,,,,,,,,,,,,
,,12-Dec-24,0.4%,0.2% ,0.3%,13:30,,,,19:00,,,,,,,,,,,,,,,,,,,,,,,,,,,,
,,14-Nov-24,0.2%,0.2% ,0.1%,12:30,,,,18:00,,,,,,,,,,,,,,,,,,,,,,,,,,,,
,,11-Oct-24,0.0%,0.1% ,0.2%,12:30,,,,18:00,,,,,,,,,,,,,,,,,,,,,,,,,,,,
,,12-Sep-24,0.2%,0.1% ,0.0%,12:30,,,,18:00,,,,,,,,,,,,,,,,,,,,,,,,,,,,
,,13-Aug-24,0.1%,0.2% ,0.2%,12:30,,,,18:00,,,,,,,,,,,,,,,,,,,,,,,,,,,,
,9,Event,30-Year Note Auction,,,Asset,Description,,,IST Time,MT5 server time,,,,,,,,,,,,,,,,,,,,,,,,,,,
,,Actual:,,,,C:EURUSD,"The figures displayed in the calendar represent the yield on the Treasury Bond auctioned.

U.S. Treasury Bonds have maturities from ten up to 30 years. Governments issue treasuries to borrow money to cover the gap between the amount they receive in taxes and the amount they spend to refinance existing debt and/or to raise capital. The rate on a Treasury Bond represents the return an investor will receive by holding the bond for its entire duration. All bidders receive the same rate at the highest accepted bid.

Yield fluctuations should be monitored closely as an indicator of the government debt situation. Investors compare the average rate at auction to the rate at previous auctions of the same security.

Learn More: USDJPY, EURUSD",,,,30-Year Note Auction,,,,,,,,,,,,,,,,,,,,,,,,,,,
,,Forecast:,0.0%,,,EURUSD.sd,,,,,,,,,,,,,,,,,,,,,,,,,,,,,,,,
,,Previous:,4.9%,,,,,,,,,,,,,,,,,,,,,,,,,,,,,,,,,,,
,,Time (GMT):,18:00,,,13:00,,,,23:30,20:00,,,,,,,,,,,,,,,,,,,,,,,,,,,
,,Release Date,Actual,Forecast,Previous,Time,,,,Time IST,,,,,,,,,,,,,,,,,,,,,,,,,,,,
,,08-Jan-25,4.9%,  ,4.5%,18:00,,,,23:30,,,,,,,,,,,,,,,,,,,,,,,,,,,,
,,12-Dec-24,4.5%,  ,4.6%,18:00,,,,23:30,,,,,,,,,,,,,,,,,,,,,,,,,,,,
,,06-Nov-24,4.6%,  ,4.4%,18:00,,,,23:30,,,,,,,,,,,,,,,,,,,,,,,,,,,,
,,10-Oct-24,4.4%,  ,4.0%,17:00,,,,22:30,,,,,,,,,,,,,,,,,,,,,,,,,,,,
,,12-Sep-24,4.0%,  ,4.3%,17:00,,,,22:30,,,,,,,,,,,,,,,,,,,,,,,,,,,,
,,08-Aug-24,4.3%,  ,4.4%,17:01,,,,22:31,,,,,,,,,,,,,,,,,,,,,,,,,,,,
,10,Event,Eurozone GDP (QoQ) (Q4) P,,,Asset,Description,,,IST Time,MT5 server time,,,,,,,,,,,,,,,,,,,,,,,,,,,
,,Actual:,,,,C:EURUSD,"Eurozone GDP growth remained steady at 0.9%in Q3, unchanged from Q2.

The European Central Bank has cut interest rates by 100 basis points since last year, with an additional 25-basis-point cut this year. Another 25-basis-point cut is expected in the next meeting to support slowing economic growth, despite inflation rising slightly from 2.4% in December to 2.5% in January.

Learn More: ESTOX, DE40Roll",,,,Eurozone GDP (QoQ) (Q4) P,,,,,,,,,,,,,,,,,,,,,,,,,,,
,,Forecast:,0.0%,,,EURUSD.sd,,,,,,,,,,,,,,,,,,,,,,,,,,,,,,,,
,,Previous:,0.0%,,,,,,,,,,,,,,,,,,,,,,,,,,,,,,,,,,,
,,Time (GMT):,10:00,,,5:00,,,,15:30,12:00,,,,,,,,,,,,,,,,,,,,,,,,,,,
,,Release Date,Actual,Forecast,Previous,Time,,,,Time IST,,,,,,,,,,,,,,,,,,,,,,,,,,,,
,,30-Jan-25,0.0%,0.1% ,0.4%,10:00,,,,15:30,,,,,,,,,,,,,,,,,,,,,,,,,,,,
,,06-Dec-24,0.4%,0.4% ,0.4%,10:00,,,,15:30,,,,,,,,,,,,,,,,,,,,,,,,,,,,
,,14-Nov-24,0.4%,0.4% ,0.4%,10:00,,,,15:30,,,,,,,,,,,,,,,,,,,,,,,,,,,,
,,30-Oct-24,0.4%,0.2% ,0.2%,10:00,,,,15:30,,,,,,,,,,,,,,,,,,,,,,,,,,,,
,,06-Sep-24,0.2%,0.3% ,0.3%,9:00,,,,14:30,,,,,,,,,,,,,,,,,,,,,,,,,,,,
,,14-Aug-24,0.3%,0.3% ,0.3%,9:00,,,,14:30,,,,,,,,,,,,,,,,,,,,,,,,,,,,
,9,Event,Core Retail Sales (MoM) (Jan),,,Asset,Description,,,IST Time,MT5 server time,,,,,,,,,,,,,,,,,,,,,,,,,,,
,,Actual:,,,,C:EURUSD,"Core Retail Sales measures the change in the total value of sales at the retail level in the U.S., excluding automobiles. It is an important indicator of consumer spending which accounts for a large percentage of US GDP.

A reading that is stronger than forecast is generally supportive (bullish) for the USD, while a weaker than forecast reading is generally negative (bearish) for the USD.

Learn More: USDJPY, EURUSD",,,,,,,,,,,,,,,,,,,,,,,,,,,,,,,
,,Forecast:,0.0%,,,EURUSD.sd,,,,,,,,,,,,,,,,,,,,,,,,,,,,,,,,
,,Previous:,0.4%,,,,,,,,,,,,,,,,,,,,,,,,,,,,,,,,,,,
,,Time (GMT):,13:30,,,,,,,19:00,15:30,,,,,,,,,,,,,,,,,,,,,,,,,,,
,,Release Date,Actual,Forecast,Previous,Time,,,,Time IST,,,,,,,,,,,,,,,,,,,,,,,,,,,,
,,16-Jan-25,0.4%,0.5% ,0.2%,13:30,,,,19:00,,,,,,,,,,,,,,,,,,,,,,,,,,,,
,,17-Dec-24,0.2%,0.4% ,0.2%,13:30,,,,19:00,,,,,,,,,,,,,,,,,,,,,,,,,,,,
,,15-Nov-24,0.1%,0.3% ,1.0%,13:30,,,,19:00,,,,,,,,,,,,,,,,,,,,,,,,,,,,
,,17-Oct-24,0.5%,0.1% ,0.2%,12:30,,,,18:00,,,,,,,,,,,,,,,,,,,,,,,,,,,,
,,17-Sep-24,0.1%,0.2% ,0.4%,12:30,,,,18:00,,,,,,,,,,,,,,,,,,,,,,,,,,,,
,,15-Aug-24,0.4%,0.1% ,0.5%,12:30,,,,18:00,,,,,,,,,,,,,,,,,,,,,,,,,,,,
,10,Event,Retail Sales (MoM) (Jan),,,Asset,Description,,,IST Time,MT5 server time,,,,,,,,,,,,,,,,,,,,,,,,,,,
,,Actual:,,,,C:EURUSD,"Retail Sales gauges the change in the aggregate value of sales at the retail level across the country. It is an important indicator of consumer spending accounting for the majority of overall economic activity.

A reading that is stronger than forecast is generally supportive (bullish) for the USD, while a weaker than forecast reading is generally negative (bearish) for the USD.

Learn More: USDJPY, EURUSD",,,,,,,,,,,,,,,,,,,,,,,,,,,,,,,
,,Forecast:,0.0%,,,EURUSD.sd,,,,,,,,,,,,,,,,,,,,,,,,,,,,,,,,
,,Previous:,0.4%,,,,,,,,,,,,,,,,,,,,,,,,,,,,,,,,,,,
,,Time (GMT):,13:30,,,,,,,19:00,15:30,,,,,,,,,,,,,,,,,,,,,,,,,,,
,,Release Date,Actual,Forecast,Previous,Time,,,,Time IST,,,,,,,,,,,,,,,,,,,,,,,,,,,,
,,16-Jan-25,0.4%,0.6% ,0.8%,13:30,,,,19:00,,,,,,,,,,,,,,,,,,,,,,,,,,,,
,,17-Dec-24,0.7%,0.6% ,0.5%,13:30,,,,19:00,,,,,,,,,,,,,,,,,,,,,,,,,,,,
,,15-Nov-24,0.4%,0.3% ,0.8%,13:30,,,,19:00,,,,,,,,,,,,,,,,,,,,,,,,,,,,
,,17-Oct-24,0.4%,0.3% ,0.1%,12:30,,,,18:00,,,,,,,,,,,,,,,,,,,,,,,,,,,,
,,17-Sep-24,0.1%,-0.2% ,1.1%,12:30,,,,18:00,,,,,,,,,,,,,,,,,,,,,,,,,,,,
,,15-Aug-24,1.0%,0.4% ,-0.2%,12:30,,,,18:00,,,,,,,,,,,,,,,,,,,,,,,,,,,,
x,x,Event,EUR - CPI (YoY) (Jan),,,Asset,Description,,,IST Time,MT5 server time,,,,,,,,,,,,,,,,,,,,,,,,,,,
,,Actual:,,,,C:EURUSD,"
Bloomberg's expectations suggest YoY inflation will increase from 2.4% in December to 2.5% in January, while the YoY core inflation to remain steady at 2.7%. Notably, sources from the European Central Bank have hinted at lowering the neutral interest rate ceiling - from 2.5% to a range of 1.75% - 2.25%. This highlights uncertainty over its precise level. A lower-than-expected inflation reading could support further ECB rate cuts, aimed at boosting European GDP growth. This could benefit stock indices such ESTOX. DE40.

Learn More: EURJPY | EURUSD | ESTOX | DE40Roll",,,,EUR - CPI (YoY) (Jan),,,,,,,,,,,,,,,,,,,,,,,,,,,
,,Forecast:,0.00%,,,EURUSD.sd,,,,,,,,,,,,,,,,,,,,,,,,,,,,,,,,
,,Previous:,0.00%,,,,,,,,,,,,,,,,,,,,,,,,,,,,,,,,,,,
,,Time (GMT):,10:00,,,,,,,15:30,12:00,,,,,,,,,,,,,,,,,,,,,,,,,,,
,,Release Date,Actual,Forecast,Previous,Time,,,,Time IST,,,,,,,,,,,,,,,,,,,,,,,,,,,,
,,03-Feb-25,2.5%,2.4% ,2.4%,10:00,,,,15:30,,,,,,,,,,,,,,,,,,,,,,,,,,,,
,,17-Jan-25,2.4%,2.4% ,2.2%,10:00,,,,15:30,,,,,,,,,,,,,,,,,,,,,,,,,,,,
,,07-Jan-25,2.4%,2.4% ,2.2%,10:00,,,,15:30,,,,,,,,,,,,,,,,,,,,,,,,,,,,
,,18-Dec-24,2.2%,2.3% ,2.0%,10:00,,,,15:30,,,,,,,,,,,,,,,,,,,,,,,,,,,,
,,29-Nov-24,2.3%,2.3% ,2.0%,10:00,,,,15:30,,,,,,,,,,,,,,,,,,,,,,,,,,,,
,,19-Nov-24,2.0%,2.0% ,2.0%,10:00,,,,15:30,,,,,,,,,,,,,,,,,,,,,,,,,,,,
,x,Event,EUR - German GDP (QoQ) (Q4),,,Asset,Description,,,IST Time,MT5 server time,,,,,,,,,,,,,,,,,,,,,,,,,,,
,,Actual:,,,,C:EURUSD,"Gross Domestic Product (GDP) is the broadest measure of economic activity and is a key indicator of economic health. The quarterly percent changes in GDP show the growth rate of the economy as a whole.

A reading that is stronger than forecast is generally supportive (bullish) for the EUR, while a weaker than forecast reading is generally negative (bearish) for the EUR.

Learn More: EURJPY | EURUSD",,,,EUR - German GDP (QoQ) (Q4),,,,,,,,,,,,,,,,,,,,,,,,,,,
,,Forecast:,,,,EURUSD.sd,,,,,,,,,,,,,,,,,,,,,,,,,,,,,,,,
,,Previous:,-0.20%,,,,,,,,,,,,,,,,,,,,,,,,,,,,,,,,,,,
,,Time (GMT):,7:00,,,,,,,12:30,9:00,,,,,,,,,,,,,,,,,,,,,,,,,,,
,,Release Date,Actual,Forecast,Previous,Time,,,,Time IST,,,,,,,,,,,,,,,,,,,,,,,,,,,,
,,30-Jan-25,-0.2%,-0.1% ,0.1%,9:00,,,,14:30,,,,,,,,,,,,,,,,,,,,,,,,,,,,
,,22-Nov-24,0.1%,0.2% ,0.2%,7:00,,,,12:30,,,,,,,,,,,,,,,,,,,,,,,,,,,,
,,30-Oct-24,0.2%,-0.1% ,-0.3%,9:00,,,,14:30,,,,,,,,,,,,,,,,,,,,,,,,,,,,
,,27-Aug-24,-0.1%,-0.1% ,0.2%,6:00,,,,11:30,,,,,,,,,,,,,,,,,,,,,,,,,,,,
,,30-Jul-24,-0.1%,0.1% ,0.2%,8:00,,,,13:30,,,,,,,,,,,,,,,,,,,,,,,,,,,,
,,24-May-24,0.2%,0.2% ,-0.3%,6:00,,,,11:30,,,,,,,,,,,,,,,,,,,,,,,,,,,,
,x,Event,USD - CB Consumer Confidence (Feb),,,Asset,Description,,,IST Time,MT5 server time,,,,,,,,,,,,,,,,,,,,,,,,,,,
,,Actual:,,,,C:EURUSD,"Conference Board (CB) Consumer Confidence measures the level of confidence consumers have in the economy. When consumers are optimistic, they tend to spend more which increases consumption and overall economic growth.

A reading that is stronger than forecast is generally supportive (bullish) for the USD, while a weaker than forecast reading is generally negative (bearish) for the USD.

Learn More: USDJPY | EURUSD",,,,USD - CB Consumer Confidence (Feb),,,,,,,,,,,,,,,,,,,,,,,,,,,
,,Forecast:,,,,EURUSD.sd,,,,,,,,,,,,,,,,,,,,,,,,,,,,,,,,
,,Previous:, 104.1 ,,,,,,,,,,,,,,,,,,,,,,,,,,,,,,,,,,,
,,Time (GMT):,15:00,,,,,,,20:30,17:00,,,,,,,,,,,,,,,,,,,,,,,,,,,
,,Release Date,Actual,Forecast,Previous,Time,,,,Time IST,,,,,,,,,,,,,,,,,,,,,,,,,,,,
,,28-Jan-25, 104.1 , 105.7  , 109.5 ,15:00,,,,20:30,,,,,,,,,,,,,,,,,,,,,,,,,,,,
,,23-Dec-24, 104.7 , 112.9  , 112.8 ,15:00,,,,20:30,,,,,,,,,,,,,,,,,,,,,,,,,,,,
,,26-Nov-24, 111.7 , 111.8  , 109.6 ,15:00,,,,20:30,,,,,,,,,,,,,,,,,,,,,,,,,,,,
,,29-Oct-24, 108.7 , 99.5  , 99.2 ,14:00,,,,19:30,,,,,,,,,,,,,,,,,,,,,,,,,,,,
,,24-Sep-24, 98.7 , 103.9  , 105.6 ,14:00,,,,19:30,,,,,,,,,,,,,,,,,,,,,,,,,,,,
,,27-Aug-24, 103.3 , 100.9  , 101.9 ,14:00,,,,19:30,,,,,,,,,,,,,,,,,,,,,,,,,,,,
,x,Event,INR - India - Mahashivratri,,,Asset,Description,,,IST Time,MT5 server time,,,,,,,,,,,,,,,,,,,,,,,,,,,
,,Actual:,,,,C:AUDJPY,"A major Hindu festival dedicated to Lord Shiva, Mahashivratri is observed across India. Financial markets remain closed, leading to reduced liquidity in INR trading.

Learn More: Legacy Reference (Hyperlink: https://www.google.com/url?sa=t&source=web&rct=j&opi=89978449&url=https://en.wikipedia.org/wiki/Maha_Shivaratri&ved=2ahUKEwjfof7xn9qLAxUDrlYBHbv9EtAQFnoECBsQAQ&usg=AOvVaw0jLuuurYN4ucTmvXDzPPSQ)",,,,INR - India - Mahashivratri,,,,,,,,,,,,,,,,,,,,,,,,,,,
,,Forecast:,  ,,,AUDJPY.sd,,,,,,,,,,,,,,,,,,,,,,,,,,,,,,,,
,,Previous:,,,,,,,,,,,,,,,,,,,,,,,,,,,,,,,,,,,,
,,Time (GMT):,#VALUE!,,,,,,,All Day,#VALUE!,,,,,,,,,,,,,,,,,,,,,,,,,,,
,,Release Date,Actual,Forecast,Previous,Time,,,,Time IST,,,,,,,,,,,,,,,,,,,,,,,,,,,,
,,10-Dec-24,,,,16:00,,,,21:30,,,,,,,,,,,,,,,,,,,,,,,,,,,,
,,05-Nov-24,,,,16:00,,,,21:30,,,,,,,,,,,,,,,,,,,,,,,,,,,,
,,24-Sep-24,,,,16:00,,,,21:30,,,,,,,,,,,,,,,,,,,,,,,,,,,,
,,06-Aug-24,,,,15:00,,,,20:30,,,,,,,,,,,,,,,,,,,,,,,,,,,,
,,18-Jun-24,,,,15:00,,,,20:30,,,,,,,,,,,,,,,,,,,,,,,,,,,,
,,07-May-24,,,,15:00,,,,20:30,,,,,,,,,,,,,,,,,,,,,,,,,,,,
,x,Event,Global - Crude Oil Inventories,,,Asset,Description,,,IST Time,MT5 server time,,,,,,,,,,,,,,,,,,,,,,,,,,,
,,Actual:,,,,USOILRoll,"The Energy Information Administration's (EIA) Crude Oil Inventories measures the weekly change in the number of barrels of commercial crude oil held by US firms. The level of inventories influences the price of petroleum products, which can have an impact on inflation.

If the increase in crude inventories is more than expected, it implies weaker demand and is bearish for crude prices. The same can be said if a decline in inventories is less than expected.
If the increase in crude is less than expected, it implies greater demand and is bullish for crude prices. The same can be said if a decline in inventories is more than expected.

Learn More: USOILRoll",,,,Global - Crude Oil Inventories,,,,,,,,,,,,,,,,,,,,,,,,,,,
,,Forecast:,,,,USOILRoll,,,,,,,,,,,,,,,,,,,,,,,,,,,,,,,,
,,Previous:,,,,,,,,,,,,,,,,,,,,,,,,,,,,,,,,,,,,
,,Time (GMT):,15:00,,,,,,,20:30,17:00,,,,,,,,,,,,,,,,,,,,,,,,,,,
,,Release Date,Actual,Forecast,Previous,Time,,,,Time IST,,,,,,,,,,,,,,,,,,,,,,,,,,,,
,,20-Feb-25, 4.633 , 3.200 , 4.070 ,19:00,,,,22:30,,,,,,,,,,,,,,,,,,,,,,,,,,,,
,,12-Feb-25, 4.070 , 2.400 , 8.664 ,17:30,,,,21:00,,,,,,,,,,,,,,,,,,,,,,,,,,,,
,,05-Feb-25, 8.664 , 2.400 , 3.463 ,17:30,,,,21:00,,,,,,,,,,,,,,,,,,,,,,,,,,,,
,,29-Jan-25, 3.463 , 2.200 , -1.01 ,17:30,,,,21:00,,,,,,,,,,,,,,,,,,,,,,,,,,,,
,,23-Jan-25, -1.01 , -2.10 , -1.96 ,19:00,,,,22:30,,,,,,,,,,,,,,,,,,,,,,,,,,,,
,,15-Jan-25, -1.96 , -3.50 , -0.95 ,17:30,,,,21:00,,,,,,,,,,,,,,,,,,,,,,,,,,,,
,x,Event,USD - New Home Sales (Jan),,,Asset,Description,,,IST Time,MT5 server time,,,,,,,,,,,,,,,,,,,,,,,,,,,
,,Actual:,,,,C:EURUSD,"New Home Sales measures the annualised number of new single-family homes that were sold during the prior month. When it's released ahead of Existing Home Sales, this report tends to have more impact because the two reports are highly correlated.

A reading that is stronger than forecast is generally supportive (bullish) for the USD, while a weaker than forecast reading is generally negative (bearish) for the USD.

Learn More: USDJPY | EURUSD",,,,USD - New Home Sales (Jan),,,,,,,,,,,,,,,,,,,,,,,,,,,
,,Forecast:,,,,EURUSD.sd,,,,,,,,,,,,,,,,,,,,,,,,,,,,,,,,
,,Previous:,,,,,,,,,,,,,,,,,,,,,,,,,,,,,,,,,,,,
,,Time (GMT):,15:00,,,,,,,20:30,17:00,,,,,,,,,,,,,,,,,,,,,,,,,,,
,,Release Date,Actual,Forecast,Previous,Time,,,,Time IST,,,,,,,,,,,,,,,,,,,,,,,,,,,,
,,27-Jan-25, 698 , 669 , 674 ,15:00,,,,20:30,,,,,,,,,,,,,,,,,,,,,,,,,,,,
,,23-Dec-24, 664 , 666 , 627 ,15:00,,,,20:30,,,,,,,,,,,,,,,,,,,,,,,,,,,,
,,26-Nov-24, 610 , 725 , 738 ,15:00,,,,20:30,,,,,,,,,,,,,,,,,,,,,,,,,,,,
,,24-Oct-24, 738 , 719 , 709 ,14:00,,,,19:30,,,,,,,,,,,,,,,,,,,,,,,,,,,,
,,25-Sep-24, 716 , 699 , 751 ,14:00,,,,19:30,,,,,,,,,,,,,,,,,,,,,,,,,,,,
,,23-Aug-24, 739 , 624 , 668 ,14:00,,,,19:30,,,,,,,,,,,,,,,,,,,,,,,,,,,,
,x,Event,USD - NVIDIA earnings release,,,Asset,Description,,,IST Time,MT5 server time,,,,,,,,,,,,,,,,,,,,,,,,,,,
,,Actual:,,,,C:EURUSD,"Swiss GDP saw its strongest growth in over two years, rising from 1.5% in Q2 2024 to 2%, in Q3.

The upcoming report will assess the contributions of consumer spending, business investments, and government expenditures to economic growth. 

Bloomberg forecasts a 1.1% decline in Q4 GDP nonetheless, any upside surprise could boost investor sentiment and risk appetite, and have a positive impact on Swiss stock indices, including the Swiss Markets Index.

It's worth highlighting that the Swiss index is approaching its December 2021 peak. A successful breakout could mark a new record high. 

Learn More: US100Roll | NVIDIA",,,,USD - NVIDIA earnings release,,,,,,,,,,,,,,,,,,,,,,,,,,,
,,Forecast:, 0.79 ,,,EURUSD.sd,,,,,,,,,,,,,,,,,,,,,,,,,,,,,,,,
,,Previous:, 0.49 ,,,,,,,,,,,,,,,,,,,,,,,,,,,,,,,,,,,
,,Time (GMT):,21:00,,,,,,,2:30,23:00,,,,,,,,,,,,,,,,,,,,,,,,,,,
,,Release Date,Actual,Forecast,Previous,Time,,,,Time IST,,,,,,,,,,,,,,,,,,,,,,,,,,,,
,,20-Nov-24, 0.78 , 0.70 , 0.38 ,21:00,,,,2:30,,,,,,,,,,,,,,,,,,,,,,,,,,,,
,,28-Aug-24, 0.65 , 0.60 , 0.25 ,21:00,,,,2:30,,,,,,,,,,,,,,,,,,,,,,,,,,,,
,,22-May-24, 0.58 , 0.51 , 0.09 ,21:00,,,,2:30,,,,,,,,,,,,,,,,,,,,,,,,,,,,
,,21-Feb-24, 0.49 , 0.42 , 0.07 ,21:00,,,,2:30,,,,,,,,,,,,,,,,,,,,,,,,,,,,
,,21-Nov-23, 0.38 , 0.30 , 0.03 ,21:00,,,,2:30,,,,,,,,,,,,,,,,,,,,,,,,,,,,
,,23-Aug-23, 0.25 , 0.18 , 0.03 ,21:00,,,,2:30,,,,,,,,,,,,,,,,,,,,,,,,,,,,
,x,Event,CHF - GDP (QoQ) (Q4),,,Asset,Description,,,IST Time,MT5 server time,,,,,,,,,,,,,,,,,,,,,,,,,,,
,,Actual:,,,,C:CHFJPY,"Swiss GDP saw its strongest growth in over two years, rising from 1.5% in Q2 2024 to 2%, in Q3.

The upcoming report will assess the contributions of consumer spending, business investments, and government expenditures to economic growth. 

Bloomberg forecasts a 1.1% decline in Q4 GDP nonetheless, any upside surprise could boost investor sentiment and risk appetite, and have a positive impact on Swiss stock indices, including the Swiss Markets Index.

It's worth highlighting that the Swiss index is approaching its December 2021 peak. A successful breakout could mark a new record high. 

Learn More: CHFJPY | Swiss20Roll",,,,CHF - GDP (QoQ) (Q4),,,,,,,,,,,,,,,,,,,,,,,,,,,
,,Forecast:,,,,CHFJPY.sd,,,,,,,,,,,,,,,,,,,,,,,,,,,,,,,,
,,Previous:,,,,,,,,,,,,,,,,,,,,,,,,,,,,,,,,,,,,
,,Time (GMT):,8:00,,,,,,,13:30,10:00,,,,,,,,,,,,,,,,,,,,,,,,,,,
,,Release Date,Actual,Forecast,Previous,Time,,,,Time IST,,,,,,,,,,,,,,,,,,,,,,,,,,,,
,,29-Nov-24, 0.0 , 0.4%  , 0.0 ,8:00,,,,13:30,,,,,,,,,,,,,,,,,,,,,,,,,,,,
,,03-Sep-24, 0.0 , 0.5%  , 0.0 ,7:00,,,,12:30,,,,,,,,,,,,,,,,,,,,,,,,,,,,
,,30-May-24, 0.0 , 0.3%  , 0.0 ,7:00,,,,12:30,,,,,,,,,,,,,,,,,,,,,,,,,,,,
,,29-Feb-24, 0.0 , 0.1%  , 0.0 ,8:00,,,,13:30,,,,,,,,,,,,,,,,,,,,,,,,,,,,
,,01-Dec-23, 0.0 , 0.1%  , (0.0),8:00,,,,13:30,,,,,,,,,,,,,,,,,,,,,,,,,,,,
,,04-Sep-23, -   , 0.1%  , 0.0 ,7:00,,,,12:30,,,,,,,,,,,,,,,,,,,,,,,,,,,,
,x,Event,USD - Durable Goods Orders (MoM) (Jan) P,,,Asset,Description,,,IST Time,MT5 server time,,,,,,,,,,,,,,,,,,,,,,,,,,,
,,Actual:,,,,C:EURUSD,"Durable Goods Orders reports the change in the total value of new orders for long lasting manufactured goods, including transportation items.

A reading that is stronger than forecast is generally supportive (bullish) for the USD, while a weaker than forecast reading is generally negative (bearish) for the USD.

Learn More: USDJPY | EURUSD",,,,USD - Durable Goods Orders (MoM) (Jan) P,,,,,,,,,,,,,,,,,,,,,,,,,,,
,,Forecast:, -   ,,,EURUSD.sd,,,,,,,,,,,,,,,,,,,,,,,,,,,,,,,,
,,Previous:,-2.20%,,,,,,,,,,,,,,,,,,,,,,,,,,,,,,,,,,,
,,Time (GMT):,13:30,,,,,,,19:00,15:30,,,,,,,,,,,,,,,,,,,,,,,,,,,
,,Release Date,Actual,Forecast,Previous,Time,,,,Time IST,,,,,,,,,,,,,,,,,,,,,,,,,,,,
,,28-Jan-25,-2.2%,0.3% ,-2.0%,13:30,,,,19:00,,,,,,,,,,,,,,,,,,,,,,,,,,,,
,,23-Dec-24,-1.1%,-0.3% ,0.8%,13:30,,,,19:00,,,,,,,,,,,,,,,,,,,,,,,,,,,,
,,27-Nov-24,0.2%,-0.8% ,-0.4%,13:30,,,,19:00,,,,,,,,,,,,,,,,,,,,,,,,,,,,
,,25-Oct-24,-0.8%,-1.1% ,-0.8%,12:30,,,,18:00,,,,,,,,,,,,,,,,,,,,,,,,,,,,
,,26-Sep-24,0.0%,-2.8% ,9.9%,12:30,,,,18:00,,,,,,,,,,,,,,,,,,,,,,,,,,,,
,,26-Aug-24,9.9%,4.0% ,-6.9%,12:30,,,,18:00,,,,,,,,,,,,,,,,,,,,,,,,,,,,
,x,Event,USD - GDP (QoQ) (Q4) P,,,Asset,Description,,,IST Time,MT5 server time,,,,,,,,,,,,,,,,,,,,,,,,,,,
,,Actual:,,,,C:EURUSD,"Gross Domestic Product (GDP) measures the annualised change in the inflation-adjusted value of all goods and services produced by the economy. It is the broadest measure of economic activity and the primary indicator of the economy's health.

A reading that is stronger than forecast is generally supportive (bullish) for the USD, while a weaker than forecast reading is generally negative (bearish) for the USD.

Learn More: USDJPY | EURUSD",,,,USD - GDP (QoQ) (Q4) P,,,,,,,,,,,,,,,,,,,,,,,,,,,
,,Forecast:, -   ,,,EURUSD.sd,,,,,,,,,,,,,,,,,,,,,,,,,,,,,,,,
,,Previous:,2.30%,,,,,,,,,,,,,,,,,,,,,,,,,,,,,,,,,,,
,,Time (GMT):,13:30,,,,,,,19:00,15:30,,,,,,,,,,,,,,,,,,,,,,,,,,,
,,Release Date,Actual,Forecast,Previous,Time,,,,Time IST,,,,,,,,,,,,,,,,,,,,,,,,,,,,
,,30-Jan-25,2.3%,2.7% ,3.1%,13:30,,,,19:00,,,,,,,,,,,,,,,,,,,,,,,,,,,,
,,19-Dec-24,3.1%,2.8% ,3.0%,13:30,,,,19:00,,,,,,,,,,,,,,,,,,,,,,,,,,,,
,,27-Nov-24,2.8%,2.8% ,3.0%,13:30,,,,19:00,,,,,,,,,,,,,,,,,,,,,,,,,,,,
,,30-Oct-24,2.8%,3.0% ,3.0%,12:30,,,,18:00,,,,,,,,,,,,,,,,,,,,,,,,,,,,
,,26-Sep-24,3.0%,3.0% ,1.6%,12:30,,,,18:00,,,,,,,,,,,,,,,,,,,,,,,,,,,,
,,29-Aug-24,3.0%,2.8% ,1.4%,12:30,,,,18:00,,,,,,,,,,,,,,,,,,,,,,,,,,,,
,x,Event,USD - Initial Jobless Claims,,,Asset,Description,,,IST Time,MT5 server time,,,,,,,,,,,,,,,,,,,,,,,,,,,
,,Actual:,,,,C:EURUSD,"Initial Jobless Claims measures the number of people who filed for unemployment insurance for the first time during the past week. This is the most timely U.S. economic data, but the market impact varies from week to week.
A reading that is higher than forecast is generally negative (bearish) for the USD, while a lower than forecast reading is generally supportive (bullish) for the USD.

Learn More: USDJPY | EURUSD",,,,USD - Initial Jobless Claims,,,,,,,,,,,,,,,,,,,,,,,,,,,
,,Forecast:, -   ,,,EURUSD.sd,,,,,,,,,,,,,,,,,,,,,,,,,,,,,,,,
,,Previous:,0.00%,,,,,,,,,,,,,,,,,,,,,,,,,,,,,,,,,,,
,,Time (GMT):,19:00,,,,,,,19:00,15:30,,,,,,,,,,,,,,,,,,,,,,,,,,,
,,Release Date,Actual,Forecast,Previous,Time,,,,Time IST,,,,,,,,,,,,,,,,,,,,,,,,,,,,
,,20-Feb-25,,214,213,13:30,,,,19:00,,,,,,,,,,,,,,,,,,,,,,,,,,,,
,,13-Feb-25,213,217,220,13:30,,,,19:00,,,,,,,,,,,,,,,,,,,,,,,,,,,,
,,06-Feb-25,219,214,208,13:30,,,,19:00,,,,,,,,,,,,,,,,,,,,,,,,,,,,
,,30-Jan-25,207,224,223,13:30,,,,19:00,,,,,,,,,,,,,,,,,,,,,,,,,,,,
,,23-Jan-25,223,221,217,13:30,,,,19:00,,,,,,,,,,,,,,,,,,,,,,,,,,,,
,,16-Jan-25,217,210,203,13:30,,,,19:00,,,,,,,,,,,,,,,,,,,,,,,,,,,,
,x,Event,EUR - German CPI (MoM) (Feb) P,,,Asset,Description,,,IST Time,MT5 server time,,,,,,,,,,,,,,,,,,,,,,,,,,,
,,Actual:,,,,C:EURUSD,"The Consumer Price Index (CPI) measures the change in the prices of goods and services from the perspective of the consumer. As Germany has the largest output of any country in the euro-zone, the European Central bank pays very close attention to this figure in its role of maintaining price stability.

A reading that is stronger than forecast is generally supportive (bullish) for the EUR, while a weaker than forecast reading is generally negative (bearish) for the EUR.

Learn More: EURJPY | EURUSD",,,,EUR - German CPI (MoM) (Feb) P,,,,,,,,,,,,,,,,,,,,,,,,,,,
,,Forecast:,,,,EURUSD.sd,,,,,,,,,,,,,,,,,,,,,,,,,,,,,,,,
,,Previous:,-0.20%,,,,,,,,,,,,,,,,,,,,,,,,,,,,,,,,,,,
,,Time (GMT):,13:00,,,8:00,,,,18:30,15:00,,,,,,,,,,,,,,,,,,,,,,,,,,,
,,Release Date,Actual,Forecast,Previous,Time,,,,Time IST,,,,,,,,,,,,,,,,,,,,,,,,,,,,
,,13-Feb-25,-0.2%,-0.2% ,0.5%,7:00,,,,12:30,9:00,,,,,,,,,,,,,,,,,,,,,,,,,,,
,,31-Jan-25,-0.2%,0.1% ,0.5%,13:00,,,,18:30,15:00,,,,,,,,,,,,,,,,,,,,,,,,,,,
,,16-Jan-25,0.5%,0.4% ,-0.2%,7:00,,,,12:30,9:00,,,,,,,,,,,,,,,,,,,,,,,,,,,
,,06-Jan-25,0.4%,0.3% ,-0.2%,13:00,,,,18:30,15:00,,,,,,,,,,,,,,,,,,,,,,,,,,,
,,10-Dec-24,-0.2%,-0.2% ,0.4%,7:00,,,,12:30,9:00,,,,,,,,,,,,,,,,,,,,,,,,,,,
,,28-Nov-24,-0.2%,-0.2% ,0.4%,13:00,,,,18:30,15:00,,,,,,,,,,,,,,,,,,,,,,,,,,,
,x,Event,USD - Core PCE Price Index (MoM) (Jan),,,Asset,Description,,,IST Time,MT5 server time,,,,,,,,,,,,,,,,,,,,,,,,,,,
,,Actual:,,,,C:EURUSD,"Bloomberg forecasts the YoY headline to ease from 2.6% in December to 2.5% in January, while the YoY core PCE is expected to decline from 2.8% to 2.7%. A hotter-than-expected reading would suggest persistent inflation, delaying potential Fed rate cuts and strenghtening the US dollar - potentially pressuring silver prices. Conversely, a softer print could support precious metals. 

Learn More: USDJPY | EURUSD | XAGUSD",,,,USD - Core PCE Price Index (MoM) (Jan),,,,,,,,,,,,,,,,,,,,,,,,,,,
,,Forecast:,,,,EURUSD.sd,,,,,,,,,,,,,,,,,,,,,,,,,,,,,,,,
,,Previous:, 0.00 ,,,,,,,,,,,,,,,,,,,,,,,,,,,,,,,,,,,
,,Time (GMT):,13:30,,,8:30,,,,19:00,15:30,,,,,,,,,,,,,,,,,,,,,,,,,,,
,,Release Date,Actual,Forecast,Previous,Time,,,,Time IST,,,,,,,,,,,,,,,,,,,,,,,,,,,,
,,31-Jan-25, 0.00 , 0.2%  , 0.00 ,13:30,,,,19:00,15:30,,,,,,,,,,,,,,,,,,,,,,,,,,,
,,20-Dec-24, 0.00 , 0.2%  , 0.00 ,13:30,,,,19:00,15:30,,,,,,,,,,,,,,,,,,,,,,,,,,,
,,27-Nov-24, 0.00 , 0.3%  , 0.00 ,15:00,,,,20:30,17:00,,,,,,,,,,,,,,,,,,,,,,,,,,,
,,31-Oct-24, 0.00 , 0.3%  , 0.00 ,12:30,,,,18:00,14:30,,,,,,,,,,,,,,,,,,,,,,,,,,,
,,27-Sep-24, 0.00 , 0.2%  , 0.00 ,12:30,,,,18:00,14:30,,,,,,,,,,,,,,,,,,,,,,,,,,,
,,30-Aug-24, 0.00 , 0.2%  , 0.00 ,12:30,,,,18:00,14:30,,,,,,,,,,,,,,,,,,,,,,,,,,,
,x,Event,USD - Core PCE Price Index (YoY) (Jan),,,Asset,Description,,,IST Time,MT5 server time,,,,,,,,,,,,,,,,,,,,,,,,,,,
,,Actual:,,,,C:EURUSD,"Bloomberg forecasts the YoY headline to ease from 2.6% in December to 2.5% in January, while the YoY core PCE is expected to decline from 2.8% to 2.7%. A hotter-than-expected reading would suggest persistent inflation, delaying potential Fed rate cuts and strenghtening the US dollar - potentially pressuring silver prices. Conversely, a softer print could support precious metals. 

Learn More: USDJPY | EURUSD | XAGUSD",,,,USD - Core PCE Price Index (YoY) (Jan),,,,,,,,,,,,,,,,,,,,,,,,,,,
,,Forecast:,,,,EURUSD.sd,,,,,,,,,,,,,,,,,,,,,,,,,,,,,,,,
,,Previous:, 0.03 ,,,,,,,,,,,,,,,,,,,,,,,,,,,,,,,,,,,
,,Time (GMT):,13:30,,,8:30,,,,19:00,15:30,,,,,,,,,,,,,,,,,,,,,,,,,,,
,,Release Date,Actual,Forecast,Previous,Time,,,,Time IST,,,,,,,,,,,,,,,,,,,,,,,,,,,,
,,31-Jan-25, 0.03 , 2.8%  , 0.03 ,13:30,,,,19:00,15:30,,,,,,,,,,,,,,,,,,,,,,,,,,,
,,20-Dec-24, 0.03 , 2.9%  , 0.03 ,13:30,,,,19:00,15:30,,,,,,,,,,,,,,,,,,,,,,,,,,,
,,27-Nov-24, 0.03 , 2.8%  , 0.03 ,15:00,,,,20:30,17:00,,,,,,,,,,,,,,,,,,,,,,,,,,,
,,31-Oct-24, 0.03 , 2.6%  , 0.03 ,12:30,,,,18:00,14:30,,,,,,,,,,,,,,,,,,,,,,,,,,,
,,27-Sep-24, 0.03 , 2.7%  , 0.03 ,12:30,,,,18:00,14:30,,,,,,,,,,,,,,,,,,,,,,,,,,,
,,30-Aug-24, 0.03 , 2.7%  , 0.03 ,12:30,,,,18:00,14:30,,,,,,,,,,,,,,,,,,,,,,,,,,,
,x,Event,USD - Chicago PMI (Feb),,,Asset,Description,,,IST Time,MT5 server time,,,,,,,,,,,,,,,,,,,,,,,,,,,
,,Actual:,,,,C:EURUSD,"The Chicago Purchasing Managers' Index (PMI) is a diffusion index incorporating survey results provided by manufacturing firms around the Chicago area. A reading above fifty suggests the manufacturing sector is expanding, while a reading below fifty suggests the manufacturing sector is in contraction. The Chicago PMI can be of some assistance in forecasting the ISM manufacturing PMI.

A reading that is stronger than forecast is generally supportive (bullish) for the USD, while a weaker than forecast reading is generally negative (bearish) for the USD.

Learn More: USDJPY | EURUSD",,,,USD - Chicago PMI (Feb),,,,,,,,,,,,,,,,,,,,,,,,,,,
,,Forecast:,,,,EURUSD.sd,,,,,,,,,,,,,,,,,,,,,,,,,,,,,,,,
,,Previous:, 39.50 ,,,,,,,,,,,,,,,,,,,,,,,,,,,,,,,,,,,
,,Time (GMT):,14:45,,,9:45,,,,20:15,16:45,,,,,,,,,,,,,,,,,,,,,,,,,,,
,,Release Date,Actual,Forecast,Previous,Time,,,,Time IST,,,,,,,,,,,,,,,,,,,,,,,,,,,,
,x,31-Jan-25, 39.50 , 40.3  , 36.90 ,14:45,,,,20:15,16:45,,,,,,,,,,,,,,,,,,,,,,,,,,,
,m,30-Dec-24, 36.90 , 42.7  , 40.20 ,14:45,,,,20:15,16:45,,,,,,,,,,,,,,,,,,,,,,,,,,,
,m,29-Nov-24, 40.20 , 44.9  , 41.60 ,14:45,,,,20:15,16:45,,,,,,,,,,,,,,,,,,,,,,,,,,,
,m,31-Oct-24, 41.60 , 46.9  , 46.60 ,13:45,,,,19:15,15:45,,,,,,,,,,,,,,,,,,,,,,,,,,,
,b,30-Sep-24, 46.60 , 46.1  , 46.10 ,13:45,,,,19:15,15:45,,,,,,,,,,,,,,,,,,,,,,,,,,,
,b,30-Aug-24, 46.10 , 45.0  , 45.30 ,13:45,,,,19:15,15:45,,,,,,,,,,,,,,,,,,,,,,,,,,,
,x,Event,KRW - South Korea - Independence Movement Day,,,Asset,Description,,,IST Time,MT5 server time,,,,,,,,,,,,,,,,,,,,,,,,,,,
,,Actual:,,,,C:USDKRW,"South Korea observes the Independence Movement Day, commemorating the 1919 protest against Japanese rule. Markets remain closed, impacting KRW liquidity.

Learn More: Legacy Reference (hyperling: https://www.google.com/url?sa=t&source=web&rct=j&opi=89978449&url=https://en.wikipedia.org/wiki/March_First_Movement&ved=2ahUKEwjX8LOJoNqLAxVZ5DQHHcbJCZQQFnoECA8QAQ&usg=AOvVaw0mADMg4uDFjm5RbF2oa6Ve",,,,KRW - South Korea - Independence Movement Day,,,,,,,,,,,,,,,,,,,,,,,,,,,
,,Forecast:,,,,USDKRW,,,,,,,,,,,,,,,,,,,,,,,,,,,,,,,,
,,Previous:, -   ,,,,,,,,,,,,,,,,,,,,,,,,,,,,,,,,,,,
,,Time (GMT):,#VALUE!,,,,,,,Holiday,#VALUE!,,,,,,,,,,,,,,,,,,,,,,,,,,,
,,Release Date,Actual,Forecast,Previous,Time,,,,Time IST,,,,,,,,,,,,,,,,,,,,,,,,,,,,
,,05-Feb-25, 52.90 , 52.8  , 56.80 ,1:30,,,,7:00,3:30,,,,,,,,,,,,,,,,,,,,,,,,,,,
,,24-Jan-25, 52.80 , 56.4  , 56.80 ,1:30,,,,7:00,3:30,,,,,,,,,,,,,,,,,,,,,,,,,,,
,,06-Jan-25, 56.80 , 58.5  , 56.10 ,1:30,,,,7:00,3:30,,,,,,,,,,,,,,,,,,,,,,,,,,,
,,16-Dec-24, 58.50 , 55.7  , 56.10 ,1:30,,,,7:00,3:30,,,,,,,,,,,,,,,,,,,,,,,,,,,
,,04-Dec-24, 56.10 , 57.0  , 55.00 ,1:30,,,,7:00,3:30,,,,,,,,,,,,,,,,,,,,,,,,,,,
,,22-Nov-24, 57.00 , 55.2  , 55.00 ,1:30,,,,7:00,3:30,,,,,,,,,,,,,,,,,,,,,,,,,,,
,3,Event,CNY - Manufacturing PMI (Feb),,,Asset,Description,,,IST Time,MT5 server time,,,,,,,,,,,,,,,,,,,,,,,,,,,
,,Actual:,,,,C:USDCNY,"China Manufacturing Purchasing Managers Index (PMI) provides an early indication each month of economic activities in the Chinese manufacturing sector. It is compiled by China Federation of Logistics & Purchasing (CFLP) and China Logistics Information Centre (CLIC), based on data collected by the National Bureau of Statistics (NBS).Li & Fung Research Centre is responsible for drafting and disseminating the English PMI report. Every month questionnaires are sent to over 700 manufacturing enterprises all over China. The data presented here is compiled from the enterprises responses about their purchasing activities and supply situations. The PMI should be compared to other economic data sources when used in decision-making.
A reading that is stronger than forecast is generally supportive (bullish) for the CNY , while a weaker than forecast reading is generally negative (bearish) for the CNY.

Learn More: USDCNY | USDCNH",,,,CNY - Manufacturing PMI (Feb),,,,,,,,,,,,,,,,,,,,,,,,,,,
,,Forecast:,,,,USDCNY.sd,,,,,,,,,,,,,,,,,,,,,,,,,,,,,,,,
,,Previous:, 49.10 ,,,,,,,,,,,,,,,,,,,,,,,,,,,,,,,,,,,
,,Time (GMT):,1:30,,,,,,,7:00,3:30,,,,,,,,,,,,,,,,,,,,,,,,,,,
,,Release Date,Actual,Forecast,Previous,Time,,,,,,,,,,,,,,,,,,,,,,,,,,,,,,,,
,,27-Jan-25,49.1,50.1,50.1,1:30,,,,7:00,,,,,,,,,,,,,,,,,,,,,,,,,,,,
,,31-Dec-24,50.1,50.3,50.3,1:30,,,,7:00,,,,,,,,,,,,,,,,,,,,,,,,,,,,
,,30-Nov-24,50.3,50.2,50.1,1:30,,,,7:00,,,,,,,,,,,,,,,,,,,,,,,,,,,,
,,31-Oct-24,50.1,49.8,49.8,1:30,,,,7:00,,,,,,,,,,,,,,,,,,,,,,,,,,,,
,,30-Sep-24,49.8,49.4,49.1,1:30,,,,7:00,,,,,,,,,,,,,,,,,,,,,,,,,,,,
,,31-Aug-24,49.1,49.5,49.4,1:30,,,,7:00,,,,,,,,,,,,,,,,,,,,,,,,,,,,
x,1,Event,USD - Manufacturing PMI (Mar) P,,,Asset,Description,,,IST Time,MT5 server time,,,,,,,,,,,,,,,,,,,,,,,,,,,
,,Actual:,,,,C:EURUSD,"The Manufacturing Purchasing Managers' Index (PMI) is a diffusion index incorporating survey results provided by manufacturing firms throughout the country. A reading above fifty suggests the manufacturing sector is expanding, while a reading below fifty suggests the manufacturing sector is in contraction. Policymakers and traders watch these surveys closely as purchasing managers usually have early access to data about their company’s performance, rather than waiting for the hard data to emerge. While manufacturing accounts for a far smaller percentage of economic output than services, it is far more cyclical and is therefore a useful indicator of where in the economic cycle the economy is currently situated. A reading that is stronger than forecast is generally supportive (bullish) for the USD while a weaker than forecast reading is generally negative (bearish) for the USD..

Learn More: USDJPY | EURUSD",,,,USD - Manufacturing PMI (Mar) P,,,,,,,,,,,,,,,,,,,,,,,,,,,
,,Forecast:,,,,EURUSD.sd,,,,,,,,,,,,,,,,,,,,,,,,,,,,,,,,
,,Previous:, 52.70 ,,,,,,,,,,,,,,,,,,,,,,,,,,,,,,,,,,,
,,Time (GMT):,13:45,,,,,,,19:15,16:45,,,,,,,,,,,,,,,,,,,,,,,,,,,
,,Release Date,Actual,Forecast,Previous,Time,,,,Time IST,,,,,,,,,,,,,,,,,,,,,,,,,,,,
,,03-Mar-25, 52.70 , 51.6  , 51.20 ,14:45,,,,20:15,,,,,,,,,,,,,,,,,,,,,,,,,,,,
,,21-Feb-25, 51.60 , 51.3  , 51.20 ,14:45,,,,20:15,,,,,,,,,,,,,,,,,,,,,,,,,,,,
,,, -   , -   , -   ,14:45,,,,20:15,,,,,,,,,,,,,,,,,,,,,,,,,,,,
,,, -   , -   , -   ,14:45,,,,20:15,,,,,,,,,,,,,,,,,,,,,,,,,,,,
,,, -   , -   , -   ,14:45,,,,20:15,,,,,,,,,,,,,,,,,,,,,,,,,,,,
,,, -   , -   , -   ,14:45,,,,20:15,,,,,,,,,,,,,,,,,,,,,,,,,,,,
,1,Event,USD - Services PMI (Mar) P,,,Asset,Description,,,IST Time,MT5 server time,,,,,,,,,,,,,,,,,,,,,,,,,,,
,,Actual:,,,,C:EURUSD,"The Service PMI release is published monthly by Markit Economics. The data are based on surveys of over 400 executives in private sector service companies. The surveys cover transport and communication, financial intermediaries, business and personal services, computing & IT, hotels and restaurants. 
An index level of 50 denotes no change since the previous month, while a level above 50 signals an improvement, and below 50 indicates a deterioration. A reading that is stronger than forecast is generally supportive (bullish) for the USD, while a weaker than forecast reading is generally negative (bearish) for the USD.

Learn More: USDJPY | EURUSD",,,,USD - Services PMI (Mar) P,,,,,,,,,,,,,,,,,,,,,,,,,,,
,,Forecast:,,,,EURUSD.sd,,,,,,,,,,,,,,,,,,,,,,,,,,,,,,,,
,,Previous:, 51.00 ,,,,,,,,,,,,,,,,,,,,,,,,,,,,,,,,,,,
,,Time (GMT):,13:45,,,,,,,19:15,16:45,,,,,,,,,,,,,,,,,,,,,,,,,,,
,,Release Date,Actual,Forecast,Previous,Time,,,,Time IST,,,,,,,,,,,,,,,,,,,,,,,,,,,,
,,05-Mar-25, 51.00 , 49.7  , 52.90 ,14:45,,,,20:15,,,,,,,,,,,,,,,,,,,,,,,,,,,,
,,21-Feb-25, 49.70 , 53.0  , 52.90 ,14:45,,,,20:15,,,,,,,,,,,,,,,,,,,,,,,,,,,,
,,, 51.00 , 49.7  , 52.90 ,14:45,,,,20:15,,,,,,,,,,,,,,,,,,,,,,,,,,,,
,,, 49.70 , 53.0  , 52.90 ,14:45,,,,20:15,,,,,,,,,,,,,,,,,,,,,,,,,,,,
,,, 51.00 , 49.7  , 52.90 ,14:45,,,,20:15,,,,,,,,,,,,,,,,,,,,,,,,,,,,
,,, 49.70 , 53.0  , 52.90 ,14:45,,,,20:15,,,,,,,,,,,,,,,,,,,,,,,,,,,,
,1,Event,USD - CB Consumer Confidence (Mar),,,Asset,Description,,,IST Time,MT5 server time,,,,,,,,,,,,,,,,,,,,,,,,,,,
,,Actual:,,,,C:EURUSD,"Conference Board (CB) Consumer Confidence measures the level of confidence consumers have in the economy. When consumers are optimistic, they tend to spend more which increases consumption and overall economic growth.

A reading that is stronger than forecast is generally supportive (bullish) for the USD, while a weaker than forecast reading is generally negative (bearish) for the USD.

Learn More: USDJPY | EURUSD",,,,USD - CB Consumer Confidence (Mar),,,,,,,,,,,,,,,,,,,,,,,,,,,
,,Forecast:,,,,EURUSD.sd,,,,,,,,,,,,,,,,,,,,,,,,,,,,,,,,
,,Previous:, 98.30 ,,,,,,,,,,,,,,,,,,,,,,,,,,,,,,,,,,,
,,Time (GMT):,14:00,,,,,,,19:30,17:00,,,,,,,,,,,,,,,,,,,,,,,,,,,
,,Release Date,Actual,Forecast,Previous,Time,,,,Time IST,,,,,,,,,,,,,,,,,,,,,,,,,,,,
,,25-Feb-25, 98.30 , 102.7  , 105.30 ,15:00,,,,20:30,,,,,,,,,,,,,,,,,,,,,,,,,,,,
,,28-Jan-25, 104.10 , 105.7  , 109.50 ,15:00,,,,20:30,,,,,,,,,,,,,,,,,,,,,,,,,,,,
,,23-Dec-24, 104.70 , 112.9  , 112.80 ,15:00,,,,20:30,,,,,,,,,,,,,,,,,,,,,,,,,,,,
,,26-Nov-24, 111.70 , 111.8  , 109.60 ,15:00,,,,20:30,,,,,,,,,,,,,,,,,,,,,,,,,,,,
,,29-Oct-24, 108.70 , 99.5  , 99.20 ,14:00,,,,19:30,,,,,,,,,,,,,,,,,,,,,,,,,,,,
,,24-Sep-24, 98.70 , 103.9  , 105.60 ,14:00,,,,19:30,,,,,,,,,,,,,,,,,,,,,,,,,,,,
,1,Event,USD - New Home Sales (Feb),,,Asset,Description,,,IST Time,MT5 server time,,,,,,,,,,,,,,,,,,,,,,,,,,,
,,Actual:,,,,C:EURUSD,"New Home Sales measures the annualised number of new single-family homes that were sold during the prior month. When it's released ahead of Existing Home Sales, this report tends to have more impact because the two reports are highly correlated.

A reading that is stronger than forecast is generally supportive (bullish) for the USD, while a weaker than forecast reading is generally negative (bearish) for the USD.",,,,USD - New Home Sales (Feb),,,,,,,,,,,,,,,,,,,,,,,,,,,
,,Forecast:,,,,EURUSD.sd,,,,,,,,,,,,,,,,,,,,,,,,,,,,,,,,
,,Previous:, 657K ,,,,,,,,,,,,,,,,,,,,,,,,,,,,,,,,,,,
,,Time (GMT):,14:00,,,,,,,19:30,17:00,,,,,,,,,,,,,,,,,,,,,,,,,,,
,,Release Date,Actual,Forecast,Previous,Time,,,,Time IST,,,,,,,,,,,,,,,,,,,,,,,,,,,,
,,26-Feb-25, 657 , 679 , 734 ,15:00,,,,20:30,,,,,,,,,,,,,,,,,,,,,,,,,,,,
,,27-Jan-25, 698 , 669 , 674 ,15:00,,,,20:30,,,,,,,,,,,,,,,,,,,,,,,,,,,,
,,23-Dec-24, 664 , 666 , 627 ,15:00,,,,20:30,,,,,,,,,,,,,,,,,,,,,,,,,,,,
,,26-Nov-24, 610 , 725 , 738 ,15:00,,,,20:30,,,,,,,,,,,,,,,,,,,,,,,,,,,,
,,24-Oct-24, 738 , 719 , 709 ,14:00,,,,19:30,,,,,,,,,,,,,,,,,,,,,,,,,,,,
,,25-Sep-24, 716 , 699 , 751 ,14:00,,,,19:30,,,,,,,,,,,,,,,,,,,,,,,,,,,,
,1,Event,GBP - CPI (YoY) (Feb),,,Asset,Description,,,IST Time,MT5 server time,,,,,,,,,,,,,,,,,,,,,,,,,,,
,,Actual:,,,,C:GBPUSD,"
The Consumer Price Index (CPI) measures the change in the prices of goods and services contained in a basket of consumer items. The Central bank pays very close attention to this figure in its role of maintaining price stability.

A reading that is stronger than forecast is generally supportive (bullish) for the GBP, while a weaker than forecast reading is generally negative (bearish) for the GBP.

Learn More: GBPJPY | GBPUSD",,,,GBP - CPI (YoY) (Feb),,,,,,,,,,,,,,,,,,,,,,,,,,,
,,Forecast:,,,,GBPUSD.sd,,,,,,,,,,,,,,,,,,,,,,,,,,,,,,,,
,,Previous:,3.00%,,,,,,,,,,,,,,,,,,,,,,,,,,,,,,,,,,,
,,Time (GMT):,7:00,,,,,,,12:30,10:00,,,,,,,,,,,,,,,,,,,,,,,,,,,
,,Release Date,Actual,Forecast,Previous,Time,,,,Time IST,,,,,,,,,,,,,,,,,,,,,,,,,,,,
,,19-Feb-25,3.0%,2.8% ,2.5%,7:00,,,,12:30,,,,,,,,,,,,,,,,,,,,,,,,,,,,
,,15-Jan-25,2.5%,2.6% ,2.6%,7:00,,,,12:30,,,,,,,,,,,,,,,,,,,,,,,,,,,,
,,18-Dec-24,2.6%,2.6% ,2.3%,7:00,,,,12:30,,,,,,,,,,,,,,,,,,,,,,,,,,,,
,,20-Nov-24,2.3%,2.2% ,1.7%,7:00,,,,12:30,,,,,,,,,,,,,,,,,,,,,,,,,,,,
,,16-Oct-24,1.7%,1.9% ,2.2%,6:00,,,,11:30,,,,,,,,,,,,,,,,,,,,,,,,,,,,
,,18-Sep-24,2.2%,2.2% ,2.2%,6:00,,,,11:30,,,,,,,,,,,,,,,,,,,,,,,,,,,,
,1,Event,GBP - Spring Forecast Statement ,,,Asset,Description,,,IST Time,MT5 server time,,,,,,,,,,,,,,,,,,,,,,,,,,,
,,Actual:,,,,C:GBPUSD,"
The Spring Statement of the British Government, also known as the 'mini-budget', is one of the two statements HM Treasury makes each year to Parliament upon publication of economic forecasts. It usually involves speeches in the House of Commons by the Chancellor of the Exchequer.

Learn More: GBPJPY | GBPUSD",,,,GBP - Spring Forecast Statement ,,,,,,,,,,,,,,,,,,,,,,,,,,,
,,Forecast:,,,,GBPUSD.sd,,,,,,,,,,,,,,,,,,,,,,,,,,,,,,,,
,,Previous:, -   ,,,,,,,,,,,,,,,,,,,,,,,,,,,,,,,,,,,
,,Time (GMT):,10:00,,,,,,,15:30,13:00,,,,,,,,,,,,,,,,,,,,,,,,,,,
,,Release Date,Actual,Forecast,Previous,Time,,,,Time IST,,,,,,,,,,,,,,,,,,,,,,,,,,,,
,,06-Mar-24,,,,12:30,,,,18:00,,,,,,,,,,,,,,,,,,,,,,,,,,,,
,,15-Mar-23,,,,12:30,,,,18:00,,,,,,,,,,,,,,,,,,,,,,,,,,,,
,,22-Mar-22,,,,12:30,,,,18:00,,,,,,,,,,,,,,,,,,,,,,,,,,,,
,,03-Mar-21,,,,12:30,,,,18:00,,,,,,,,,,,,,,,,,,,,,,,,,,,,
,,11-Mar-20,,,,12:30,,,,18:00,,,,,,,,,,,,,,,,,,,,,,,,,,,,
,,13-Mar-19,,,,12:30,,,,18:00,,,,,,,,,,,,,,,,,,,,,,,,,,,,
,1,Event,USD - Durable Goods orders (MoM) (Feb) P,,,Asset,Description,,,IST Time,MT5 server time,,,,,,,,,,,,,,,,,,,,,,,,,,,
,,Actual:,,,,C:EURUSD,"

Durable Goods Orders reports the change in the total value of new orders for long lasting manufactured goods, including transportation items.

A reading that is stronger than forecast is generally supportive (bullish) for the USD, while a weaker than forecast reading is generally negative (bearish) for the USD.

Learn More: USDJPY | EURJPY",,,,USD - Durable Goods orders (MoM) (Feb) P,,,,,,,,,,,,,,,,,,,,,,,,,,,
,,Forecast:,,,,EURUSD.sd,,,,,,,,,,,,,,,,,,,,,,,,,,,,,,,,
,,Previous:,3.2%,,,,,,,,,,,,,,,,,,,,,,,,,,,,,,,,,,,
,,Time (GMT):,12:30,,,,,,,18:00,15:30,,,,,,,,,,,,,,,,,,,,,,,,,,,
,,Release Date,Actual,Forecast,Previous,Time,,,,Time IST,,,,,,,,,,,,,,,,,,,,,,,,,,,,
,,27-Feb-25,3.1%,2.0% ,-1.8%,13:30,,,,19:00,,,,,,,,,,,,,,,,,,,,,,,,,,,,
,,28-Jan-25,-2.2%,0.3% ,-2.0%,13:30,,,,19:00,,,,,,,,,,,,,,,,,,,,,,,,,,,,
,,23-Dec-24,-1.1%,-0.3% ,0.8%,13:30,,,,19:00,,,,,,,,,,,,,,,,,,,,,,,,,,,,
,,27-Nov-24,0.2%,-0.8% ,-0.4%,13:30,,,,19:00,,,,,,,,,,,,,,,,,,,,,,,,,,,,
,,25-Oct-24,-0.8%,-1.1% ,-0.8%,12:30,,,,18:00,,,,,,,,,,,,,,,,,,,,,,,,,,,,
,,26-Sep-24,0.0%,-2.8% ,9.9%,12:30,,,,18:00,,,,,,,,,,,,,,,,,,,,,,,,,,,,
,1,Event,USD - Crude Oil Inventories,,,Asset,Description,,,IST Time,MT5 server time,,,,,,,,,,,,,,,,,,,,,,,,,,,
,,Actual:,,,,USOILRoll,"
The Energy Information Administration's (EIA) Crude Oil Inventories measures the weekly change in the number of barrels of commercial crude oil held by US firms. The level of inventories influences the price of petroleum products, which can have an impact on inflation.

If the increase in crude inventories is more than expected, it implies weaker demand and is bearish for crude prices. The same can be said if a decline in inventories is less than expected.
If the increase in crude is less than expected, it implies greater demand and is bullish for crude prices. The same can be said if a decline in inventories is more than expected.

Learn More: USOILRoll",,,,USD - Crude Oil Inventories,,,,,,,,,,,,,,,,,,,,,,,,,,,
,,Forecast:,,,,USOILRoll,,,,,,,,,,,,,,,,,,,,,,,,,,,,,,,,
,,Previous:,1.745M,,,,,,,,,,,,,,,,,,,,,,,,,,,,,,,,,,,
,,Time (GMT):,13:30,,,,,,,19:00,16:30,,,,,,,,,,,,,,,,,,,,,,,,,,,
,,Release Date,Actual,Forecast,Previous,Time,,,,Time IST,,,,,,,,,,,,,,,,,,,,,,,,,,,,
,,19-Mar-25,1.745,0.800,1.448,15:30,,,,19:00,,,,,,,,,,,,,,,,,,,,,,,,,,,,
,,12-Mar-25,1.448,2.100,3.614,15:30,,,,19:00,,,,,,,,,,,,,,,,,,,,,,,,,,,,
,,05-Mar-25,3.614,0.600,-2.33,17:30,,,,21:00,,,,,,,,,,,,,,,,,,,,,,,,,,,,
,,26-Feb-25,-2.33,2.500,4.633,17:00,,,,20:30,,,,,,,,,,,,,,,,,,,,,,,,,,,,
,,20-Feb-25,4.633,3.200,4.070,19:00,,,,22:30,,,,,,,,,,,,,,,,,,,,,,,,,,,,
,,12-Feb-25,4.070,2.400,8.664,17:30,,,,21:00,,,,,,,,,,,,,,,,,,,,,,,,,,,,
,1,Event,USD - GDP (QoQ) (Q4),,,Asset,Description,,,IST Time,MT5 server time,,,,,,,,,,,,,,,,,,,,,,,,,,,
,,Actual:,,,,C:EURUSD,"
Gross Domestic Product (GDP) measures the annualised change in the inflation-adjusted value of all goods and services produced by the economy. It is the broadest measure of economic activity and the primary indicator of the economy's health.

A reading that is stronger than forecast is generally supportive (bullish) for the USD, while a weaker than forecast reading is generally negative (bearish) for the USD.

Learn More: USDJPY | EURJPY",,,,USD - GDP (QoQ) (Q4),,,,,,,,,,,,,,,,,,,,,,,,,,,
,,Forecast:,,,,EURUSD.sd,,,,,,,,,,,,,,,,,,,,,,,,,,,,,,,,
,,Previous:,2.3%,,,,,,,,,,,,,,,,,,,,,,,,,,,,,,,,,,,
,,Time (GMT):,12:30,,,,,,,18:00,15:30,,,,,,,,,,,,,,,,,,,,,,,,,,,
,,Release Date,Actual,Forecast,Previous,Time,,,,Time IST,,,,,,,,,,,,,,,,,,,,,,,,,,,,
,,27-Feb-25,2.3%,2.3% ,3.1%,13:30,,,,19:00,,,,,,,,,,,,,,,,,,,,,,,,,,,,
,,30-Jan-25,2.3%,2.7% ,3.1%,13:30,,,,19:00,,,,,,,,,,,,,,,,,,,,,,,,,,,,
,,19-Dec-24,3.1%,2.8% ,3.0%,13:30,,,,19:00,,,,,,,,,,,,,,,,,,,,,,,,,,,,
,,27-Nov-24,2.8%,2.8% ,3.0%,13:30,,,,19:00,,,,,,,,,,,,,,,,,,,,,,,,,,,,
,,30-Oct-24,2.8%,3.0% ,3.0%,12:30,,,,18:00,,,,,,,,,,,,,,,,,,,,,,,,,,,,
,,26-Sep-24,3.0%,3.0% ,1.6%,12:30,,,,18:00,,,,,,,,,,,,,,,,,,,,,,,,,,,,
,1,Event,USD - Initial Jobless Claims,,,Asset,Description,,,IST Time,MT5 server time,,,,,,,,,,,,,,,,,,,,,,,,,,,
,,Actual:,,,,C:EURUSD,"
Initial Jobless Claims measures the number of people who filed for unemployment insurance for the first time during the past week. This is the most timely U.S. economic data, but the market impact varies from week to week.
A reading that is higher than forecast is generally negative (bearish) for the USD, while a lower than forecast reading is generally supportive (bullish) for the USD.

Learn More: USDJPY | EURUSD",,,,USD - Initial Jobless Claims,,,,,,,,,,,,,,,,,,,,,,,,,,,
,,Forecast:,,,,EURUSD.sd,,,,,,,,,,,,,,,,,,,,,,,,,,,,,,,,
,,Previous:,,,,,,,,,,,,,,,,,,,,,,,,,,,,,,,,,,,,
,,Time (GMT):,12:30,,,,,,,18:00,15:30,,,,,,,,,,,,,,,,,,,,,,,,,,,
,,Release Date,Actual,Forecast,Previous,Time,,,,Time IST,,,,,,,,,,,,,,,,,,,,,,,,,,,,
,,20-Mar-25,,222,220,12:30,,,,18:00,,,,,,,,,,,,,,,,,,,,,,,,,,,,
,,13-Mar-25,220,226,222,12:30,,,,18:00,,,,,,,,,,,,,,,,,,,,,,,,,,,,
,,06-Mar-25,221,234,242,13:30,,,,19:00,,,,,,,,,,,,,,,,,,,,,,,,,,,,
,,27-Feb-25,242,222,220,13:30,,,,19:00,,,,,,,,,,,,,,,,,,,,,,,,,,,,
,,20-Feb-25,219,215,214,13:30,,,,19:00,,,,,,,,,,,,,,,,,,,,,,,,,,,,
,,13-Feb-25,213,217,220,13:30,,,,19:00,,,,,,,,,,,,,,,,,,,,,,,,,,,,
,1,Event,GBP - GDP (QoQ) (Q4),,,Asset,Description,,,IST Time,MT5 server time,,,,,,,,,,,,,,,,,,,,,,,,,,,
,,Actual:,,,,C:GBPUSD,"
Gross Domestic Product (GDP) gauges the inflation-adjusted value of all goods and services produced within the economy. It is the most comprehensive measure of economic activity and an important indicator of economic health.

A reading that is stronger than forecast is generally supportive (bullish) for the GBP, while a weaker than forecast reading is generally negative (bearish) for the GBP.

Learn More: GBPJPY | GBPUSD",,,,GBP - GDP (QoQ) (Q4),,,,,,,,,,,,,,,,,,,,,,,,,,,
,,Forecast:,,,,GBPUSD.sd,,,,,,,,,,,,,,,,,,,,,,,,,,,,,,,,
,,Previous:,0.10%,,,,,,,,,,,,,,,,,,,,,,,,,,,,,,,,,,,
,,Time (GMT):,7:00,,,,,,,12:30,10:00,,,,,,,,,,,,,,,,,,,,,,,,,,,
,,Release Date,Actual,Forecast,Previous,Time,,,,Time IST,,,,,,,,,,,,,,,,,,,,,,,,,,,,
,,13-Feb-25,0.1%,-0.1% ,0.0%,7:00,,,,12:30,,,,,,,,,,,,,,,,,,,,,,,,,,,,
,,23-Dec-24,0.0%,0.1% ,0.4%,7:00,,,,12:30,,,,,,,,,,,,,,,,,,,,,,,,,,,,
,,15-Nov-24,0.1%,0.2% ,0.5%,7:00,,,,12:30,,,,,,,,,,,,,,,,,,,,,,,,,,,,
,,30-Sep-24,0.5%,0.6% ,0.7%,6:00,,,,11:30,,,,,,,,,,,,,,,,,,,,,,,,,,,,
,,15-Aug-24,0.6%,0.6% ,0.7%,6:00,,,,11:30,,,,,,,,,,,,,,,,,,,,,,,,,,,,
,,28-Jun-24,0.7%,0.6% ,-0.3%,6:00,,,,11:30,,,,,,,,,,,,,,,,,,,,,,,,,,,,
,1,Event,GBP - GDP (YoY) (Q4),,,Asset,Description,,,IST Time,MT5 server time,,,,,,,,,,,,,,,,,,,,,,,,,,,
,,Actual:,,,,C:GBPUSD,"
Gross Domestic Product (GDP) gauges the inflation-adjusted value of all goods and services produced within the economy. It is the most comprehensive measure of economic activity and an important indicator of economic health.

A reading that is stronger than forecast is generally supportive (bullish) for the GBP, while a weaker than forecast reading is generally negative (bearish) for the GBP.

Learn More: GBPJPY | GBPUSD",,,,GBP - GDP (YoY) (Q4),,,,,,,,,,,,,,,,,,,,,,,,,,,
,,Forecast:,,,,GBPUSD.sd,,,,,,,,,,,,,,,,,,,,,,,,,,,,,,,,
,,Previous:,1.40%,,,,,,,,,,,,,,,,,,,,,,,,,,,,,,,,,,,
,,Time (GMT):,7:00,,,,,,,12:30,10:00,,,,,,,,,,,,,,,,,,,,,,,,,,,
,,Release Date,Actual,Forecast,Previous,Time,,,,Time IST,,,,,,,,,,,,,,,,,,,,,,,,,,,,
,,13-Feb-25,1.4%,1.1% ,1.0%,7:00,,,,12:30,,,,,,,,,,,,,,,,,,,,,,,,,,,,
,,23-Dec-24,0.9%,1.0% ,0.7%,7:00,,,,12:30,,,,,,,,,,,,,,,,,,,,,,,,,,,,
,,15-Nov-24,1.0%,0.1% ,0.7%,7:00,,,,12:30,,,,,,,,,,,,,,,,,,,,,,,,,,,,
,,30-Sep-24,0.7%,0.9% ,0.3%,6:00,,,,11:30,,,,,,,,,,,,,,,,,,,,,,,,,,,,
,,15-Aug-24,0.9%,0.9% ,0.3%,6:00,,,,11:30,,,,,,,,,,,,,,,,,,,,,,,,,,,,
,,28-Jun-24,0.3%,0.2% ,-0.2%,6:00,,,,11:30,,,,,,,,,,,,,,,,,,,,,,,,,,,,
,1,Event,USD - Core PCE Price Index (MoM) (Feb),,,Asset,Description,,,IST Time,MT5 server time,,,,,,,,,,,,,,,,,,,,,,,,,,,
,,Actual:,,,,C:EURUSD,"The Core Personal Consumption Expenditure (PCE) Price Index measures the changes in the price of goods and services purchased by consumers for the purpose of consumption, excluding food and energy. Unlike the fixed-weight CPI, PCE is chain-weighted and thus adjusts to changing consumer behaviour. Core PCE is the Fed's preferred inflation measure and thus receives greater attention.

A reading that is stronger than forecast is generally supportive (bullish) for the USD, while a weaker than forecast reading is generally negative (bearish) for the USD.

Learn More: USDJPY | EURUSD",,,,USD - Core PCE Price Index (MoM) (Feb),,,,,,,,,,,,,,,,,,,,,,,,,,,
,,Forecast:,,,,EURUSD.sd,,,,,,,,,,,,,,,,,,,,,,,,,,,,,,,,
,,Previous:, 0.00 ,,,,,,,,,,,,,,,,,,,,,,,,,,,,,,,,,,,
,,Time (GMT):,12:30,,,,,,,18:00,15:30,,,,,,,,,,,,,,,,,,,,,,,,,,,
,,Release Date,Actual,Forecast,Previous,Time,,,,Time IST,,,,,,,,,,,,,,,,,,,,,,,,,,,,
,,28-Feb-25,0.30%,0.3% ,0.20%,13:30,,,,19:00,,,,,,,,,,,,,,,,,,,,,,,,,,,,
,,31-Jan-25,0.20%,0.2% ,0.10%,13:30,,,,19:00,,,,,,,,,,,,,,,,,,,,,,,,,,,,
,,20-Dec-24,0.10%,0.2% ,0.30%,13:30,,,,19:00,,,,,,,,,,,,,,,,,,,,,,,,,,,,
,,27-Nov-24,0.30%,0.3% ,0.30%,15:00,,,,20:30,,,,,,,,,,,,,,,,,,,,,,,,,,,,
,,31-Oct-24,0.30%,0.3% ,0.20%,12:30,,,,18:00,,,,,,,,,,,,,,,,,,,,,,,,,,,,
,,27-Sep-24,0.10%,0.2% ,0.20%,12:30,,,,18:00,,,,,,,,,,,,,,,,,,,,,,,,,,,,
,1,Event,USD - Core PCE Price Index (YoY) (Feb),,,Asset,Description,,,IST Time,MT5 server time,,,,,,,,,,,,,,,,,,,,,,,,,,,
,,Actual:,,,,C:EURUSD,"The Core PCE price Index is the less volatile measure of the PCE price index which excludes the more volatile and seasonal food and energy prices. The impact on the currency may go both ways, a rise in inflation may lead to a rise in interest rates and a rise in local currency, on the other hand, during recession, a rise in inflation may lead to a deepened recession and therefore a fall in local currency.

Learn More: USDJPY | EURUSD",,,,USD - Core PCE Price Index (YoY) (Feb),,,,,,,,,,,,,,,,,,,,,,,,,,,
,,Forecast:,,,,EURUSD.sd,,,,,,,,,,,,,,,,,,,,,,,,,,,,,,,,
,,Previous:, 0.03 ,,,,,,,,,,,,,,,,,,,,,,,,,,,,,,,,,,,
,,Time (GMT):,12:30,,,,,,,18:00,15:30,,,,,,,,,,,,,,,,,,,,,,,,,,,
,,Release Date,Actual,Forecast,Previous,Time,,,,Time IST,,,,,,,,,,,,,,,,,,,,,,,,,,,,
,,28-Feb-25,2.6%,2.6% ,2.9%,13:30,,,,19:00,,,,,,,,,,,,,,,,,,,,,,,,,,,,
,,31-Jan-25,2.8%,2.8% ,2.8%,13:30,,,,19:00,,,,,,,,,,,,,,,,,,,,,,,,,,,,
,,20-Dec-24,2.8%,2.9% ,2.8%,13:30,,,,19:00,,,,,,,,,,,,,,,,,,,,,,,,,,,,
,,27-Nov-24,2.8%,2.8% ,2.7%,15:00,,,,20:30,,,,,,,,,,,,,,,,,,,,,,,,,,,,
,,31-Oct-24,2.7%,2.6% ,2.7%,12:30,,,,18:00,,,,,,,,,,,,,,,,,,,,,,,,,,,,
,,27-Sep-24,2.7%,2.7% ,2.6%,12:30,,,,18:00,,,,,,,,,,,,,,,,,,,,,,,,,,,,
x,1,Event,CNY - Manufacturing PMI (Mar),,,Asset,Description,,,IST Time,,,,,,,,,,,,,,,,,,,,,,,,,,,,
,,Actual:,,,,C:USDCNY,"China Manufacturing Purchasing Managers Index (PMI) provides an early indication each month of economic activities in the Chinese manufacturing sector. It is compiled by China Federation of Logistics & Purchasing (CFLP) and China Logistics Information Centre (CLIC), based on data collected by the National Bureau of Statistics (NBS).Li & Fung Research Centre is responsible for drafting and disseminating the English PMI report. Every month questionnaires are sent to over 700 manufacturing enterprises all over China. The data presented here is compiled from the enterprises responses about their purchasing activities and supply situations. The PMI should be compared to other economic data sources when used in decision-making.
A reading that is stronger than forecast is generally supportive (bullish) for the CNY , while a weaker than forecast reading is generally negative (bearish) for the CNY.

Learn More: USDCNY | USDCNH",,,,,,,,,,,,,,,,,,,,,,,,,,,,,,,
,,Forecast:,,,,USDCNY.sd,,,,,,,,,,,,,,,,,,,,,,,,,,,,,,,,
,,Previous:, 50.20 ,,,,,,,,,,,,,,,,,,,,,,,,,,,,,,,,,,,
,,Time (GMT):,1:30,,,,,,,7:00,,,,,,,,,,,,,,,,,,,,,,,,,,,,
,,Release Date,Actual,Forecast,Previous,Time,,,,Time IST,,,,,,,,,,,,,,,,,,,,,,,,,,,,
,,01-Mar-25, 50.20 , 50.0  , 49.10 ,1:30,,,,7:00,,,,,,,,,,,,,,,,,,,,,,,,,,,,
,,27-Jan-25, 49.10 , 50.1  , 50.10 ,1:30,,,,7:00,,,,,,,,,,,,,,,,,,,,,,,,,,,,
,,31-Dec-24, 50.10 , 50.3  , 50.30 ,1:30,,,,7:00,,,,,,,,,,,,,,,,,,,,,,,,,,,,
,,30-Nov-24, 50.30 , 50.2  , 50.10 ,1:30,,,,7:00,,,,,,,,,,,,,,,,,,,,,,,,,,,,
,,31-Oct-24, 50.10 , 49.8  , 49.80 ,1:30,,,,7:00,,,,,,,,,,,,,,,,,,,,,,,,,,,,
,,30-Sep-24, 49.80 , 49.4  , 49.10 ,1:30,,,,7:00,,,,,,,,,,,,,,,,,,,,,,,,,,,,
,1,Event,EUR - German CPI (MoM) (Mar) P,,,Asset,Description,,,IST Time,,,,,,,,,,,,,,,,,,,,,,,,,,,,
,,Actual:,,,,C:EURJPY,"The Consumer Price Index (CPI) measures the change in the prices of goods and services from the perspective of the consumer. As Germany has the largest output of any country in the euro-zone, the European Central bank pays very close attention to this figure in its role of maintaining price stability.

A reading that is stronger than forecast is generally supportive (bullish) for the EUR, while a weaker than forecast reading is generally negative (bearish) for the EUR.

Learn More: EURJPY| EURUSD",,,,,,,,,,,,,,,,,,,,,,,,,,,,,,,
,,Forecast:,,,,EURJPY.sd,,,,,,,,,,,,,,,,,,,,,,,,,,,,,,,,
,,Previous:,0.40%,,,,,,,,,,,,,,,,,,,,,,,,,,,,,,,,,,,
,,Time (GMT):,12:00,,,,,,,17:30,,,,,,,,,,,,,,,,,,,,,,,,,,,,
,,Release Date,Actual,Forecast,Previous,Time,,,,Time IST,,,,,,,,,,,,,,,,,,,,,,,,,,,,
,,14-Mar-25,0.40%,0.4% ,-0.20%,7:00,,,,12:30,,,,,,,,,,,,,,,,,,,,,,,,,,,,
,,28-Feb-25,0.40%,0.4% ,-0.20%,13:00,,,,18:30,,,,,,,,,,,,,,,,,,,,,,,,,,,,
,,13-Feb-25,-0.20%,-0.2% ,0.50%,7:00,,,,12:30,,,,,,,,,,,,,,,,,,,,,,,,,,,,
,,31-Jan-25,-0.20%,0.1% ,0.50%,13:00,,,,18:30,,,,,,,,,,,,,,,,,,,,,,,,,,,,
,,16-Jan-25,0.50%,0.4% ,-0.20%,7:00,,,,12:30,,,,,,,,,,,,,,,,,,,,,,,,,,,,
,,06-Jan-25,0.40%,0.3% ,-0.20%,13:00,,,,18:30,,,,,,,,,,,,,,,,,,,,,,,,,,,,
,1,Event,USD - Chicago PMI (Mar),,,Asset,Description,,,IST Time,,,,,,,,,,,,,,,,,,,,,,,,,,,,
,,Actual:,,,,C:USDJPY,"The Chicago Purchasing Managers' Index (PMI) is a diffusion index incorporating survey results provided by manufacturing firms around the Chicago area. A reading above fifty suggests the manufacturing sector is expanding, while a reading below fifty suggests the manufacturing sector is in contraction. The Chicago PMI can be of some assistance in forecasting the ISM manufacturing PMI.

A reading that is stronger than forecast is generally supportive (bullish) for the USD, while a weaker than forecast reading is generally negative (bearish) for the USD.

Learn More:USDJPY | EURUSD",,,,,,,,,,,,,,,,,,,,,,,,,,,,,,,
,,Forecast:,,,,USDJPY.sd,,,,,,,,,,,,,,,,,,,,,,,,,,,,,,,,
,,Previous:, 45.50 ,,,,,,,,,,,,,,,,,,,,,,,,,,,,,,,,,,,
,,Time (GMT):,13:45,,,,,,,19:15,,,,,,,,,,,,,,,,,,,,,,,,,,,,
,,Release Date,Actual,Forecast,Previous,Time,,,,Time IST,,,,,,,,,,,,,,,,,,,,,,,,,,,,
,,28-Feb-25, 45.5 , 40.5  , 39.5 ,14:45,,,,20:15,,,,,,,,,,,,,,,,,,,,,,,,,,,,
,,31-Jan-25, 39.5 , 40.3  , 36.9 ,14:45,,,,20:15,,,,,,,,,,,,,,,,,,,,,,,,,,,,
,,30-Dec-24, 36.9 , 42.7  , 40.2 ,14:45,,,,20:15,,,,,,,,,,,,,,,,,,,,,,,,,,,,
,,29-Nov-24, 40.2 , 44.9  , 41.6 ,14:45,,,,20:15,,,,,,,,,,,,,,,,,,,,,,,,,,,,
,,31-Oct-24, 41.6 , 46.9  , 46.6 ,13:45,,,,19:15,,,,,,,,,,,,,,,,,,,,,,,,,,,,
,,30-Sep-24, 46.6 , 46.1  , 46.1 ,13:45,,,,19:15,,,,,,,,,,,,,,,,,,,,,,,,,,,,
,1,Event,AUD - RBA Interest Rate Decision (Apr),,,Asset,Description,,,IST Time,,,,,,,,,,,,,,,,,,,,,,,,,,,,
,,Actual:,,,,C:AUDJPY,"The Reserve Bank of Australia (RBA) reports its decision on where to set the benchmark interest rate. As short term interest rates are an important determinant of currency valuation, traders watch interest rate changes closely.

A reading that is stronger than forecast is generally supportive (bullish) for the AUD, while a weaker than forecast reading is generally negative (bearish) for the AUD.

Learn More:AUDJPY | AUDUSD",,,,,,,,,,,,,,,,,,,,,,,,,,,,,,,
,,Forecast:,,,,AUDJPY.sd,,,,,,,,,,,,,,,,,,,,,,,,,,,,,,,,
,,Previous:,4.10%,,,,,,,,,,,,,,,,,,,,,,,,,,,,,,,,,,,
,,Time (GMT):,3:30,,,,,,,9:00,,,,,,,,,,,,,,,,,,,,,,,,,,,,
,,Release Date,Actual,Forecast,Previous,Time,,,,Time IST,,,,,,,,,,,,,,,,,,,,,,,,,,,,
,,18-Feb-25,4.10%,4.10% ,4.35%,3:30,,,,9:00,,,,,,,,,,,,,,,,,,,,,,,,,,,,
,,10-Dec-24,4.35%,4.35% ,4.35%,3:30,,,,9:00,,,,,,,,,,,,,,,,,,,,,,,,,,,,
,,05-Nov-24,4.35%,4.35% ,4.35%,3:30,,,,9:00,,,,,,,,,,,,,,,,,,,,,,,,,,,,
,,24-Sep-24,4.35%,4.35% ,4.35%,4:30,,,,10:00,,,,,,,,,,,,,,,,,,,,,,,,,,,,
,,06-Aug-24,4.35%,4.35% ,4.35%,4:30,,,,10:00,,,,,,,,,,,,,,,,,,,,,,,,,,,,
,,18-Jun-24,4.35%,4.35% ,4.35%,4:30,,,,10:00,,,,,,,,,,,,,,,,,,,,,,,,,,,,
,1,Event,EUR - CPI (YoY) (Mar) P,,,Asset,Description,,,IST Time,,,,,,,,,,,,,,,,,,,,,,,,,,,,
,,Actual:,,,,C:EURJPY,"The Consumer Price Index (CPI) measures the change in the prices of goods and services contained in a basket of consumer items. The Central bank pays very close attention to this figure in its role of maintaining price stability.

A reading that is stronger than forecast is generally supportive (bullish) for the EUR, while a weaker than forecast reading is generally negative (bearish) for the EUR.

Learn More:EURJPY | EURUSD",,,,,,,,,,,,,,,,,,,,,,,,,,,,,,,
,,Forecast:,,,,EURJPY.sd,,,,,,,,,,,,,,,,,,,,,,,,,,,,,,,,
,,Previous:,2.3%,,,,,,,,,,,,,,,,,,,,,,,,,,,,,,,,,,,
,,Time (GMT):,9:00,,,,,,,14:30,,,,,,,,,,,,,,,,,,,,,,,,,,,,
,,Release Date,Actual,Forecast,Previous,Time,,,,Time IST,,,,,,,,,,,,,,,,,,,,,,,,,,,,
,,19-Mar-25,2.3%,2.4% ,2.5%,10:00,,,,15:30,,,,,,,,,,,,,,,,,,,,,,,,,,,,
,,03-Mar-25,2.4%,2.3% ,2.5%,10:00,,,,15:30,,,,,,,,,,,,,,,,,,,,,,,,,,,,
,,24-Feb-25,2.5%,2.5% ,2.4%,10:00,,,,15:30,,,,,,,,,,,,,,,,,,,,,,,,,,,,
,,03-Feb-25,2.5%,2.4% ,2.4%,10:00,,,,15:30,,,,,,,,,,,,,,,,,,,,,,,,,,,,
,,17-Jan-25,2.4%,2.4% ,2.2%,10:00,,,,15:30,,,,,,,,,,,,,,,,,,,,,,,,,,,,
,,07-Jan-25,2.4%,2.4% ,2.2%,10:00,,,,15:30,,,,,,,,,,,,,,,,,,,,,,,,,,,,
,1,Event,USD - Manufacturing PMI (Mar),,,Asset,Description,,,IST Time,,,,,,,,,,,,,,,,,,,,,,,,,,,,
,,Actual:,,,,C:EURJPY,"The Manufacturing Purchasing Managers' Index (PMI) is a diffusion index incorporating survey results provided by manufacturing firms throughout the country. A reading above fifty suggests the manufacturing sector is expanding, while a reading below fifty suggests the manufacturing sector is in contraction. Policymakers and traders watch these surveys closely as purchasing managers usually have early access to data about their company’s performance, rather than waiting for the hard data to emerge. While manufacturing accounts for a far smaller percentage of economic output than services, it is far more cyclical and is therefore a useful indicator of where in the economic cycle the economy is currently situated. A reading that is stronger than forecast is generally supportive (bullish) for the USD while a weaker than forecast reading is generally negative (bearish) for the USD.

Learn More:USDJPY | EURUSD",,,,,,,,,,,,,,,,,,,,,,,,,,,,,,,
,,Forecast:,,,,EURJPY.sd,,,,,,,,,,,,,,,,,,,,,,,,,,,,,,,,
,,Previous:,5270.0%,,,,,,,,,,,,,,,,,,,,,,,,,,,,,,,,,,,
,,Time (GMT):,13:45,,,,,,,19:15,,,,,,,,,,,,,,,,,,,,,,,,,,,,
,,Release Date,Actual,Forecast,Previous,Time,,,,Time IST,,,,,,,,,,,,,,,,,,,,,,,,,,,,
,,24-Mar-25, 49.80 , 51.9  , 52.70 ,13:45,,,,19:15,,,,,,,,,,,,,,,,,,,,,,,,,,,,
,,03-Mar-25, 52.70 , 51.6  , 51.20 ,14:45,,,,20:15,,,,,,,,,,,,,,,,,,,,,,,,,,,,
,,24-Mar-25, 49.80 , 51.9  , 52.70 ,13:45,,,,19:15,,,,,,,,,,,,,,,,,,,,,,,,,,,,
,,03-Mar-25, 52.70 , 51.6  , 51.20 ,14:45,,,,20:15,,,,,,,,,,,,,,,,,,,,,,,,,,,,
,,24-Mar-25, 49.80 , 51.9  , 52.70 ,13:45,,,,19:15,,,,,,,,,,,,,,,,,,,,,,,,,,,,
,,03-Mar-25, 52.70 , 51.6  , 51.20 ,14:45,,,,20:15,,,,,,,,,,,,,,,,,,,,,,,,,,,,
,1,Event,USD - ISM Manufacturing PMI (Mar),,,Asset,Description,,,IST Time,,,,,,,,,,,,,,,,,,,,,,,,,,,,
,,Actual:,,,,C:USDJPY,"The Institute of Supply Management (ISM) Manufacturing Purchasing Managers Index (PMI) Report on Business is based on data compiled from monthly replies to questions asked of purchasing and supply executives in over 400 industrial companies across the United States. For each of the indicators measured (New Orders, Backlog of Orders, New Export Orders, Imports, Production, Supplier Deliveries, Inventories, Customers Inventories, Employment, and Prices), a diffusion index is calculated by adding the percent of positive responses plus one-half of those responding the same (considered positive). The resulting single index number is then seasonally adjusted.

The PMI is a composite index based on the seasonally adjusted diffusion indices for five of the indicators with differing weights: New Orders --30% Production --25% Employment --20% Supplier Deliveries --15% and Inventories -- 10%.

A reading that is stronger than forecast is generally supportive (bullish) for the USD, while a weaker than forecast reading is generally negative (bearish) for the USD.

Learn More:USDJPY | EURUSD",,,,,,,,,,,,,,,,,,,,,,,,,,,,,,,
,,Forecast:,,,,USDJPY.sd,,,,,,,,,,,,,,,,,,,,,,,,,,,,,,,,
,,Previous:, 50.30 ,,,,,,,,,,,,,,,,,,,,,,,,,,,,,,,,,,,
,,Time (GMT):,14:00,,,,,,,19:30,,,,,,,,,,,,,,,,,,,,,,,,,,,,
,,Release Date,Actual,Forecast,Previous,Time,,,,Time IST,,,,,,,,,,,,,,,,,,,,,,,,,,,,
,,03-Mar-25,50.3,50.6 ,50.9,15:00,,,,20:30,,,,,,,,,,,,,,,,,,,,,,,,,,,,
,,03-Feb-25,50.9,49.3 ,49.2,15:00,,,,20:30,,,,,,,,,,,,,,,,,,,,,,,,,,,,
,,03-Jan-25,49.3,48.2 ,48.4,15:00,,,,20:30,,,,,,,,,,,,,,,,,,,,,,,,,,,,
,,02-Dec-24,48.4,47.7 ,46.5,15:00,,,,20:30,,,,,,,,,,,,,,,,,,,,,,,,,,,,
,,01-Nov-24,46.5,47.6 ,47.2,14:00,,,,19:30,,,,,,,,,,,,,,,,,,,,,,,,,,,,
,,01-Oct-24,47.2,47.6 ,47.2,14:00,,,,19:30,,,,,,,,,,,,,,,,,,,,,,,,,,,,
,1,Event,USD - ISM Manufacturing Prices (Mar),,,Asset,Description,,,IST Time,,,,,,,,,,,,,,,,,,,,,,,,,,,,
,,Actual:,,,,C:USDJPY,"The Institute of Supply Management (ISM) Manufacturing Purchasing Managers Index (PMI) Report on Business is based on data compiled from monthly replies to questions asked of purchasing and supply executives in over 400 industrial companies. For each of the indicators measured (New Orders, Backlog of Orders, New Export Orders, Imports, Production, Supplier Deliveries, Inventories, Customers Inventories, Employment, and Prices), this report shows the percentage reporting each response, the net difference between the number of responses in the positive economic direction and the negative economic direction and the diffusion index. Responses are raw data and are never changed.

The diffusion index includes the percent of positive responses plus one-half of those responding the same (considered positive). The resulting single index number is then seasonally adjusted to allow for the effects of repetitive intra-year variations resulting primarily from normal differences in weather conditions, various institutional arrangements, and differences attributable to non-moveable holidays. All seasonal adjustment factors are supplied by the U.S. Department of Commerce and are subject annually to relatively minor changes when conditions warrant them.

The PMI is a composite index based on the seasonally adjusted diffusion indices for five of the indicators with varying weights: New Orders --30% Production --25% Employment --20% Supplier Deliveries --15% and Inventories -- 10%.

The Prices Paid subcategory is a diffusion index calculated by adding the percent of responses indicating they paid more for inputs plus one-half of those responding that they paid the same for inputs. The resulting single index number is then seasonally adjusted.

The Prices Paid diffusion index is one of a number of indicators pointing to the degree of inflationary pressures in the economy.

A higher than expected reading should be taken as positive/bullish for the USD, while a lower than expected reading should be taken as negative/bearish for the USD.

Learn More:USDJPY | EURUSD",,,,,,,,,,,,,,,,,,,,,,,,,,,,,,,
,,Forecast:,,,,USDJPY.sd,,,,,,,,,,,,,,,,,,,,,,,,,,,,,,,,
,,Previous:, 62.40 ,,,,,,,,,,,,,,,,,,,,,,,,,,,,,,,,,,,
,,Time (GMT):,14:00,,,,,,,19:30,,,,,,,,,,,,,,,,,,,,,,,,,,,,
,,Release Date,Actual,Forecast,Previous,Time,,,,Time IST,,,,,,,,,,,,,,,,,,,,,,,,,,,,
,,03-Mar-25, 62.4 , 56.2  , 54.9 ,15:00,,,,20:30,,,,,,,,,,,,,,,,,,,,,,,,,,,,
,,03-Feb-25, 54.9 , 52.6  , 52.5 ,15:00,,,,20:30,,,,,,,,,,,,,,,,,,,,,,,,,,,,
,,03-Jan-25, 52.5 , 51.5  , 50.3 ,15:00,,,,20:30,,,,,,,,,,,,,,,,,,,,,,,,,,,,
,,02-Dec-24, 50.3 , 55.2  , 54.8 ,15:00,,,,20:30,,,,,,,,,,,,,,,,,,,,,,,,,,,,
,,01-Nov-24, 54.8 , 49.9  , 48.3 ,14:00,,,,19:30,,,,,,,,,,,,,,,,,,,,,,,,,,,,
,,01-Oct-24, 48.3 , 53.5  , 54.0 ,14:00,,,,19:30,,,,,,,,,,,,,,,,,,,,,,,,,,,,
,1,Event,USD - JOLTS Job Openings (Feb),,,Asset,Description,,,IST Time,,,,,,,,,,,,,,,,,,,,,,,,,,,,
,,Actual:,,,,C:USDJPY,"
A survey done by the US Bureau of Labor Statistics to help measure job vacancies. It collects data from employers about their businesses' employment, job openings, recruitment, hires and separations.
JOLTS defines Job Openings as all positions that are open (not filled) on the last business day of the month. A job is ""open"" only if it meets all three of the following conditions:
1. A specific position exists and there is work available for that position.
2. The job could start within 30 days, whether or not the establishment finds a suitable candidate during that time.
3. There is active recruiting for workers from outside the establishment location that has the opening.
A reading that is stronger than forecast is generally supportive (bullish) for the USD, while a weaker than forecast reading is generally negative (bearish) for the USD.

Learn More:USDJPY | EURUSD",,,,,,,,,,,,,,,,,,,,,,,,,,,,,,,
,,Forecast:,,,,USDJPY.sd,,,,,,,,,,,,,,,,,,,,,,,,,,,,,,,,
,,Previous:, 7.740M ,,,,,,,,,,,,,,,,,,,,,,,,,,,,,,,,,,,
,,Time (GMT):,14:00,,,,,,,19:30,,,,,,,,,,,,,,,,,,,,,,,,,,,,
,,Release Date,Actual,Forecast,Previous,Time,,,,Time IST,,,,,,,,,,,,,,,,,,,,,,,,,,,,
,,11-Mar-25,7.740,7.650,7.508,14:00,,,,19:30,,,,,,,,,,,,,,,,,,,,,,,,,,,,
,,04-Feb-25,7.600,8.010,8.156,15:00,,,,20:30,,,,,,,,,,,,,,,,,,,,,,,,,,,,
,,07-Jan-25,8.098,7.730,7.839,15:00,,,,20:30,,,,,,,,,,,,,,,,,,,,,,,,,,,,
,,03-Dec-24,7.744,7.510,7.372,15:00,,,,20:30,,,,,,,,,,,,,,,,,,,,,,,,,,,,
,,29-Oct-24,7.443,7.980,7.861,14:00,,,,19:30,,,,,,,,,,,,,,,,,,,,,,,,,,,,
,,01-Oct-24,8.040,7.640,7.711,14:00,,,,19:30,,,,,,,,,,,,,,,,,,,,,,,,,,,,
,1,Event,USD - ADP Nonfarm Employment Change (Mar),,,Asset,Description,,,IST Time,,,,,,,,,,,,,,,,,,,,,,,,,,,,
,,Actual:,,,,C:USDJPY,"

ADP is performs payroll services for its clients. The ADP National Employment Report is a measure of the monthly change in non-farm, private employment, based on the payroll data of approximately 400,000 U.S. business clients. The release, two days ahead of government data, is used as a predictor of the government's Labour Market Report.

A reading that is stronger than forecast is generally supportive (bullish) for the USD, while a weaker than forecast reading is generally negative (bearish) for the USD.

Learn More:USDJPY | EURUSD",,,,,,,,,,,,,,,,,,,,,,,,,,,,,,,
,,Forecast:,,,,USDJPY.sd,,,,,,,,,,,,,,,,,,,,,,,,,,,,,,,,
,,Previous:,77K,,,,,,,,,,,,,,,,,,,,,,,,,,,,,,,,,,,
,,Time (GMT):,12:15,,,,,,,17:45,,,,,,,,,,,,,,,,,,,,,,,,,,,,
,,Release Date,Actual,Forecast,Previous,Time,,,,Time IST,,,,,,,,,,,,,,,,,,,,,,,,,,,,
,,05-Mar-25,77,141,186,13:15,,,,18:45,,,,,,,,,,,,,,,,,,,,,,,,,,,,
,,05-Feb-25,183,148,176,13:15,,,,18:45,,,,,,,,,,,,,,,,,,,,,,,,,,,,
,,08-Jan-25,122,139,146,13:15,,,,18:45,,,,,,,,,,,,,,,,,,,,,,,,,,,,
,,04-Dec-24,146,166,184,13:15,,,,18:45,,,,,,,,,,,,,,,,,,,,,,,,,,,,
,,30-Oct-24,233,110,159,12:15,,,,17:45,,,,,,,,,,,,,,,,,,,,,,,,,,,,
,,02-Oct-24,143,124,103,12:15,,,,17:45,,,,,,,,,,,,,,,,,,,,,,,,,,,,
,1,Event,USD - Crude Oil Inventories,,,Asset,Description,,,IST Time,,,,,,,,,,,,,,,,,,,,,,,,,,,,
,,Actual:,,,,USOILRoll,"

ADP is performs payroll services for its clients. The ADP National Employment Report is a measure of the monthly change in non-farm, private employment, based on the payroll data of approximately 400,000 U.S. business clients. The release, two days ahead of government data, is used as a predictor of the government's Labour Market Report.

A reading that is stronger than forecast is generally supportive (bullish) for the USD, while a weaker than forecast reading is generally negative (bearish) for the USD.

Learn More:USDJPY | EURUSD",,,,,,,,,,,,,,,,,,,,,,,,,,,,,,,
,,Forecast:,,,,USOILRoll,,,,,,,,,,,,,,,,,,,,,,,,,,,,,,,,
,,Previous:,-3.341M,,,,,,,,,,,,,,,,,,,,,,,,,,,,,,,,,,,
,,Time (GMT):,14:30,,,,,,,20:00,,,,,,,,,,,,,,,,,,,,,,,,,,,,
,,Release Date,Actual,Forecast,Previous,Time,,,,Time IST,,,,,,,,,,,,,,,,,,,,,,,,,,,,
,,26-Mar-25,-3.34,1.500,1.745,14:30,,,,20:00,,,,,,,,,,,,,,,,,,,,,,,,,,,,
,,19-Mar-25,1.745,0.800,1.448,13:30,,,,19:00,,,,,,,,,,,,,,,,,,,,,,,,,,,,
,,12-Mar-25,1.448,2.100,3.614,13:30,,,,19:00,,,,,,,,,,,,,,,,,,,,,,,,,,,,
,,05-Mar-25,3.614,0.600,-2.33,15:30,,,,21:00,,,,,,,,,,,,,,,,,,,,,,,,,,,,
,,26-Feb-25,-2.33,2.500,4.633,15:00,,,,20:30,,,,,,,,,,,,,,,,,,,,,,,,,,,,
,,20-Feb-25,4.633,3.200,4.070,17:00,,,,22:30,,,,,,,,,,,,,,,,,,,,,,,,,,,,
,1,Event,USD - Initial Jobless Claims,,,Asset,Description,,,IST Time,,,,,,,,,,,,,,,,,,,,,,,,,,,,
,,Actual:,,,,C:USDJPY,"
The Energy Information Administration's (EIA) Crude Oil Inventories measures the weekly change in the number of barrels of commercial crude oil held by US firms. The level of inventories influences the price of petroleum products, which can have an impact on inflation.

If the increase in crude inventories is more than expected, it implies weaker demand and is bearish for crude prices. The same can be said if a decline in inventories is less than expected.
If the increase in crude is less than expected, it implies greater demand and is bullish for crude prices. The same can be said if a decline in inventories is more than expected.

Learn More:USOILRoll",,,,,,,,,,,,,,,,,,,,,,,,,,,,,,,
,,Forecast:,,,,USDJPY.sd,,,,,,,,,,,,,,,,,,,,,,,,,,,,,,,,
,,Previous:,224K,,,,,,,,,,,,,,,,,,,,,,,,,,,,,,,,,,,
,,Time (GMT):,12:30,,,,,,,18:00,,,,,,,,,,,,,,,,,,,,,,,,,,,,
,,Release Date,Actual,Forecast,Previous,Time,,,,Time IST,,,,,,,,,,,,,,,,,,,,,,,,,,,,
,,27-Mar-25,,225,223,12:30,,,,18:00,,,,,,,,,,,,,,,,,,,,,,,,,,,,
,,20-Mar-25,223,224,221,12:30,,,,18:00,,,,,,,,,,,,,,,,,,,,,,,,,,,,
,,13-Mar-25,220,226,222,12:30,,,,18:00,,,,,,,,,,,,,,,,,,,,,,,,,,,,
,,06-Mar-25,221,234,242,13:30,,,,19:00,,,,,,,,,,,,,,,,,,,,,,,,,,,,
,,27-Feb-25,242,222,220,13:30,,,,19:00,,,,,,,,,,,,,,,,,,,,,,,,,,,,
,,20-Feb-25,219,215,214,13:30,,,,19:00,,,,,,,,,,,,,,,,,,,,,,,,,,,,
,1,Event,USD - Services PMI (Mar),,,Asset,Description,,,IST Time,,,,,,,,,,,,,,,,,,,,,,,,,,,,
,,Actual:,,,,C:USDJPY,"The Institute of Supply Management (ISM) Non-Manufacturing Purchasing Managers' Index (PMI) (also known as the ISM Services PMI) report on Business, is based on data compiled from monthly replies to questions asked of more than 370 purchasing and supply executives in over 62 different industries.

The NMI is a composite index based on the diffusion indexes for four of the indicators with equal weights: Business Activity (seasonally adjusted), New Orders (seasonally adjusted), Employment (seasonally adjusted) and Supplier Deliveries.

A reading above 50 percent indicates the non-manufacturing sector economy is generally expanding; below 50 percent indicates the non-manufacturing sector is generally contracting. Given the large proportion of the US economy engaged in the services sector, this report offers insights into the health of the overall US economy.

A reading that is stronger than forecast is generally supportive (bullish) for the USD, while a weaker than forecast reading is generally negative (bearish) for the USD.

Learn More:USDJPY | EURUSD",,,,,,,,,,,,,,,,,,,,,,,,,,,,,,,
,,Forecast:,,,,USDJPY.sd,,,,,,,,,,,,,,,,,,,,,,,,,,,,,,,,
,,Previous:, 51.00 ,,,,,,,,,,,,,,,,,,,,,,,,,,,,,,,,,,,
,,Time (GMT):,14:00,,,,,,,19:30,,,,,,,,,,,,,,,,,,,,,,,,,,,,
,,Release Date,Actual,Forecast,Previous,Time,,,,Time IST,,,,,,,,,,,,,,,,,,,,,,,,,,,,
,,24-Mar-25, 54.30 , 51.2  , 51.00 ,13:45,,,,19:15,,,,,,,,,,,,,,,,,,,,,,,,,,,,
,,05-Mar-25, 51.00 , 49.7  , 52.90 ,14:45,,,,20:15,,,,,,,,,,,,,,,,,,,,,,,,,,,,
,,24-Mar-25, 54.30 , 51.2  , 51.00 ,13:45,,,,19:15,,,,,,,,,,,,,,,,,,,,,,,,,,,,
,,05-Mar-25, 51.00 , 49.7  , 52.90 ,14:45,,,,20:15,,,,,,,,,,,,,,,,,,,,,,,,,,,,
,,24-Mar-25, 54.30 , 51.2  , 51.00 ,13:45,,,,19:15,,,,,,,,,,,,,,,,,,,,,,,,,,,,
,,05-Mar-25, 51.00 , 49.7  , 52.90 ,14:45,,,,20:15,,,,,,,,,,,,,,,,,,,,,,,,,,,,
,1,Event,USD - ISM Non-Manufacturing PMI (Mar),,,Asset,Description,,,IST Time,,,,,,,,,,,,,,,,,,,,,,,,,,,,
,,Actual:,,,,C:USDJPY,"The Institute of Supply Management (ISM) Non-Manufacturing Purchasing Managers' Index (PMI) (also known as the ISM Services PMI) report on Business, is based on data compiled from monthly replies to questions asked of more than 370 purchasing and supply executives in over 62 different industries.

The NMI is a composite index based on the diffusion indexes for four of the indicators with equal weights: Business Activity (seasonally adjusted), New Orders (seasonally adjusted), Employment (seasonally adjusted) and Supplier Deliveries.

A reading above 50 percent indicates the non-manufacturing sector economy is generally expanding; below 50 percent indicates the non-manufacturing sector is generally contracting. Given the large proportion of the US economy engaged in the services sector, this report offers insights into the health of the overall US economy.

A reading that is stronger than forecast is generally supportive (bullish) for the USD, while a weaker than forecast reading is generally negative (bearish) for the USD.

Learn More:USDJPY | EURUSD",,,,,,,,,,,,,,,,,,,,,,,,,,,,,,,
,,Forecast:,,,,USDJPY.sd,,,,,,,,,,,,,,,,,,,,,,,,,,,,,,,,
,,Previous:, 53.50 ,,,,,,,,,,,,,,,,,,,,,,,,,,,,,,,,,,,
,,Time (GMT):,14:00,,,,,,,19:30,,,,,,,,,,,,,,,,,,,,,,,,,,,,
,,Release Date,Actual,Forecast,Previous,Time,,,,Time IST,,,,,,,,,,,,,,,,,,,,,,,,,,,,
,,05-Mar-25, 53.50 , 52.5  , 52.80 ,15:00,,,,20:30,,,,,,,,,,,,,,,,,,,,,,,,,,,,
,,05-Feb-25, 52.80 , 54.2  , 54.00 ,15:00,,,,20:30,,,,,,,,,,,,,,,,,,,,,,,,,,,,
,,07-Jan-25, 54.10 , 53.5  , 52.10 ,15:00,,,,20:30,,,,,,,,,,,,,,,,,,,,,,,,,,,,
,,04-Dec-24, 52.10 , 55.5  , 56.00 ,15:00,,,,20:30,,,,,,,,,,,,,,,,,,,,,,,,,,,,
,,05-Nov-24, 56.00 , 53.8  , 54.90 ,15:00,,,,20:30,,,,,,,,,,,,,,,,,,,,,,,,,,,,
,,03-Oct-24, 54.90 , 51.7  , 51.50 ,14:00,,,,19:30,,,,,,,,,,,,,,,,,,,,,,,,,,,,
,1,Event,USD - ISM Non-Manufacturing Prices (Mar),,,Asset,Description,,,IST Time,,,,,,,,,,,,,,,,,,,,,,,,,,,,
,,Actual:,,,,C:USDJPY,"The Institute of Supply Management (ISM) Non-Manufacturing Purchasing Managers' Index (PMI) (also known as the ISM Services PMI) report on Business, is based on data compiled from monthly replies to questions asked of more than 370 purchasing and supply executives in over 62 different industries.

The Prices Paid subcategory is a diffusion index calculated by adding the percent of responses indicating they paid more for inputs plus one-half of those responding that they paid the same for inputs. The resulting single index number is then seasonally adjusted.

The Prices Paid diffusion index is one of a number of indicators pointing to the degree of inflationary pressures in the economy.

A reading that is stronger than forecast is generally supportive (bullish) for the USD, while a weaker than forecast reading is generally negative (bearish) for the USD.

Learn More:USDJPY | EURUSD",,,,,,,,,,,,,,,,,,,,,,,,,,,,,,,
,,Forecast:,,,,USDJPY.sd,,,,,,,,,,,,,,,,,,,,,,,,,,,,,,,,
,,Previous:, 62.60 ,,,,,,,,,,,,,,,,,,,,,,,,,,,,,,,,,,,
,,Time (GMT):,14:00,,,,,,,19:30,,,,,,,,,,,,,,,,,,,,,,,,,,,,
,,Release Date,Actual,Forecast,Previous,Time,,,,Time IST,,,,,,,,,,,,,,,,,,,,,,,,,,,,
,,05-Mar-25, 62.60 , 60.0  , 60.40 ,15:00,,,,20:30,,,,,,,,,,,,,,,,,,,,,,,,,,,,
,,05-Feb-25, 60.40 ,    , 64.40 ,15:00,,,,20:30,,,,,,,,,,,,,,,,,,,,,,,,,,,,
,,07-Jan-25, 64.40 , 57.5  , 58.20 ,15:00,,,,20:30,,,,,,,,,,,,,,,,,,,,,,,,,,,,
,,04-Dec-24, 58.20 , 56.4  , 58.10 ,15:00,,,,20:30,,,,,,,,,,,,,,,,,,,,,,,,,,,,
,,05-Nov-24, 58.10 , 58.0  , 59.40 ,15:00,,,,20:30,,,,,,,,,,,,,,,,,,,,,,,,,,,,
,,03-Oct-24, 59.40 , 56.3  , 57.30 ,14:00,,,,19:30,,,,,,,,,,,,,,,,,,,,,,,,,,,,
,1,Event,HKD - Hong Kong - Ching Ming Festival,,,Asset,Description,,,IST Time,,,,,,,,,,,,,,,,,,,,,,,,,,,,
,,Actual:,,,,C:USDJPY,"[]

Learn More: []",,,,,,,,,,,,,,,,,,,,,,,,,,,,,,,
,,Forecast:,,,,USDJPY.sd,,,,,,,,,,,,,,,,,,,,,,,,,,,,,,,,
,,Previous:, -   ,,,,,,,,,,,,,,,,,,,,,,,,,,,,,,,,,,,
,,Time (GMT):,#VALUE!,,,,,,,All Day,,,,,,,,,,,,,,,,,,,,,,,,,,,,
,,Release Date,Actual,Forecast,Previous,Time,,,,Time IST,,,,,,,,,,,,,,,,,,,,,,,,,,,,
,,29-Jan-25, 0.03 , 3.00%  , 0.03 ,15:00,,,,20:30,,,,,,,,,,,,,,,,,,,,,,,,,,,,
,,11-Dec-24, 0.03 , 3.25%  , 0.04 ,15:00,,,,20:30,,,,,,,,,,,,,,,,,,,,,,,,,,,,
,,23-Oct-24, 0.04 , 3.75%  , 0.04 ,15:00,,,,20:30,,,,,,,,,,,,,,,,,,,,,,,,,,,,
,,04-Sep-24, 0.04 , 4.25%  , 0.05 ,15:00,,,,20:30,,,,,,,,,,,,,,,,,,,,,,,,,,,,
,,24-Jul-24, 0.05 , 4.50%  , 0.05 ,15:00,,,,20:30,,,,,,,,,,,,,,,,,,,,,,,,,,,,
,,05-Jun-24, 0.05 , 4.75%  , 0.05 ,14:00,,,,19:30,,,,,,,,,,,,,,,,,,,,,,,,,,,,
,1,Event,CNY - China - Ching Ming Festival,,,Asset,Description,,,IST Time,,,,,,,,,,,,,,,,,,,,,,,,,,,,
,,Actual:,,,,C:USDJPY,"[]

Learn More: []",,,,,,,,,,,,,,,,,,,,,,,,,,,,,,,
,,Forecast:,,,,USDJPY.sd,,,,,,,,,,,,,,,,,,,,,,,,,,,,,,,,
,,Previous:, -   ,,,,,,,,,,,,,,,,,,,,,,,,,,,,,,,,,,,
,,Time (GMT):,18:30,,,,,,,0:00,,,,,,,,,,,,,,,,,,,,,,,,,,,,
,,Release Date,Actual,Forecast,Previous,Time,,,,Time IST,,,,,,,,,,,,,,,,,,,,,,,,,,,,
,,29-Jan-25, -   , -   , -   ,15:00,,,,20:30,,,,,,,,,,,,,,,,,,,,,,,,,,,,
,,18-Dec-24, -   , -   , -   ,15:00,,,,20:30,,,,,,,,,,,,,,,,,,,,,,,,,,,,
,,07-Nov-24, -   , -   , -   ,15:00,,,,20:30,,,,,,,,,,,,,,,,,,,,,,,,,,,,
,,18-Sep-24, -   , -   , -   ,15:00,,,,20:30,,,,,,,,,,,,,,,,,,,,,,,,,,,,
,,31-Jul-24, -   , -   , -   ,15:00,,,,20:30,,,,,,,,,,,,,,,,,,,,,,,,,,,,
,,12-Jun-24, -   , -   , -   ,14:00,,,,19:30,,,,,,,,,,,,,,,,,,,,,,,,,,,,
,1,Event,USD - Average Hourly Earnings (MoM) (Mar),,,Asset,Description,,,IST Time,,,,,,,,,,,,,,,,,,,,,,,,,,,,
,,Actual:,,,,C:USDJPY,"Average Hourly Earnings measures the change in the amount of money businesses pay for labour, excluding the agricultural sector.

A reading that is stronger than forecast is generally supportive (bullish) for the USD, while a weaker than forecast reading is generally negative (bearish) for the USD.

Learn More:USDJPY | EURUSD",,,,,,,,,,,,,,,,,,,,,,,,,,,,,,,
,,Forecast:,,,,USDJPY.sd,,,,,,,,,,,,,,,,,,,,,,,,,,,,,,,,
,,Previous:, 0.00 ,,,,,,,,,,,,,,,,,,,,,,,,,,,,,,,,,,,
,,Time (GMT):,12:30,,,,,,,18:00,,,,,,,,,,,,,,,,,,,,,,,,,,,,
,,Release Date,Actual,Forecast,Previous,Time,,,,Time IST,,,,,,,,,,,,,,,,,,,,,,,,,,,,
,,07-Mar-25,0.3%,0.3% ,0.4%,13:30,,,,19:00,,,,,,,,,,,,,,,,,,,,,,,,,,,,
,,07-Feb-25,0.5%,0.3% ,0.3%,13:30,,,,19:00,,,,,,,,,,,,,,,,,,,,,,,,,,,,
,,10-Jan-25,0.3%,0.3% ,0.4%,13:30,,,,19:00,,,,,,,,,,,,,,,,,,,,,,,,,,,,
,,06-Dec-24,0.4%,0.3% ,0.4%,13:30,,,,19:00,,,,,,,,,,,,,,,,,,,,,,,,,,,,
,,01-Nov-24,0.4%,0.3% ,0.3%,12:30,,,,18:00,,,,,,,,,,,,,,,,,,,,,,,,,,,,
,,04-Oct-24,0.4%,0.3% ,0.5%,12:30,,,,18:00,,,,,,,,,,,,,,,,,,,,,,,,,,,,
,1,Event,USD - Nonfarm Payrolls (Mar),,,Asset,Description,,,IST Time,,,,,,,,,,,,,,,,,,,,,,,,,,,,
,,Actual:,,,,C:USDJPY,"Nonfarm Payrolls measures the change in the number of people employed during the prior month, excluding workers in the farming industry. Given that full employment is one of the Federal Reserves mandates, it is very closely watched.

A reading that is stronger than forecast is generally supportive (bullish) for the USD, while a weaker than forecast reading is generally negative (bearish) for the USD.

Learn More:USDJPY | EURUSD",,,,,,,,,,,,,,,,,,,,,,,,,,,,,,,
,,Forecast:,,,,USDJPY.sd,,,,,,,,,,,,,,,,,,,,,,,,,,,,,,,,
,,Previous:, 151K ,,,,,,,,,,,,,,,,,,,,,,,,,,,,,,,,,,,
,,Time (GMT):,12:30,,,,,,,18:00,,,,,,,,,,,,,,,,,,,,,,,,,,,,
,,Release Date,Actual,Forecast,Previous,Time,,,,Time IST,,,,,,,,,,,,,,,,,,,,,,,,,,,,
,,07-Mar-25, 151 , 159 , 125 ,13:30,,,,19:00,,,,,,,,,,,,,,,,,,,,,,,,,,,,
,,07-Feb-25, 143 , 169 , 307 ,13:30,,,,19:00,,,,,,,,,,,,,,,,,,,,,,,,,,,,
,,10-Jan-25, 256 , 164 , 212 ,13:30,,,,19:00,,,,,,,,,,,,,,,,,,,,,,,,,,,,
,,06-Dec-24, 227 , 202 , 36 ,13:30,,,,19:00,,,,,,,,,,,,,,,,,,,,,,,,,,,,
,,01-Nov-24, 12 , 106 , 223 ,12:30,,,,18:00,,,,,,,,,,,,,,,,,,,,,,,,,,,,
,,04-Oct-24, 254 , 147 , 159 ,12:30,,,,18:00,,,,,,,,,,,,,,,,,,,,,,,,,,,,
,1,Event,USD - Unemployment Rate (Mar),,,Asset,Description,,,IST Time,,,,,,,,,,,,,,,,,,,,,,,,,,,,
,,Actual:,,,,C:USDJPY,"The Unemployment Rate measures the percentage of the total work force that is not working, yet actively seeking employment.

A reading that is higher than forecast is generally negative (bearish) for the USD, while a lower than forecast reading is generally supportive (bullish) for the USD.

Learn More:USDJPY | EURUSD",,,,,,,,,,,,,,,,,,,,,,,,,,,,,,,
,,Forecast:,,,,USDJPY.sd,,,,,,,,,,,,,,,,,,,,,,,,,,,,,,,,
,,Previous:, 0.04 ,,,,,,,,,,,,,,,,,,,,,,,,,,,,,,,,,,,
,,Time (GMT):,12:30,,,,,,,18:00,,,,,,,,,,,,,,,,,,,,,,,,,,,,
,,Release Date,Actual,Forecast,Previous,Time,,,,Time IST,,,,,,,,,,,,,,,,,,,,,,,,,,,,
,,07-Mar-25,4.1%,4.0% ,4.0%,13:30,,,,19:00,,,,,,,,,,,,,,,,,,,,,,,,,,,,
,,07-Feb-25,4.0%,4.1% ,4.1%,13:30,,,,19:00,,,,,,,,,,,,,,,,,,,,,,,,,,,,
,,10-Jan-25,4.1%,4.2% ,4.2%,13:30,,,,19:00,,,,,,,,,,,,,,,,,,,,,,,,,,,,
,,06-Dec-24,4.2%,4.2% ,4.1%,13:30,,,,19:00,,,,,,,,,,,,,,,,,,,,,,,,,,,,
,,01-Nov-24,4.1%,4.1% ,4.1%,12:30,,,,18:00,,,,,,,,,,,,,,,,,,,,,,,,,,,,
,,04-Oct-24,4.1%,4.2% ,4.2%,12:30,,,,18:00,,,,,,,,,,,,,,,,,,,,,,,,,,,,
,1,Event,USD - Fed Chair Powell Speaks,,,Asset,Description,,,IST Time,,,,,,,,,,,,,,,,,,,,,,,,,,,,
,,Actual:,,,,C:USDJPY,"Federal Reserve Chair Jerome Powell is to speak. As head of the Fed, which controls short term interest rates, he has more influence over the U.S. dollar's value than any other person. Traders closely watch his speeches as they are often used to drop hints regarding future monetary policy.

Learn More:USDJPY | EURUSD",,,,,,,,,,,,,,,,,,,,,,,,,,,,,,,
,,Forecast:,,,,USDJPY.sd,,,,,,,,,,,,,,,,,,,,,,,,,,,,,,,,
,,Previous:, 18.10 ,,,,,,,,,,,,,,,,,,,,,,,,,,,,,,,,,,,
,,Time (GMT):,15:25,,,,,,,20:55,,,,,,,,,,,,,,,,,,,,,,,,,,,,
,,Release Date,Actual,Forecast,Previous,Time,,,,Time IST,,,,,,,,,,,,,,,,,,,,,,,,,,,,
,,06-Mar-25,,,,17:30,,,,23:00,,,,,,,,,,,,,,,,,,,,,,,,,,,,
,,03-Dec-24,,,,18:45,,,,0:15,,,,,,,,,,,,,,,,,,,,,,,,,,,,
,,13-Nov-24,,,,20:00,,,,1:30,,,,,,,,,,,,,,,,,,,,,,,,,,,,
,,07-Mar-25,,,,17:55,,,,23:25,,,,,,,,,,,,,,,,,,,,,,,,,,,,
,,04-Dec-24,,,,13:20,,,,18:50,,,,,,,,,,,,,,,,,,,,,,,,,,,,
,,14-Nov-24,,,,14:00,,,,19:30,,,,,,,,,,,,,,,,,,,,,,,,,,,,
x,1,Event,NZD - RBNZ Interest Rate Decision,,,Asset,Description,,,IST Time,MT5 server time,,,,,,,,,,,,,,,,,,,,,,,,,,,
,,Actual:,,,,C:NZDJPY,"The Reserve Bank of New Zealand (RBNZ) governor decides where to set the rate after consulting senior bank staff and external advisers. As short term interest rates are an important determinant of currency valuation, traders watch interest rate changes closely.

A reading that is stronger than forecast is generally supportive (bullish) for the NZD, while a weaker than forecast reading is generally negative (bearish) for the NZD.

Learn More: NZDJPY | NZDUSD",,,,NZD - RBNZ Interest Rate Decision,,,,,,,,,,,,,,,,,,,,,,,,,,,
,,Forecast:,,,,NZDJPY.sd,,,,,,,,,,,,,,,,,,,,,,,,,,,,,,,,
,,Previous:,3.75%,,,,,,,,,,,,,,,,,,,,,,,,,,,,,,,,,,,
,,Time (GMT):,2:00,,,,,,,7:30,5:00,,,,,,,,,,,,,,,,,,,,,,,,,,,
,,Release Date,Actual,Forecast,Previous,Time,,,,Time IST,,,,,,,,,,,,,,,,,,,,,,,,,,,,
,,19-Feb-25,3.75%,3.75% ,4.25%,1:00,,,,6:30,,,,,,,,,,,,,,,,,,,,,,,,,,,,
,,27-Nov-24,4.25%,4.25% ,4.75%,1:00,,,,6:30,,,,,,,,,,,,,,,,,,,,,,,,,,,,
,,09-Oct-24,4.75%,4.75% ,5.25%,1:00,,,,6:30,,,,,,,,,,,,,,,,,,,,,,,,,,,,
,,14-Aug-24,5.25%,5.50% ,5.50%,2:00,,,,7:30,,,,,,,,,,,,,,,,,,,,,,,,,,,,
,,10-Jul-24,5.50%,5.50% ,5.50%,2:00,,,,7:30,,,,,,,,,,,,,,,,,,,,,,,,,,,,
,,22-May-24,5.50%,5.50% ,5.50%,2:00,,,,7:30,,,,,,,,,,,,,,,,,,,,,,,,,,,,
,1,Event,USD - Crude Oil Inventories,,,Asset,Description,,,IST Time,MT5 server time,,,,,,,,,,,,,,,,,,,,,,,,,,,
,,Actual:,,,,USOILRoll,"The Energy Information Administration's (EIA) Crude Oil Inventories measures the weekly change in the number of barrels of commercial crude oil held by US firms. The level of inventories influences the price of petroleum products, which can have an impact on inflation.

If the increase in crude inventories is more than expected, it implies weaker demand and is bearish for crude prices. The same can be said if a decline in inventories is less than expected.
If the increase in crude is less than expected, it implies greater demand and is bullish for crude prices. The same can be said if a decline in inventories is more than expected.

Learn More: USOILRoll",,,,USD - Crude Oil Inventories,,,,,,,,,,,,,,,,,,,,,,,,,,,
,,Forecast:,,,,USOILRoll,,,,,,,,,,,,,,,,,,,,,,,,,,,,,,,,
,,Previous:,6.165,,,,,,,,,,,,,,,,,,,,,,,,,,,,,,,,,,,
,,Time (GMT):,14:30,,,,,,,20:00,17:30,,,,,,,,,,,,,,,,,,,,,,,,,,,
,,Release Date,Actual,Forecast,Previous,Time,,,,Time IST,,,,,,,,,,,,,,,,,,,,,,,,,,,,
,,02-Apr-25,6.165,-0.20,-3.34,14:30,,,,20:00,,,,,,,,,,,,,,,,,,,,,,,,,,,,
,,26-Mar-25,-3.34,1.500,1.745,14:30,,,,20:00,,,,,,,,,,,,,,,,,,,,,,,,,,,,
,,19-Mar-25,1.745,0.800,1.448,13:30,,,,19:00,,,,,,,,,,,,,,,,,,,,,,,,,,,,
,,12-Mar-25,1.448,2.100,3.614,13:30,,,,19:00,,,,,,,,,,,,,,,,,,,,,,,,,,,,
,,05-Mar-25,3.614,0.600,-2.33,15:30,,,,21:00,,,,,,,,,,,,,,,,,,,,,,,,,,,,
,,26-Feb-25,-2.33,2.500,4.633,15:00,,,,20:30,,,,,,,,,,,,,,,,,,,,,,,,,,,,
,1,Event,USD - 10-Year Note Auction,,,Asset,Description,,,IST Time,MT5 server time,,,,,,,,,,,,,,,,,,,,,,,,,,,
,,Actual:,,,,C:USDJPY,"The Energy Information Administration's (EIA) Crude Oil Inventories measures the weekly change in the number of barrels of commercial crude oil held by US firms. The level of inventories influences the price of petroleum products, which can have an impact on inflation.

If the increase in crude inventories is more than expected, it implies weaker demand and is bearish for crude prices. The same can be said if a decline in inventories is less than expected.
If the increase in crude is less than expected, it implies greater demand and is bullish for crude prices. The same can be said if a decline in inventories is more than expected.

Learn More: USDJPY | EURUSD",,,,USD - 10-Year Note Auction,,,,,,,,,,,,,,,,,,,,,,,,,,,
,,Forecast:,,,,USDJPY.sd,,,,,,,,,,,,,,,,,,,,,,,,,,,,,,,,
,,Previous:,4.31%,,,,,,,,,,,,,,,,,,,,,,,,,,,,,,,,,,,
,,Time (GMT):,17:00,,,,,,,22:30,20:00,,,,,,,,,,,,,,,,,,,,,,,,,,,
,,Release Date,Actual,Forecast,Previous,Time,,,,Time IST,,,,,,,,,,,,,,,,,,,,,,,,,,,,
,,12-Mar-25,4.31%,  ,4.63%,17:00,,,,22:30,,,,,,,,,,,,,,,,,,,,,,,,,,,,
,,12-Feb-25,4.63%,  ,4.68%,18:00,,,,23:30,,,,,,,,,,,,,,,,,,,,,,,,,,,,
,,07-Jan-25,4.68%,  ,4.24%,18:00,,,,23:30,,,,,,,,,,,,,,,,,,,,,,,,,,,,
,,11-Dec-24,4.24%,  ,4.35%,18:00,,,,23:30,,,,,,,,,,,,,,,,,,,,,,,,,,,,
,,05-Nov-24,4.35%,  ,4.07%,18:00,,,,23:30,,,,,,,,,,,,,,,,,,,,,,,,,,,,
,,09-Oct-24,4.07%,  ,3.65%,17:00,,,,22:30,,,,,,,,,,,,,,,,,,,,,,,,,,,,
,1,Event,USD - FOMC Meeting Minutes,,,Asset,Description,,,IST Time,MT5 server time,,,,,,,,,,,,,,,,,,,,,,,,,,,
,,Actual:,,,,C:USDJPY,"The Federal Open Market Committee (FOMC) Meeting Minutes are a detailed record of the committee's policy-setting meeting held about three weeks earlier. The minutes offer detailed insights regarding the FOMC's stance on monetary policy, so currency traders carefully examine them for clues regarding the outcome of future interest rate decisions.

Learn More: USDJPY | EURUSD",,,,USD - FOMC Meeting Minutes,,,,,,,,,,,,,,,,,,,,,,,,,,,
,,Forecast:,,,,USDJPY.sd,,,,,,,,,,,,,,,,,,,,,,,,,,,,,,,,
,,Previous:,0.00%,,,,,,,,,,,,,,,,,,,,,,,,,,,,,,,,,,,
,,Time (GMT):,18:00,,,,,,,23:30,21:00,,,,,,,,,,,,,,,,,,,,,,,,,,,
,,Release Date,Actual,Forecast,Previous,Time,,,,Time IST,,,,,,,,,,,,,,,,,,,,,,,,,,,,
,,19-Feb-25,0.00%,0.00%,0.00%,19:00,,,,0:30,,,,,,,,,,,,,,,,,,,,,,,,,,,,
,,08-Jan-25,0.00%,0.00%,0.00%,19:00,,,,0:30,,,,,,,,,,,,,,,,,,,,,,,,,,,,
,,26-Nov-24,0.00%,0.00%,0.00%,19:00,,,,0:30,,,,,,,,,,,,,,,,,,,,,,,,,,,,
,,09-Oct-24,0.00%,0.00%,0.00%,18:00,,,,23:30,,,,,,,,,,,,,,,,,,,,,,,,,,,,
,,21-Aug-24,0.00%,0.00%,0.00%,18:00,,,,23:30,,,,,,,,,,,,,,,,,,,,,,,,,,,,
,,03-Jul-24,0.00%,0.00%,0.00%,18:00,,,,23:30,,,,,,,,,,,,,,,,,,,,,,,,,,,,
,1,Event,INR - India - Mahavir Jayanti,,,Asset,Description,,,IST Time,MT5 server time,,,,,,,,,,,,,,,,,,,,,,,,,,,
,,Actual:,,,,C:EURUSD,"[]

Learn More: NZDJPY | NZDUSD",,,,INR - India - Mahavir Jayanti,,,,,,,,,,,,,,,,,,,,,,,,,,,
,,Forecast:,,,,EURUSD.sd,,,,,,,,,,,,,,,,,,,,,,,,,,,,,,,,
,,Previous:, -   ,,,,,,,,,,,,,,,,,,,,,,,,,,,,,,,,,,,
,,Time (GMT):,#VALUE!,,,,,,,All Day,#VALUE!,,,,,,,,,,,,,,,,,,,,,,,,,,,
,,Release Date,Actual,Forecast,Previous,Time,,,,Time IST,,,,,,,,,,,,,,,,,,,,,,,,,,,,
,,05-Mar-25, 51.00 , 49.7  , 52.90 ,14:45,,,,20:15,,,,,,,,,,,,,,,,,,,,,,,,,,,,
,,21-Feb-25, 49.70 , 53.0  , 52.90 ,14:45,,,,20:15,,,,,,,,,,,,,,,,,,,,,,,,,,,,
,,00-Jan-00, 51.00 , 49.7  , 52.90 ,14:45,,,,20:15,,,,,,,,,,,,,,,,,,,,,,,,,,,,
,,00-Jan-00, 49.70 , 53.0  , 52.90 ,14:45,,,,20:15,,,,,,,,,,,,,,,,,,,,,,,,,,,,
,,00-Jan-00, 51.00 , 49.7  , 52.90 ,14:45,,,,20:15,,,,,,,,,,,,,,,,,,,,,,,,,,,,
,,00-Jan-00, 49.70 , 53.0  , 52.90 ,14:45,,,,20:15,,,,,,,,,,,,,,,,,,,,,,,,,,,,
,1,Event,USD - 10-Year Note Auction,,,Asset,Description,,,IST Time,MT5 server time,,,,,,,,,,,,,,,,,,,,,,,,,,,
,,Actual:,,,,C:NZDJPY,"The Energy Information Administration's (EIA) Crude Oil Inventories measures the weekly change in the number of barrels of commercial crude oil held by US firms. The level of inventories influences the price of petroleum products, which can have an impact on inflation.

If the increase in crude inventories is more than expected, it implies weaker demand and is bearish for crude prices. The same can be said if a decline in inventories is less than expected.
If the increase in crude is less than expected, it implies greater demand and is bullish for crude prices. The same can be said if a decline in inventories is more than expected.

Learn More: USDJPY | EURUSD",,,,USD - 10-Year Note Auction,,,,,,,,,,,,,,,,,,,,,,,,,,,
,,Forecast:,,,,NZDJPY.sd,,,,,,,,,,,,,,,,,,,,,,,,,,,,,,,,
,,Previous:,4.31%,,,,,,,,,,,,,,,,,,,,,,,,,,,,,,,,,,,
,,Time (GMT):,17:00,,,,,,,22:30,20:00,,,,,,,,,,,,,,,,,,,,,,,,,,,
,,Release Date,Actual,Forecast,Previous,Time,,,,Time IST,,,,,,,,,,,,,,,,,,,,,,,,,,,,
,,12-Mar-25,4.31%,  ,4.63%,1:00,,,,6:30,,,,,,,,,,,,,,,,,,,,,,,,,,,,
,,12-Feb-25,4.63%,  ,4.68%,1:00,,,,6:30,,,,,,,,,,,,,,,,,,,,,,,,,,,,
,,07-Jan-25,4.68%,  ,4.24%,1:00,,,,6:30,,,,,,,,,,,,,,,,,,,,,,,,,,,,
,,11-Dec-24,4.24%,  ,4.35%,2:00,,,,7:30,,,,,,,,,,,,,,,,,,,,,,,,,,,,
,,05-Nov-24,4.35%,  ,4.07%,2:00,,,,7:30,,,,,,,,,,,,,,,,,,,,,,,,,,,,
,,09-Oct-24,4.07%,  ,3.65%,2:00,,,,7:30,,,,,,,,,,,,,,,,,,,,,,,,,,,,
,1,Event,USD - Core CPI (MoM) (Mar),,,Asset,Description,,,IST Time,MT5 server time,,,,,,,,,,,,,,,,,,,,,,,,,,,
,,Actual:,,,,C:USDJPY,"The Core Consumer Price Index (CPI) measures the changes in the price of goods and services, excluding food and energy. The Central bank pays very close attention to this figure in its role of maintaining price stability. Because the Fed believes that core inflation is a better gauge of underlying price pressures, it is more closely watched than overall inflation which tends to be more volatile.

A reading that is stronger than forecast is generally supportive (bullish) for the USD, while a weaker than forecast reading is generally negative (bearish) for the USD.

Learn More: USDJPY | EURUSD",,,,USD - Core CPI (MoM) (Mar),,,,,,,,,,,,,,,,,,,,,,,,,,,
,,Forecast:,,,,USDJPY.sd,,,,,,,,,,,,,,,,,,,,,,,,,,,,,,,,
,,Previous:,0.20%,,,,,,,,,,,,,,,,,,,,,,,,,,,,,,,,,,,
,,Time (GMT):,12:30,,,,,,,18:00,15:30,,,,,,,,,,,,,,,,,,,,,,,,,,,
,,Release Date,Actual,Forecast,Previous,Time,,,,Time IST,,,,,,,,,,,,,,,,,,,,,,,,,,,,
,,12-Mar-25,0.20%,0.3% ,0.40%,12:30,,,,18:00,,,,,,,,,,,,,,,,,,,,,,,,,,,,
,,12-Feb-25,0.40%,0.3% ,0.20%,13:30,,,,19:00,,,,,,,,,,,,,,,,,,,,,,,,,,,,
,,15-Jan-25,0.20%,0.3% ,0.30%,13:30,,,,19:00,,,,,,,,,,,,,,,,,,,,,,,,,,,,
,,11-Dec-24,0.30%,0.3% ,0.30%,13:30,,,,19:00,,,,,,,,,,,,,,,,,,,,,,,,,,,,
,,13-Nov-24,0.30%,0.3% ,0.30%,13:30,,,,19:00,,,,,,,,,,,,,,,,,,,,,,,,,,,,
,,10-Oct-24,0.30%,0.2% ,0.30%,12:30,,,,18:00,,,,,,,,,,,,,,,,,,,,,,,,,,,,
,1,Event,USD - CPI (YoY) (Mar),,,Asset,Description,,,IST Time,MT5 server time,,,,,,,,,,,,,,,,,,,,,,,,,,,
,,Actual:,,,,C:USDJPY,"
The Consumer Price Index (CPI) measures the change in the prices of goods and services contained in a basket of consumer items. The Central bank pays very close attention to this figure in its role of maintaining price stability.

A reading that is stronger than forecast is generally supportive (bullish) for the USD, while a weaker than forecast reading is generally negative (bearish) for the USD.

Learn More: USDJPY | EURUSD",,,,USD - CPI (YoY) (Mar),,,,,,,,,,,,,,,,,,,,,,,,,,,
,,Forecast:,,,,USDJPY.sd,,,,,,,,,,,,,,,,,,,,,,,,,,,,,,,,
,,Previous:,2.80%,,,,,,,,,,,,,,,,,,,,,,,,,,,,,,,,,,,
,,Time (GMT):,12:30,,,,,,,18:00,15:30,,,,,,,,,,,,,,,,,,,,,,,,,,,
,,Release Date,Actual,Forecast,Previous,Time,,,,Time IST,,,,,,,,,,,,,,,,,,,,,,,,,,,,
,,12-Mar-25,2.80%,2.9% ,3.00%,12:30,,,,18:00,,,,,,,,,,,,,,,,,,,,,,,,,,,,
,,12-Feb-25,3.00%,2.9% ,2.90%,13:30,,,,19:00,,,,,,,,,,,,,,,,,,,,,,,,,,,,
,,15-Jan-25,2.90%,2.9% ,2.70%,13:30,,,,19:00,,,,,,,,,,,,,,,,,,,,,,,,,,,,
,,11-Dec-24,2.70%,2.7% ,2.60%,13:30,,,,19:00,,,,,,,,,,,,,,,,,,,,,,,,,,,,
,,13-Nov-24,2.60%,2.6% ,2.40%,13:30,,,,19:00,,,,,,,,,,,,,,,,,,,,,,,,,,,,
,,10-Oct-24,2.40%,2.3% ,2.50%,12:30,,,,18:00,,,,,,,,,,,,,,,,,,,,,,,,,,,,
,1,Event,USD - CPI (MoM) (Mar),,,Asset,Description,,,IST Time,MT5 server time,,,,,,,,,,,,,,,,,,,,,,,,,,,
,,Actual:,,,,C:USDJPY,"The Consumer Price Index (CPI) measures the change in the prices of goods and services contained in a basket of consumer items. The Central bank pays very close attention to this figure in its role of maintaining price stability.

A reading that is stronger than forecast is generally supportive (bullish) for the USD, while a weaker than forecast reading is generally negative (bearish) for the USD.

Learn More: USDJPY | EURUSD",,,,USD - CPI (MoM) (Mar),,,,,,,,,,,,,,,,,,,,,,,,,,,
,,Forecast:,,,,USDJPY.sd,,,,,,,,,,,,,,,,,,,,,,,,,,,,,,,,
,,Previous:,0.20%,,,,,,,,,,,,,,,,,,,,,,,,,,,,,,,,,,,
,,Time (GMT):,12:30,,,,,,,18:00,15:30,,,,,,,,,,,,,,,,,,,,,,,,,,,
,,Release Date,Actual,Forecast,Previous,Time,,,,Time IST,,,,,,,,,,,,,,,,,,,,,,,,,,,,
,,12-Mar-25,0.20%,0.3% ,0.50%,12:30,,,,18:00,,,,,,,,,,,,,,,,,,,,,,,,,,,,
,,12-Feb-25,0.50%,0.3% ,0.40%,13:30,,,,19:00,,,,,,,,,,,,,,,,,,,,,,,,,,,,
,,15-Jan-25,0.40%,0.4% ,0.30%,13:30,,,,19:00,,,,,,,,,,,,,,,,,,,,,,,,,,,,
,,11-Dec-24,0.30%,0.3% ,0.20%,13:30,,,,19:00,,,,,,,,,,,,,,,,,,,,,,,,,,,,
,,13-Nov-24,0.20%,0.2% ,0.20%,13:30,,,,19:00,,,,,,,,,,,,,,,,,,,,,,,,,,,,
,,10-Oct-24,0.20%,0.1% ,0.20%,12:30,,,,18:00,,,,,,,,,,,,,,,,,,,,,,,,,,,,
,1,Event,USD - Initial Jobless Claims,,,Asset,Description,,,IST Time,MT5 server time,,,,,,,,,,,,,,,,,,,,,,,,,,,
,,Actual:,,,,C:USDJPY,"Initial Jobless Claims measures the number of people who filed for unemployment insurance for the first time during the past week. This is the most timely U.S. economic data, but the market impact varies from week to week.
A reading that is higher than forecast is generally negative (bearish) for the USD, while a lower than forecast reading is generally supportive (bullish) for the USD.

Learni More: USDJPY | EURUSD",,,,USD - Initial Jobless Claims,,,,,,,,,,,,,,,,,,,,,,,,,,,
,,Forecast:,,,,USDJPY.sd,,,,,,,,,,,,,,,,,,,,,,,,,,,,,,,,
,,Previous:,219K,,,,,,,,,,,,,,,,,,,,,,,,,,,,,,,,,,,
,,Time (GMT):,12:30,,,,,,,18:00,15:30,,,,,,,,,,,,,,,,,,,,,,,,,,,
,,Release Date,Actual,Forecast,Previous,Time,,,,Time IST,,,,,,,,,,,,,,,,,,,,,,,,,,,,
,,03-Apr-25,219,225,225,12:30,,,,18:00,,,,,,,,,,,,,,,,,,,,,,,,,,,,
,,27-Mar-25,224,225,225,12:30,,,,18:00,,,,,,,,,,,,,,,,,,,,,,,,,,,,
,,20-Mar-25,223,224,221,12:30,,,,18:00,,,,,,,,,,,,,,,,,,,,,,,,,,,,
,,13-Mar-25,220,226,222,12:30,,,,18:00,,,,,,,,,,,,,,,,,,,,,,,,,,,,
,,06-Mar-25,221,234,242,13:30,,,,19:00,,,,,,,,,,,,,,,,,,,,,,,,,,,,
,,27-Feb-25,242,222,220,13:30,,,,19:00,,,,,,,,,,,,,,,,,,,,,,,,,,,,
,1,Event,USD- 30-Year Bond Auction,,,Asset,Description,,,IST Time,MT5 server time,,,,,,,,,,,,,,,,,,,,,,,,,,,
,,Actual:,,,,C:USDJPY,"The figures displayed in the calendar represent the yield on the Treasury Bond auctioned.

U.S. Treasury Bonds have maturities from ten up to 30 years. Governments issue treasuries to borrow money to cover the gap between the amount they receive in taxes and the amount they spend to refinance existing debt and/or to raise capital. The rate on a Treasury Bond represents the return an investor will receive by holding the bond for its entire duration. All bidders receive the same rate at the highest accepted bid.

Yield fluctuations should be monitored closely as an indicator of the government debt situation. Investors compare the average rate at auction to the rate at previous auctions of the same security.

Learni More: USDJPY | EURUSD",,,,USD- 30-Year Bond Auction,,,,,,,,,,,,,,,,,,,,,,,,,,,
,,Forecast:,,,,USDJPY.sd,,,,,,,,,,,,,,,,,,,,,,,,,,,,,,,,
,,Previous:,4.62%,,,,,,,,,,,,,,,,,,,,,,,,,,,,,,,,,,,
,,Time (GMT):,17:00,,,,,,,22:30,20:00,,,,,,,,,,,,,,,,,,,,,,,,,,,
,,Release Date,Actual,Forecast,Previous,Time,,,,Time IST,,,,,,,,,,,,,,,,,,,,,,,,,,,,
,,13-Mar-25,4.62%,,4.75%,17:00,,,,22:30,,,,,,,,,,,,,,,,,,,,,,,,,,,,
,,13-Feb-25,4.75%,,4.91%,18:00,,,,23:30,,,,,,,,,,,,,,,,,,,,,,,,,,,,
,,08-Jan-25,4.91%,,4.54%,18:00,,,,23:30,,,,,,,,,,,,,,,,,,,,,,,,,,,,
,,12-Dec-24,4.54%,,4.61%,18:00,,,,23:30,,,,,,,,,,,,,,,,,,,,,,,,,,,,
,,06-Nov-24,4.61%,,4.39%,18:00,,,,23:30,,,,,,,,,,,,,,,,,,,,,,,,,,,,
,,10-Oct-24,4.39%,,4.02%,17:00,,,,22:30,,,,,,,,,,,,,,,,,,,,,,,,,,,,
,1,Event,GBP - GDP (MoM) (Feb),,,Asset,Description,,,IST Time,MT5 server time,,,,,,,,,,,,,,,,,,,,,,,,,,,
,,Actual:,,,,C:GBPJPY,"Gross Domestic Product (GDP) measures the annualized change in the inflation-adjusted value of all goods and services produced by the economy. It is the broadest measure of economic activity and the primary indicator of the economy's health. A higher than expected reading should be taken as positive/bullish for the GBP, while a lower than expected reading should be taken as negative/bearish for the GBP.

Learn More: GBPJPY | GBPUSD",,,,GBP - GDP (MoM) (Feb),,,,,,,,,,,,,,,,,,,,,,,,,,,
,,Forecast:,,,,GBPJPY.sd,,,,,,,,,,,,,,,,,,,,,,,,,,,,,,,,
,,Previous:,-0.10%,,,,,,,,,,,,,,,,,,,,,,,,,,,,,,,,,,,
,,Time (GMT):,6:00,,,,,,,11:30,9:00,,,,,,,,,,,,,,,,,,,,,,,,,,,
,,Release Date,Actual,Forecast,Previous,Time,,,,Time IST,,,,,,,,,,,,,,,,,,,,,,,,,,,,
,,14-Mar-25,-0.10%,0.1% ,0.40%,7:00,,,,12:30,,,,,,,,,,,,,,,,,,,,,,,,,,,,
,,13-Feb-25,0.40%,0.1% ,0.10%,7:00,,,,12:30,,,,,,,,,,,,,,,,,,,,,,,,,,,,
,,16-Jan-25,0.10%,0.2% ,-0.10%,7:00,,,,12:30,,,,,,,,,,,,,,,,,,,,,,,,,,,,
,,13-Dec-24,-0.10%,0.1% ,-0.10%,7:00,,,,12:30,,,,,,,,,,,,,,,,,,,,,,,,,,,,
,,15-Nov-24,-0.10%,0.2% ,0.20%,7:00,,,,12:30,,,,,,,,,,,,,,,,,,,,,,,,,,,,
,,11-Oct-24,0.20%,0.2% ,0.00%,6:00,,,,11:30,,,,,,,,,,,,,,,,,,,,,,,,,,,,
,1,Event,EUR - German CPI (MoM) (Mar),,,Asset,Description,,,IST Time,MT5 server time,,,,,,,,,,,,,,,,,,,,,,,,,,,
,,Actual:,,,,C:EURJPY,"The Consumer Price Index (CPI) measures the change in the prices of goods and services from the perspective of the consumer. As Germany has the largest output of any country in the euro-zone, the European Central bank pays very close attention to this figure in its role of maintaining price stability.

A reading that is stronger than forecast is generally supportive (bullish) for the EUR, while a weaker than forecast reading is generally negative (bearish) for the EUR.

Learn More: EURJPY | EURUSD",,,,EUR - German CPI (MoM) (Mar),,,,,,,,,,,,,,,,,,,,,,,,,,,
,,Forecast:,,,,EURJPY.sd,,,,,,,,,,,,,,,,,,,,,,,,,,,,,,,,
,,Previous:,0.4%,,,,,,,,,,,,,,,,,,,,,,,,,,,,,,,,,,,
,,Time (GMT):,6:00,,,,,,,11:30,9:00,,,,,,,,,,,,,,,,,,,,,,,,,,,
,,Release Date,Actual,Forecast,Previous,Time,,,,Time IST,,,,,,,,,,,,,,,,,,,,,,,,,,,,
,,31-Mar-25,0.3%,0.3% ,0.4%,12:00,,,,17:30,,,,,,,,,,,,,,,,,,,,,,,,,,,,
,,14-Mar-25,0.4%,0.4% ,-0.2%,7:00,,,,12:30,,,,,,,,,,,,,,,,,,,,,,,,,,,,
,,28-Feb-25,0.4%,0.4% ,-0.2%,13:00,,,,18:30,,,,,,,,,,,,,,,,,,,,,,,,,,,,
,,13-Feb-25,-0.2%,-0.2% ,0.5%,7:00,,,,12:30,,,,,,,,,,,,,,,,,,,,,,,,,,,,
,,31-Jan-25,-0.2%,0.1% ,0.5%,13:00,,,,18:30,,,,,,,,,,,,,,,,,,,,,,,,,,,,
,,16-Jan-25,0.5%,0.4% ,-0.2%,7:00,,,,12:30,,,,,,,,,,,,,,,,,,,,,,,,,,,,
,1,Event,USD - PPI (MoM) (Mar),,,Asset,Description,,,IST Time,MT5 server time,,,,,,,,,,,,,,,,,,,,,,,,,,,
,,Actual:,,,,C:USDJPY,"
The Producer Price Index (PPI) measures a change in input prices of raw, semi-finished or finished goods and services. If input costs rise, some will be absorbed by the producer and some passed on to the consumer. Conversely, if input costs fall, some of the decline will be enjoyed as wider profit margins by the producer and some will be passed on to the consumer in the form of lower prices. Because PPI impacts consumer prices, it is watched by central bankers as part of fulfilling their mandate of price stability.

A reading that is stronger than forecast is generally supportive (bullish) for the USD, while a weaker than forecast reading is generally negative (bearish) for the USD.

Learn More: USDJPY | EURUSD",,,,USD - PPI (MoM) (Mar),,,,,,,,,,,,,,,,,,,,,,,,,,,
,,Forecast:,,,,USDJPY.sd,,,,,,,,,,,,,,,,,,,,,,,,,,,,,,,,
,,Previous:,0.0%,,,,,,,,,,,,,,,,,,,,,,,,,,,,,,,,,,,
,,Time (GMT):,12:30,,,,,,,18:00,15:30,,,,,,,,,,,,,,,,,,,,,,,,,,,
,,Time (GMT):,Actual,Forecast,Previous,Time,,,,Time IST,,,,,,,,,,,,,,,,,,,,,,,,,,,,
,,13-Mar-25,0.0%,0.3% ,0.6%,12:30,,,,18:00,,,,,,,,,,,,,,,,,,,,,,,,,,,,
,,13-Feb-25,0.4%,0.3% ,0.5%,13:30,,,,19:00,,,,,,,,,,,,,,,,,,,,,,,,,,,,
,,14-Jan-25,0.2%,0.4% ,0.4%,13:30,,,,19:00,,,,,,,,,,,,,,,,,,,,,,,,,,,,
,,12-Dec-24,0.4%,0.2% ,0.3%,13:30,,,,19:00,,,,,,,,,,,,,,,,,,,,,,,,,,,,
,,14-Nov-24,0.2%,0.2% ,0.1%,13:30,,,,19:00,,,,,,,,,,,,,,,,,,,,,,,,,,,,
,,11-Oct-24,0.0%,0.1% ,0.2%,12:30,,,,18:00,,,,,,,,,,,,,,,,,,,,,,,,,,,,
x,1,Event,CNY - GDP (YoY) (Q1),,,Asset,Description,,,IST Time,MT5 server time,,,,,,,,,,,,,,,,,,,,,,,,,,,
,,Actual:,,,,C:USDCNY,"Gross Domestic Product (GDP) gauges the inflation-adjusted value of all goods and services produced within the economy. It is the most comprehensive measure of economic activity and an important indicator of economic health.

A reading that is stronger than forecast is generally supportive (bullish) for the CNY, while a weaker than forecast reading is generally negative (bearish) for the CNY.

Learn More: USDCNY | USDCNH",,,,CNY - GDP (YoY) (Q1),,,,,,,,,,,,,,,,,,,,,,,,,,,
,,Forecast:,,,,USDCNY.sd,,,,,,,,,,,,,,,,,,,,,,,,,,,,,,,,
,,Previous:,5.40%,,,,,,,,,,,,,,,,,,,,,,,,,,,,,,,,,,,
,,Time (GMT):,2:00,,,,,,,7:30,5:00,,,,,,,,,,,,,,,,,,,,,,,,,,,
,,Release Date,Actual,Forecast,Previous,Time,,,,Time IST,,,,,,,,,,,,,,,,,,,,,,,,,,,,
,,17-Jan-25,5.40%,5.00%,4.60%,2:00,,,,7:30,,,,,,,,,,,,,,,,,,,,,,,,,,,,
,,18-Oct-24,4.60%,4.60%,4.70%,2:00,,,,7:30,,,,,,,,,,,,,,,,,,,,,,,,,,,,
,,15-Jul-24,4.70%,5.10%,5.30%,2:00,,,,7:30,,,,,,,,,,,,,,,,,,,,,,,,,,,,
,,16-Apr-24,5.30%,4.80%,5.20%,2:00,,,,7:30,,,,,,,,,,,,,,,,,,,,,,,,,,,,
,,17-Jan-24,5.20%,5.30%,4.90%,2:00,,,,7:30,,,,,,,,,,,,,,,,,,,,,,,,,,,,
,,18-Oct-23,4.90%,4.40%,6.30%,2:00,,,,7:30,,,,,,,,,,,,,,,,,,,,,,,,,,,,
,1,Event,GBP - CPI (YoY) (Mar),,,Asset,Description,,,IST Time,MT5 server time,,,,,,,,,,,,,,,,,,,,,,,,,,,
,,Actual:,,,,C:GBPJPY,"The Consumer Price Index (CPI) measures the change in the prices of goods and services contained in a basket of consumer items. The Central bank pays very close attention to this figure in its role of maintaining price stability.

A reading that is stronger than forecast is generally supportive (bullish) for the GBP, while a weaker than forecast reading is generally negative (bearish) for the GBP.

Learn More: GBPJPY | GBPUSD",,,,GBP - CPI (YoY) (Mar),,,,,,,,,,,,,,,,,,,,,,,,,,,
,,Forecast:,,,,GBPJPY.sd,,,,,,,,,,,,,,,,,,,,,,,,,,,,,,,,
,,Previous:,2.80%,,,,,,,,,,,,,,,,,,,,,,,,,,,,,,,,,,,
,,Time (GMT):,6:00,,,,,,,11:30,9:00,,,,,,,,,,,,,,,,,,,,,,,,,,,
,,Release Date,Actual,Forecast,Previous,Time,,,,Time IST,,,,,,,,,,,,,,,,,,,,,,,,,,,,
,,26-Mar-25,2.80%,3.00%,3.00%,7:00,,,,12:30,,,,,,,,,,,,,,,,,,,,,,,,,,,,
,,19-Feb-25,3.00%,2.80%,2.50%,7:00,,,,12:30,,,,,,,,,,,,,,,,,,,,,,,,,,,,
,,15-Jan-25,2.50%,2.60%,2.60%,7:00,,,,12:30,,,,,,,,,,,,,,,,,,,,,,,,,,,,
,,18-Dec-24,2.60%,2.60%,2.30%,7:00,,,,12:30,,,,,,,,,,,,,,,,,,,,,,,,,,,,
,,20-Nov-24,2.30%,2.20%,1.70%,7:00,,,,12:30,,,,,,,,,,,,,,,,,,,,,,,,,,,,
,,16-Oct-24,1.70%,1.90%,2.20%,6:00,,,,11:30,,,,,,,,,,,,,,,,,,,,,,,,,,,,
,1,Event,EUR - CPI (YoY) (Mar),,,Asset,Description,,,IST Time,MT5 server time,,,,,,,,,,,,,,,,,,,,,,,,,,,
,,Actual:,,,,C:EURJPY,"The Consumer Price Index (CPI) measures the change in the prices of goods and services contained in a basket of consumer items. The Central bank pays very close attention to this figure in its role of maintaining price stability.

A reading that is stronger than forecast is generally supportive (bullish) for the EUR, while a weaker than forecast reading is generally negative (bearish) for the EUR.

Learn More: EURJPY | EURUSD",,,,EUR - CPI (YoY) (Mar),,,,,,,,,,,,,,,,,,,,,,,,,,,
,,Forecast:,,,,EURJPY.sd,,,,,,,,,,,,,,,,,,,,,,,,,,,,,,,,
,,Previous:,2.20%,,,,,,,,,,,,,,,,,,,,,,,,,,,,,,,,,,,
,,Time (GMT):,9:00,,,,,,,14:30,12:00,,,,,,,,,,,,,,,,,,,,,,,,,,,
,,Release Date,Actual,Forecast,Previous,Time,,,,Time IST,,,,,,,,,,,,,,,,,,,,,,,,,,,,
,,01-Apr-25,2.20%,2.20%,2.30%,9:00,,,,14:30,,,,,,,,,,,,,,,,,,,,,,,,,,,,
,,19-Mar-25,2.30%,2.40%,2.50%,10:00,,,,15:30,,,,,,,,,,,,,,,,,,,,,,,,,,,,
,,03-Mar-25,2.40%,2.30%,2.50%,10:00,,,,15:30,,,,,,,,,,,,,,,,,,,,,,,,,,,,
,,24-Feb-25,2.50%,2.50%,2.40%,10:00,,,,15:30,,,,,,,,,,,,,,,,,,,,,,,,,,,,
,,03-Feb-25,2.50%,2.40%,2.40%,10:00,,,,15:30,,,,,,,,,,,,,,,,,,,,,,,,,,,,
,,17-Jan-25,2.40%,2.40%,2.20%,10:00,,,,15:30,,,,,,,,,,,,,,,,,,,,,,,,,,,,
,1,Event,USD - Core Retail Sales (MoM) (Mar),,,Asset,Description,,,IST Time,MT5 server time,,,,,,,,,,,,,,,,,,,,,,,,,,,
,,Actual:,,,,C:USDJPY,"
Core Retail Sales measures the change in the total value of sales at the retail level in the U.S., excluding automobiles. It is an important indicator of consumer spending which accounts for a large percentage of US GDP.

A reading that is stronger than forecast is generally supportive (bullish) for the USD, while a weaker than forecast reading is generally negative (bearish) for the USD.

Learn More: USDJPY | EURUSD",,,,USD - Core Retail Sales (MoM) (Mar),,,,,,,,,,,,,,,,,,,,,,,,,,,
,,Forecast:,,,,USDJPY.sd,,,,,,,,,,,,,,,,,,,,,,,,,,,,,,,,
,,Previous:,0.30%,,,,,,,,,,,,,,,,,,,,,,,,,,,,,,,,,,,
,,Time (GMT):,12:30,,,,,,,18:00,14:30,,,,,,,,,,,,,,,,,,,,,,,,,,,
,,Release Date,Actual,Forecast,Previous,Time,,,,Time IST,,,,,,,,,,,,,,,,,,,,,,,,,,,,
,,17-Mar-25,0.30%,0.30%,-0.60%,12:30,,,,18:00,,,,,,,,,,,,,,,,,,,,,,,,,,,,
,,14-Feb-25,-0.40%,0.30%,0.70%,13:30,,,,19:00,,,,,,,,,,,,,,,,,,,,,,,,,,,,
,,16-Jan-25,0.40%,0.50%,0.20%,13:30,,,,19:00,,,,,,,,,,,,,,,,,,,,,,,,,,,,
,,17-Dec-24,0.20%,0.40%,0.20%,13:30,,,,19:00,,,,,,,,,,,,,,,,,,,,,,,,,,,,
,,15-Nov-24,0.10%,0.30%,1.00%,13:30,,,,19:00,,,,,,,,,,,,,,,,,,,,,,,,,,,,
,,17-Oct-24,0.50%,0.10%,0.20%,12:30,,,,18:00,,,,,,,,,,,,,,,,,,,,,,,,,,,,
,1,Event,USD - Retail Sales (MoM) (Mar),,,Asset,Description,,,IST Time,MT5 server time,,,,,,,,,,,,,,,,,,,,,,,,,,,
,,Actual:,,,,C:USDJPY,"
Retail Sales gauges the change in the aggregate value of sales at the retail level across the country. It is an important indicator of consumer spending accounting for the majority of overall economic activity.

A reading that is stronger than forecast is generally supportive (bullish) for the USD, while a weaker than forecast reading is generally negative (bearish) for the USD.

Learn More: USDJPY | EURUSD",,,,USD - Retail Sales (MoM) (Mar),,,,,,,,,,,,,,,,,,,,,,,,,,,
,,Forecast:,,,,USDJPY.sd,,,,,,,,,,,,,,,,,,,,,,,,,,,,,,,,
,,Previous:,0.20%,,,,,,,,,,,,,,,,,,,,,,,,,,,,,,,,,,,
,,Time (GMT):,12:30,,,,,,,18:00,15:30,,,,,,,,,,,,,,,,,,,,,,,,,,,
,,Release Date,Actual,Forecast,Previous,Time,,,,Time IST,,,,,,,,,,,,,,,,,,,,,,,,,,,,
,,17-Mar-25,0.20%,0.60%,-1.20%,12:30,,,,18:00,,,,,,,,,,,,,,,,,,,,,,,,,,,,
,,14-Feb-25,-0.90%,-0.20%,0.70%,13:30,,,,19:00,,,,,,,,,,,,,,,,,,,,,,,,,,,,
,,16-Jan-25,0.40%,0.60%,0.80%,13:30,,,,19:00,,,,,,,,,,,,,,,,,,,,,,,,,,,,
,,17-Dec-24,0.70%,0.60%,0.50%,13:30,,,,19:00,,,,,,,,,,,,,,,,,,,,,,,,,,,,
,,15-Nov-24,0.40%,0.30%,0.80%,13:30,,,,19:00,,,,,,,,,,,,,,,,,,,,,,,,,,,,
,,17-Oct-24,0.40%,0.30%,0.10%,12:30,,,,18:00,,,,,,,,,,,,,,,,,,,,,,,,,,,,
,1,Event,CAD - BoC Interest Rate Decision,,,Asset,Description,,,IST Time,MT5 server time,,,,,,,,,,,,,,,,,,,,,,,,,,,
,,Actual:,,,,C:CADJPY,"
The Bank of Canada (BOC) publishes its decision on where to set the benchmark interest rate. As short term interest rates are an important determinant of currency valuation, traders watch interest rate changes closely.

A reading that is stronger than forecast is generally supportive (bullish) for the CAD, while a weaker than forecast reading is generally negative (bearish) for the CAD.

Learn More: CADJPY | USDCAD",,,,CAD - BoC Interest Rate Decision,,,,,,,,,,,,,,,,,,,,,,,,,,,
,,Forecast:,,,,CADJPY.sd,,,,,,,,,,,,,,,,,,,,,,,,,,,,,,,,
,,Previous:,2.75%,,,,,,,,,,,,,,,,,,,,,,,,,,,,,,,,,,,
,,Time (GMT):,13:45,,,,,,,19:15,16:45,,,,,,,,,,,,,,,,,,,,,,,,,,,
,,Release Date,Actual,Forecast,Previous,Time,,,,Time IST,,,,,,,,,,,,,,,,,,,,,,,,,,,,
,,12-Mar-25,2.75%,2.75%,3.00%,17:30,,,,20:00,,,,,,,,,,,,,,,,,,,,,,,,,,,,
,,29-Jan-25,3.00%,3.00%,3.25%,14:45,,,,20:15,,,,,,,,,,,,,,,,,,,,,,,,,,,,
,,11-Dec-24,3.25%,3.25%,3.75%,14:45,,,,20:15,,,,,,,,,,,,,,,,,,,,,,,,,,,,
,,23-Oct-24,3.75%,3.75%,4.25%,13:45,,,,19:15,,,,,,,,,,,,,,,,,,,,,,,,,,,,
,,04-Sep-24,4.25%,4.25%,4.50%,13:45,,,,19:15,,,,,,,,,,,,,,,,,,,,,,,,,,,,
,,24-Jul-24,4.50%,4.50%,4.75%,13:45,,,,19:15,,,,,,,,,,,,,,,,,,,,,,,,,,,,
,1,Event,USD - Crude Oil Inventories,,,Asset,Description,,,IST Time,MT5 server time,,,,,,,,,,,,,,,,,,,,,,,,,,,
,,Actual:,,,,USOILRoll,"
The Energy Information Administration's (EIA) Crude Oil Inventories measures the weekly change in the number of barrels of commercial crude oil held by US firms. The level of inventories influences the price of petroleum products, which can have an impact on inflation.

If the increase in crude inventories is more than expected, it implies weaker demand and is bearish for crude prices. The same can be said if a decline in inventories is less than expected.
If the increase in crude is less than expected, it implies greater demand and is bullish for crude prices. The same can be said if a decline in inventories is more than expected.

Learn More: USOILRoll",,,,USD - Crude Oil Inventories,,,,,,,,,,,,,,,,,,,,,,,,,,,
,,Forecast:,,,,USOILRoll,,,,,,,,,,,,,,,,,,,,,,,,,,,,,,,,
,,Previous:,2.553M,,,,,,,,,,,,,,,,,,,,,,,,,,,,,,,,,,,
,,Time (GMT):,14:30,,,,,,,20:00,17:30,,,,,,,,,,,,,,,,,,,,,,,,,,,
,,Release Date,Actual,Forecast,Previous,Time,,,,Time IST,,,,,,,,,,,,,,,,,,,,,,,,,,,,
,,09-Apr-25,2.553,2.200,6.165,17:30,,,,20:00,,,,,,,,,,,,,,,,,,,,,,,,,,,,
,,02-Apr-25,6.165,-0.20,-3.34,17:30,,,,20:00,,,,,,,,,,,,,,,,,,,,,,,,,,,,
,,26-Mar-25,-3.34,1.500,1.745,17:30,,,,20:00,,,,,,,,,,,,,,,,,,,,,,,,,,,,
,,19-Mar-25,1.745,0.800,1.448,16:30,,,,19:00,,,,,,,,,,,,,,,,,,,,,,,,,,,,
,,12-Mar-25,1.448,2.100,3.614,16:30,,,,19:00,,,,,,,,,,,,,,,,,,,,,,,,,,,,
,,05-Mar-25,3.614,0.600,-2.33,18:30,,,,21:00,,,,,,,,,,,,,,,,,,,,,,,,,,,,
,1,Event,USD - Fed Chair Powell Speaks,,,Asset,Description,,,IST Time,MT5 server time,,,,,,,,,,,,,,,,,,,,,,,,,,,
,,Actual:,,,,C:USDJPY,"

Federal Reserve Chair Jerome Powell (Feb. 2018 – Feb. 2026) is to speak. As head of the Fed, which controls short term interest rates, he has more influence over the U.S. dollar's value than any other person. Traders closely watch his speeches as they are often used to drop hints regarding future monetary policy.

Learn More: USDJPY | EURUSD",,,,USD - Fed Chair Powell Speaks,,,,,,,,,,,,,,,,,,,,,,,,,,,
,,Forecast:,,,,USDJPY.sd,,,,,,,,,,,,,,,,,,,,,,,,,,,,,,,,
,,Previous:,0.00%,,,,,,,,,,,,,,,,,,,,,,,,,,,,,,,,,,,
,,Time (GMT):,17:15,,,,,,,22:45,20:15,,,,,,,,,,,,,,,,,,,,,,,,,,,
,,Release Date,Actual,Forecast,Previous,Time,,,,Time IST,,,,,,,,,,,,,,,,,,,,,,,,,,,,
,,16-Apr-25,,,,17:15,,,,22:45,,,,,,,,,,,,,,,,,,,,,,,,,,,,
,,04-Apr-25,,,,15:25,,,,20:55,,,,,,,,,,,,,,,,,,,,,,,,,,,,
,,07-Mar-25,,,,17:30,,,,23:00,,,,,,,,,,,,,,,,,,,,,,,,,,,,
,,04-Dec-24,,,,18:45,,,,0:15,,,,,,,,,,,,,,,,,,,,,,,,,,,,
,,14-Nov-24,,,,20:00,,,,1:30,,,,,,,,,,,,,,,,,,,,,,,,,,,,
,,30-Sep-24,,,,17:32,,,,23:02,,,,,,,,,,,,,,,,,,,,,,,,,,,,
,1,Event,EUR -  Deposit Facility Rate (Apr),,,Asset,IST Time,MT5 server time,x,IST Time,MT5 server time,,,,,,,,,,,,,,,,,,,,,,,,,,,
,,Actual:,,,,C:EURJPY,,EUR -  Deposit Facility Rate (Apr),,,EUR -  Deposit Facility Rate (Apr),,,,,,,,,,,,,,,,,,,,,,,,,,,
,,Forecast:,,,,EURJPY.sd,,,,,,,,,,,,,,,,,,,,,,,,,,,,,,,,
,,Previous:,2.5%,,,,,,,,,,,,,,,,,,,,,,,,,,,,,,,,,,,
,,Time (GMT):,12:15,,,,17:45,15:15,,20:00,,,,,,,,,,,,,,,,,,,,,,,,,,,,
,,Time (GMT):,Actual,Forecast,Previous,Time,Time IST,,,Time IST,,,,,,,,,,,,,,,,,,,,,,,,,,,,
,,13-Mar-25,0.0%,0.3% ,0.6%,12:30,18:00,,,18:45,,,,,,,,,,,,,,,,,,,,,,,,,,,,
,,13-Feb-25,0.4%,0.3% ,0.5%,13:30,19:00,,,18:45,,,,,,,,,,,,,,,,,,,,,,,,,,,,
,,14-Jan-25,0.2%,0.4% ,0.4%,13:30,19:00,,,18:45,,,,,,,,,,,,,,,,,,,,,,,,,,,,
,,12-Dec-24,0.4%,0.2% ,0.3%,13:30,19:00,,,17:45,,,,,,,,,,,,,,,,,,,,,,,,,,,,
,,14-Nov-24,0.2%,0.2% ,0.1%,13:30,19:00,,,17:45,,,,,,,,,,,,,,,,,,,,,,,,,,,,
,,11-Oct-24,0.0%,0.1% ,0.2%,12:30,18:00,,,17:45,,,,,,,,,,,,,,,,,,,,,,,,,,,,
,1,Event,EUR - ECB Interest Rate Decision (Apr),,,Asset,IST Time,MT5 server time,x,IST Time,MT5 server time,,,,,,,,,,,,,,,,,,,,,,,,,,,
,,Actual:,,,,C:USDJPY,,EUR - ECB Interest Rate Decision (Apr),,,EUR - ECB Interest Rate Decision (Apr),,,,,,,,,,,,,,,,,,,,,,,,,,,
,,Forecast:,,,,USDJPY.sd,,,,,,,,,,,,,,,,,,,,,,,,,,,,,,,,
,,Previous:, 0.03 ,,,,,,,,,,,,,,,,,,,,,,,,,,,,,,,,,,,
,,Time (GMT):,12:15,,,,17:45,15:15,,22:45,,,,,,,,,,,,,,,,,,,,,,,,,,,,
,,Release Date,Actual,Forecast,Previous,Time,Time IST,,,Time IST,,,,,,,,,,,,,,,,,,,,,,,,,,,,
,,03-Mar-25,5030.0%,50.6 ,5090.0%,15:00,20:30,,,20:15,,,,,,,,,,,,,,,,,,,,,,,,,,,,
,,03-Feb-25,5090.0%,49.3 ,4920.0%,15:00,20:30,,,20:15,,,,,,,,,,,,,,,,,,,,,,,,,,,,
,,03-Jan-25,4930.0%,48.2 ,4840.0%,15:00,20:30,,,20:15,,,,,,,,,,,,,,,,,,,,,,,,,,,,
,,02-Dec-24,4840.0%,47.7 ,4650.0%,15:00,20:30,,,19:15,,,,,,,,,,,,,,,,,,,,,,,,,,,,
,,01-Nov-24,4650.0%,47.6 ,4720.0%,14:00,19:30,,,19:15,,,,,,,,,,,,,,,,,,,,,,,,,,,,
,,01-Oct-24,4720.0%,47.6 ,4720.0%,14:00,19:30,,,19:15,,,,,,,,,,,,,,,,,,,,,,,,,,,,
,1,Event,USD - Initial Jobless Claims,,,Asset,Description,,,IST Time,MT5 server time,,,,,,,,,,,,,,,,,,,,,,,,,,,
,,Actual:,,,,C:USDJPY,"Initial Jobless Claims measures the number of people who filed for unemployment insurance for the first time during the past week. This is the most timely U.S. economic data, but the market impact varies from week to week.
A reading that is higher than forecast is generally negative (bearish) for the USD, while a lower than forecast reading is generally supportive (bullish) for the USD.

Learni More: USDJPY | EURUSD",,,,USD - Initial Jobless Claims,,,,,,,,,,,,,,,,,,,,,,,,,,,
,,Forecast:,,,,USDJPY.sd,,,,,,,,,,,,,,,,,,,,,,,,,,,,,,,,
,,Previous:,0.00%,,,,,,,,,,,,,,,,,,,,,,,,,,,,,,,,,,,
,,Time (GMT):,12:30,,,,,,,18:00,15:30,,,,,,,,,,,,,,,,,,,,,,,,,,,
,,Release Date,Actual,Forecast,Previous,Time,,,,Time IST,,,,,,,,,,,,,,,,,,,,,,,,,,,,
,,03-Apr-25,219,225,225,12:30,,,,18:00,,,,,,,,,,,,,,,,,,,,,,,,,,,,
,,27-Mar-25,224,225,225,12:30,,,,18:00,,,,,,,,,,,,,,,,,,,,,,,,,,,,
,,20-Mar-25,223,224,221,12:30,,,,18:00,,,,,,,,,,,,,,,,,,,,,,,,,,,,
,,13-Mar-25,220,226,222,12:30,,,,18:00,,,,,,,,,,,,,,,,,,,,,,,,,,,,
,,06-Mar-25,221,234,242,13:30,,,,19:00,,,,,,,,,,,,,,,,,,,,,,,,,,,,
,,27-Feb-25,242,222,220,13:30,,,,19:00,,,,,,,,,,,,,,,,,,,,,,,,,,,,
,1,Event,USD - Philadelphia Fed Manufacturing Index (Apr),,,Asset,Description,,,IST Time,MT5 server time,,,,,,,,,,,,,,,,,,,,,,,,,,,
,,Actual:,,,,C:USDJPY,"The Philadelphia Federal Reserve Manufacturing Index measures the relative level of business conditions amongst manufacturers in the Federal reserve district. A level above zero on the index indicates improving conditions; below indicates worsening conditions. The data is compiled from a survey of about 250 manufacturers in the Philadelphia Federal Reserve district.

A reading that is stronger than forecast is generally supportive (bullish) for the USD, while a weaker than forecast reading is generally negative (bearish) for the USD.

Learni More: USDJPY | EURUSD",,,,USD - Philadelphia Fed Manufacturing Index (Apr),,,,,,,,,,,,,,,,,,,,,,,,,,,
,,Forecast:,,,,USDJPY.sd,,,,,,,,,,,,,,,,,,,,,,,,,,,,,,,,
,,Previous:, 12.50 ,,,,,,,,,,,,,,,,,,,,,,,,,,,,,,,,,,,
,,Time (GMT):,12:30,,,,,,,18:00,15:30,,,,,,,,,,,,,,,,,,,,,,,,,,,
,,Release Date,Actual,Forecast,Previous,Time,,,,Time IST,,,,,,,,,,,,,,,,,,,,,,,,,,,,
,,20-Mar-25, 12.50 , 8.80 , 18.10 ,12:30,,,,18:00,,,,,,,,,,,,,,,,,,,,,,,,,,,,
,,20-Feb-25, 18.10 , 19.40 , 44.30 ,13:30,,,,19:00,,,,,,,,,,,,,,,,,,,,,,,,,,,,
,,16-Jan-25, 44.30 , (5.00), (10.90),13:30,,,,19:00,,,,,,,,,,,,,,,,,,,,,,,,,,,,
,,19-Dec-24, (16.40), 2.90 , (5.50),13:30,,,,19:00,,,,,,,,,,,,,,,,,,,,,,,,,,,,
,,21-Nov-24, (5.50), 7.40 , 10.30 ,13:30,,,,19:00,,,,,,,,,,,,,,,,,,,,,,,,,,,,
,,17-Oct-24, 10.30 , 4.20 , 1.70 ,12:30,,,,18:00,,,,,,,,,,,,,,,,,,,,,,,,,,,,
,1,Event,EUR -  ECB Press Conference,,,Asset,Description,,,IST Time,MT5 server time,,,,,,,,,,,,,,,,,,,,,,,,,,,
,,Actual:,,,,C:EURJPY,"

The European Central Bank (ECB) press conference is held monthly, about 45 minutes after the Minimum Bid Rate is announced. The conference is approximately an hour long and has two parts. Firstly, a prepared statement is read, then the conference is open to press questions. The press conference examines the factors which affected the ECB's interest rate decision and deals with the overall economic outlook and inflation. Most importantly, it provides clues regarding future monetary policy. High levels of volatility can frequently be observed during the press conference as press questions lead to unscripted answers.

Learn More: EURJPY | EURUSD",,,,EUR -  ECB Press Conference,,,,,,,,,,,,,,,,,,,,,,,,,,,
,,Forecast:,,,,EURJPY.sd,,,,,,,,,,,,,,,,,,,,,,,,,,,,,,,,
,,Previous:, -   ,,,,,,,,,,,,,,,,,,,,,,,,,,,,,,,,,,,
,,Time (GMT):,12:45,,,,,,,18:15,15:45,,,,,,,,,,,,,,,,,,,,,,,,,,,
,,Release Date,Actual,Forecast,Previous,Time,,,,Time IST,,,,,,,,,,,,,,,,,,,,,,,,,,,,
,,06-Mar-25, -   , -   , -   ,13:45,,,,19:15,,,,,,,,,,,,,,,,,,,,,,,,,,,,
,,30-Jan-25, -   , -   , -   ,13:45,,,,19:15,,,,,,,,,,,,,,,,,,,,,,,,,,,,
,,12-Dec-24, -   , -   , -   ,13:45,,,,19:15,,,,,,,,,,,,,,,,,,,,,,,,,,,,
,,17-Oct-24, -   , -   , -   ,12:45,,,,18:15,,,,,,,,,,,,,,,,,,,,,,,,,,,,
,,12-Sep-24, -   , -   , -   ,12:45,,,,18:15,,,,,,,,,,,,,,,,,,,,,,,,,,,,
,,18-Jul-24, -   , -   , -   ,12:45,,,,18:15,,,,,,,,,,,,,,,,,,,,,,,,,,,,
x,1,Event,USD - New Home Sales (Mar),,,Asset,Description,,,IST Time,MT5 server time,,,,,,,,,,,,,,,,,,,,,,,,,,,
,,Actual:,,,,C:USDJPY,"New Home Sales measures the annualised number of new single-family homes that were sold during the prior month. When it's released ahead of Existing Home Sales, this report tends to have more impact because the two reports are highly correlated.

A reading that is stronger than forecast is generally supportive (bullish) for the USD, while a weaker than forecast reading is generally negative (bearish) for the USD.

Learn More: USDJPY | EURUSD",,,,USD - New Home Sales (Mar),,,,,,,,,,,,,,,,,,,,,,,,,,,
,,Forecast:,,,,USDJPY.sd,,,,,,,,,,,,,,,,,,,,,,,,,,,,,,,,
,,Previous:,676K,,,,,,,,,,,,,,,,,,,,,,,,,,,,,,,,,,,
,,Time (GMT):,14:00,,,,,,,19:30,17:00,,,,,,,,,,,,,,,,,,,,,,,,,,,
,,Release Date,Actual,Forecast,Previous,Time,,,,Time IST,,,,,,,,,,,,,,,,,,,,,,,,,,,,
,,25-Mar-25,676,682,664,14:00,,,,19:30,,,,,,,,,,,,,,,,,,,,,,,,,,,,
,,26-Feb-25,657,679,734,15:00,,,,20:30,,,,,,,,,,,,,,,,,,,,,,,,,,,,
,,27-Jan-25,698,669,674,15:00,,,,20:30,,,,,,,,,,,,,,,,,,,,,,,,,,,,
,,23-Dec-24,664,666,627,15:00,,,,20:30,,,,,,,,,,,,,,,,,,,,,,,,,,,,
,,26-Nov-24,610,725,738,15:00,,,,20:30,,,,,,,,,,,,,,,,,,,,,,,,,,,,
,,24-Oct-24,738,719,709,14:00,,,,19:30,,,,,,,,,,,,,,,,,,,,,,,,,,,,
,1,Event,USD - Tesla Earnings Report,,,Asset,Description,,,IST Time,MT5 server time,,,,,,,,,,,,,,,,,,,,,,,,,,,
,,Actual:,,,,C:USDJPY,"[]

Learn More: UT100Roll",,,,USD - Tesla Earnings Report,,,,,,,,,,,,,,,,,,,,,,,,,,,
,,Forecast:,,,,USDJPY.sd,,,,,,,,,,,,,,,,,,,,,,,,,,,,,,,,
,,Previous:,0.00%,,,,,,,,,,,,,,,,,,,,,,,,,,,,,,,,,,,
,,Time (GMT):,20:00,,,,,,,1:30,23:00,,,,,,,,,,,,,,,,,,,,,,,,,,,
,,Release Date,Actual,Forecast,Previous,Time,,,,Time IST,,,,,,,,,,,,,,,,,,,,,,,,,,,,
,,29-Jan-25,$0.66,$0.62,,14:00,,,,19:30,,,,,,,,,,,,,,,,,,,,,,,,,,,,
,,23-Oct-24,$0.62,$0.46,,15:00,,,,20:30,,,,,,,,,,,,,,,,,,,,,,,,,,,,
,,23-Jul-24,$0.42,$0.46,,15:00,,,,20:30,,,,,,,,,,,,,,,,,,,,,,,,,,,,
,,23-Apr-24,$0.35,$0.35,,15:00,,,,20:30,,,,,,,,,,,,,,,,,,,,,,,,,,,,
,,24-Jan-24,$0.57,$0.60,,15:00,,,,20:30,,,,,,,,,,,,,,,,,,,,,,,,,,,,
,,18-Oct-23,$0.53,$0.64,,14:00,,,,19:30,,,,,,,,,,,,,,,,,,,,,,,,,,,,
,1,Event,USD - Manufacturing PMI (Apr) P,,,Asset,Description,,,IST Time,MT5 server time,,,,,,,,,,,,,,,,,,,,,,,,,,,
,,Actual:,,,,C:USDJPY,"The Manufacturing Purchasing Managers' Index (PMI) is a diffusion index incorporating survey results provided by manufacturing firms throughout the country. A reading above fifty suggests the manufacturing sector is expanding, while a reading below fifty suggests the manufacturing sector is in contraction. Policymakers and traders watch these surveys closely as purchasing managers usually have early access to data about their company’s performance, rather than waiting for the hard data to emerge. While manufacturing accounts for a far smaller percentage of economic output than services, it is far more cyclical and is therefore a useful indicator of where in the economic cycle the economy is currently situated. A reading that is stronger than forecast is generally supportive (bullish) for the USD while a weaker than forecast reading is generally negative (bearish) for the USD.

Learn More: USDJPY | EURUSD",,,,USD - Manufacturing PMI (Apr) P,,,,,,,,,,,,,,,,,,,,,,,,,,,
,,Forecast:,,,,USDJPY.sd,,,,,,,,,,,,,,,,,,,,,,,,,,,,,,,,
,,Previous:, 50.20 ,,,,,,,,,,,,,,,,,,,,,,,,,,,,,,,,,,,
,,Time (GMT):,13:45,,,,,,,19:15,16:45,,,,,,,,,,,,,,,,,,,,,,,,,,,
,,Release Date,Actual,Forecast,Previous,Time,,,,Time IST,,,,,,,,,,,,,,,,,,,,,,,,,,,,
,,01-Apr-25, 50.20 , 49.80 , 52.70 ,13:45,,,,19:15,,,,,,,,,,,,,,,,,,,,,,,,,,,,
,,24-Mar-25, 49.80 , 51.90 , 52.70 ,13:45,,,,19:15,,,,,,,,,,,,,,,,,,,,,,,,,,,,
,,01-Apr-25, 50.20 , 49.80 , 52.70 ,13:45,,,,19:15,,,,,,,,,,,,,,,,,,,,,,,,,,,,
,,24-Mar-25, 49.80 , 51.90 , 52.70 ,13:45,,,,19:15,,,,,,,,,,,,,,,,,,,,,,,,,,,,
,,01-Apr-25, 50.20 , 49.80 , 52.70 ,13:45,,,,19:15,,,,,,,,,,,,,,,,,,,,,,,,,,,,
,,24-Mar-25, 49.80 , 51.90 , 52.70 ,13:45,,,,19:15,,,,,,,,,,,,,,,,,,,,,,,,,,,,
,1,Event,USD - Services PMI (Apr) P,,,Asset,Description,,,IST Time,MT5 server time,,,,,,,,,,,,,,,,,,,,,,,,,,,
,,Actual:,,,,C:USDJPY,"
The Service PMI release is published monthly by Markit Economics. The data are based on surveys of over 400 executives in private sector service companies. The surveys cover transport and communication, financial intermediaries, business and personal services, computing & IT, hotels and restaurants. 
An index level of 50 denotes no change since the previous month, while a level above 50 signals an improvement, and below 50 indicates a deterioration. A reading that is stronger than forecast is generally supportive (bullish) for the USD, while a weaker than forecast reading is generally negative (bearish) for the USD.

Learn More: USDJPY | EURUSD",,,,USD - Services PMI (Apr) P,,,,,,,,,,,,,,,,,,,,,,,,,,,
,,Forecast:,,,,USDJPY.sd,,,,,,,,,,,,,,,,,,,,,,,,,,,,,,,,
,,Previous:, 54.40 ,,,,,,,,,,,,,,,,,,,,,,,,,,,,,,,,,,,
,,Time (GMT):,13:45,,,,,,,19:15,16:45,,,,,,,,,,,,,,,,,,,,,,,,,,,
,,Release Date,Actual,Forecast,Previous,Time,,,,Time IST,,,,,,,,,,,,,,,,,,,,,,,,,,,,
,,03-Apr-25, 54.40 , 54.30 , 51.00 ,13:45,,,,19:15,,,,,,,,,,,,,,,,,,,,,,,,,,,,
,,24-Mar-25, 54.30 , 51.20 , 51.00 ,13:45,,,,19:15,,,,,,,,,,,,,,,,,,,,,,,,,,,,
,,03-Apr-25, 54.40 , 54.30 , 51.00 ,13:45,,,,19:15,,,,,,,,,,,,,,,,,,,,,,,,,,,,
,,24-Mar-25, 54.30 , 51.20 , 51.00 ,13:45,,,,19:15,,,,,,,,,,,,,,,,,,,,,,,,,,,,
,,03-Apr-25, 54.40 , 54.30 , 51.00 ,13:45,,,,19:15,,,,,,,,,,,,,,,,,,,,,,,,,,,,
,,24-Mar-25, 54.30 , 51.20 , 51.00 ,13:45,,,,19:15,,,,,,,,,,,,,,,,,,,,,,,,,,,,
,1,Event,USD - Crude Oil Inventories,,,Asset,Description,,,IST Time,MT5 server time,,,,,,,,,,,,,,,,,,,,,,,,,,,
,,Actual:,,,,C:USDJPY,"Durable Goods Orders reports the change in the total value of new orders for long lasting manufactured goods, including transportation items.

A reading that is stronger than forecast is generally supportive (bullish) for the USD, while a weaker than forecast reading is generally negative (bearish) for the USD.

Learn More: USDJPY | EURUSD",,,,USD - Crude Oil Inventories,,,,,,,,,,,,,,,,,,,,,,,,,,,
,,Forecast:,,,,USDJPY.sd,,,,,,,,,,,,,,,,,,,,,,,,,,,,,,,,
,,Previous:, 0.515M ,,,,,,,,,,,,,,,,,,,,,,,,,,,,,,,,,,,
,,Time (GMT):,14:30,,,,,,,20:00,17:30,,,,,,,,,,,,,,,,,,,,,,,,,,,
,,Release Date,Actual,Forecast,Previous,Time,,,,Time IST,,,,,,,,,,,,,,,,,,,,,,,,,,,,
,,16-Apr-25,0.515,0.400,2.553,17:30,,,,20:00,,,,,,,,,,,,,,,,,,,,,,,,,,,,
,,09-Apr-25,2.553,2.200,6.165,17:30,,,,20:00,,,,,,,,,,,,,,,,,,,,,,,,,,,,
,,02-Apr-25,6.165,-0.20,-3.34,17:30,,,,20:00,,,,,,,,,,,,,,,,,,,,,,,,,,,,
,,26-Mar-25,-3.34,1.500,1.745,17:30,,,,20:00,,,,,,,,,,,,,,,,,,,,,,,,,,,,
,,19-Mar-25,1.745,0.800,1.448,16:30,,,,19:00,,,,,,,,,,,,,,,,,,,,,,,,,,,,
,,12-Mar-25,1.448,2.100,3.614,16:30,,,,19:00,,,,,,,,,,,,,,,,,,,,,,,,,,,,
,1,Event,USD - Durable Goods Orders (MoM) (Mar) P,,,Asset,Description,,,IST Time,MT5 server time,,,,,,,,,,,,,,,,,,,,,,,,,,,
,,Actual:,,,,C:USDJPY,"Durable Goods Orders reports the change in the total value of new orders for long lasting manufactured goods, including transportation items.

A reading that is stronger than forecast is generally supportive (bullish) for the USD, while a weaker than forecast reading is generally negative (bearish) for the USD.

Learn More: USDJPY | EURUSD",,,,USD - Durable Goods Orders (MoM) (Mar) P,,,,,,,,,,,,,,,,,,,,,,,,,,,
,,Forecast:,,,,USDJPY.sd,,,,,,,,,,,,,,,,,,,,,,,,,,,,,,,,
,,Previous:,1.00%,,,,,,,,,,,,,,,,,,,,,,,,,,,,,,,,,,,
,,Time (GMT):,12:30,,,,,,,18:00,15:30,,,,,,,,,,,,,,,,,,,,,,,,,,,
,,Release Date,Actual,Forecast,Previous,Time,,,,Time IST,,,,,,,,,,,,,,,,,,,,,,,,,,,,
,,26-Mar-25,0.90%,-1.10%,3.30%,12:30,,,,18:00,,,,,,,,,,,,,,,,,,,,,,,,,,,,
,,27-Feb-25,3.10%,2.00%,-1.80%,13:30,,,,19:00,,,,,,,,,,,,,,,,,,,,,,,,,,,,
,,28-Jan-25,-2.20%,0.30%,-2.00%,13:30,,,,19:00,,,,,,,,,,,,,,,,,,,,,,,,,,,,
,,23-Dec-24,-1.10%,-0.30%,0.80%,13:30,,,,19:00,,,,,,,,,,,,,,,,,,,,,,,,,,,,
,,27-Nov-24,0.20%,-0.80%,-0.40%,13:30,,,,19:00,,,,,,,,,,,,,,,,,,,,,,,,,,,,
,,25-Oct-24,-0.80%,-1.10%,-0.80%,12:30,,,,18:00,,,,,,,,,,,,,,,,,,,,,,,,,,,,
,1,Event,USD - Initial Jobless Claims,,,Asset,Description,,,IST Time,MT5 server time,,,,,,,,,,,,,,,,,,,,,,,,,,,
,,Actual:,,,,C:USDJPY,"
Initial Jobless Claims measures the number of people who filed for unemployment insurance for the first time during the past week. This is the most timely U.S. economic data, but the market impact varies from week to week.
A reading that is higher than forecast is generally negative (bearish) for the USD, while a lower than forecast reading is generally supportive (bullish) for the USD.

Learn More: USDJPY | EURUSD",,,,USD - Initial Jobless Claims,,,,,,,,,,,,,,,,,,,,,,,,,,,
,,Forecast:,,,,USDJPY.sd,,,,,,,,,,,,,,,,,,,,,,,,,,,,,,,,
,,Previous:,0.00%,,,,,,,,,,,,,,,,,,,,,,,,,,,,,,,,,,,
,,Time (GMT):,12:30,,,,,,,18:00,15:30,,,,,,,,,,,,,,,,,,,,,,,,,,,
,,Release Date,Actual,Forecast,Previous,Time,,,,Time IST,,,,,,,,,,,,,,,,,,,,,,,,,,,,
,,17-Apr-25,215,225,224,12:30,,,,18:00,,,,,,,,,,,,,,,,,,,,,,,,,,,,
,,10-Apr-25,223,223,219,12:30,,,,18:00,,,,,,,,,,,,,,,,,,,,,,,,,,,,
,,03-Apr-25,219,225,225,12:30,,,,18:00,,,,,,,,,,,,,,,,,,,,,,,,,,,,
,,27-Mar-25,224,225,225,12:30,,,,18:00,,,,,,,,,,,,,,,,,,,,,,,,,,,,
,,20-Mar-25,223,224,221,12:30,,,,18:00,,,,,,,,,,,,,,,,,,,,,,,,,,,,
,,13-Mar-25,220,226,222,12:30,,,,18:00,,,,,,,,,,,,,,,,,,,,,,,,,,,,
,1,Event,USD - Existing Homes Sales (Mar),,,Asset,Description,,,IST Time,MT5 server time,,,,,,,,,,,,,,,,,,,,,,,,,,,
,,Actual:,,,,C:USDJPY,"
Existing Home Sales measures the change in the annualised number of existing residential buildings that were sold during the prior month. This report helps to gauge the strength of the U.S. housing market and is an important indicator of overall economic strength.

A reading that is stronger than forecast is generally supportive (bullish) for the USD, while a weaker than forecast reading is generally negative (bearish) for the USD.

Learn More: USDJPY | EURUSD",,,,USD - Existing Homes Sales (Mar),,,,,,,,,,,,,,,,,,,,,,,,,,,
,,Forecast:,,,,USDJPY.sd,,,,,,,,,,,,,,,,,,,,,,,,,,,,,,,,
,,Previous:,4.26M,,,,,,,,,,,,,,,,,,,,,,,,,,,,,,,,,,,
,,Time (GMT):,14:00,,,,,,,19:30,17:00,,,,,,,,,,,,,,,,,,,,,,,,,,,
,,Release Date,Actual,Forecast,Previous,Time,,,,Time IST,,,,,,,,,,,,,,,,,,,,,,,,,,,,
,,20-Mar-25,4.26,3.95,4.09,14:00,,,,19:30,,,,,,,,,,,,,,,,,,,,,,,,,,,,
,,21-Feb-25,4.08,4.13,4.29,14:00,,,,19:30,,,,,,,,,,,,,,,,,,,,,,,,,,,,
,,24-Jan-25,4.24,4.19,4.15,15:00,,,,20:30,,,,,,,,,,,,,,,,,,,,,,,,,,,,
,,19-Dec-24,4.15,4.09,3.96,15:00,,,,20:30,,,,,,,,,,,,,,,,,,,,,,,,,,,,
,,21-Nov-24,3.96,3.95,3.83,15:00,,,,20:30,,,,,,,,,,,,,,,,,,,,,,,,,,,,
,,23-Oct-24,3.84,3.88,3.88,15:00,,,,20:30,,,,,,,,,,,,,,,,,,,,,,,,,,,,
,1,Event,USD - Alphabet Earnings Report,,,Asset,Description,,,IST Time,MT5 server time,,,,,,,,,,,,,,,,,,,,,,,,,,,
,,Actual:,,,,C:USDJPY,"[]

Learn More: UT100Roll",,,,USD - Alphabet Earnings Report,,,,,,,,,,,,,,,,,,,,,,,,,,,
,,Forecast:,,,,USDJPY.sd,,,,,,,,,,,,,,,,,,,,,,,,,,,,,,,,
,,Previous:,223K,,,,,,,,,,,,,,,,,,,,,,,,,,,,,,,,,,,
,,Time (GMT):,14:00,,,,,,,19:30,17:00,,,,,,,,,,,,,,,,,,,,,,,,,,,
,,Release Date,Actual,Forecast,Previous,Time,,,,Time IST,,,,,,,,,,,,,,,,,,,,,,,,,,,,
,,04-Feb-25,$2.15,$2.12,,14:00,,,,19:30,,,,,,,,,,,,,,,,,,,,,,,,,,,,
,,29-Oct-24,$2.12,$1.83,,14:00,,,,19:30,,,,,,,,,,,,,,,,,,,,,,,,,,,,
,,23-Jul-24,$1.89,$1.85,,15:00,,,,20:30,,,,,,,,,,,,,,,,,,,,,,,,,,,,
,,25-Apr-24,$1.89,$1.49,,15:00,,,,20:30,,,,,,,,,,,,,,,,,,,,,,,,,,,,
,,30-Jan-24,$1.64,$1.60,,15:00,,,,20:30,,,,,,,,,,,,,,,,,,,,,,,,,,,,
,,24-Oct-23,$1.55,$1.45,,15:00,,,,20:30,,,,,,,,,,,,,,,,,,,,,,,,,,,,
,1,Event,Australia - ANZAC Day,,,Asset,Description,,,IST Time,MT5 server time,,,,,,,,,,,,,,,,,,,,,,,,,,,
,,Actual:,,,,C:EURJPY,"[]

Learn More: Legacy Reference",,,,Australia - ANZAC Day,,,,,,,,,,,,,,,,,,,,,,,,,,,
,,Forecast:,,,,EURJPY.sd,,,,,,,,,,,,,,,,,,,,,,,,,,,,,,,,
,,Previous:,0.00%,,,,,,,,,,,,,,,,,,,,,,,,,,,,,,,,,,,
,,Time (GMT):,#VALUE!,,,,,,,All Day,#VALUE!,,,,,,,,,,,,,,,,,,,,,,,,,,,
,,Release Date,Actual,Forecast,Previous,Time,,,,Time IST,,,,,,,,,,,,,,,,,,,,,,,,,,,,
,,01-Apr-25,2.20%,2.20%,2.30%,9:00,,,,14:30,,,,,,,,,,,,,,,,,,,,,,,,,,,,
,,19-Mar-25,2.30%,2.40%,2.50%,10:00,,,,15:30,,,,,,,,,,,,,,,,,,,,,,,,,,,,
,,03-Mar-25,2.40%,2.30%,2.50%,10:00,,,,15:30,,,,,,,,,,,,,,,,,,,,,,,,,,,,
,,24-Feb-25,2.50%,2.50%,2.40%,10:00,,,,15:30,,,,,,,,,,,,,,,,,,,,,,,,,,,,
,,03-Feb-25,2.50%,2.40%,2.40%,10:00,,,,15:30,,,,,,,,,,,,,,,,,,,,,,,,,,,,
,,17-Jan-25,2.40%,2.40%,2.20%,10:00,,,,15:30,,,,,,,,,,,,,,,,,,,,,,,,,,,,
,1,Event,New Zealand - ANZAC Day,,,Asset,Description,,,IST Time,MT5 server time,,,,,,,,,,,,,,,,,,,,,,,,,,,
,,Actual:,,,,C:USDJPY,"[]

Learn More: Legacy Reference",,,,New Zealand - ANZAC Day,,,,,,,,,,,,,,,,,,,,,,,,,,,
,,Forecast:,,,,USDJPY.sd,,,,,,,,,,,,,,,,,,,,,,,,,,,,,,,,
,,Previous:,0.00%,,,,,,,,,,,,,,,,,,,,,,,,,,,,,,,,,,,
,,Time (GMT):,#VALUE!,,,,,,,All Day,#VALUE!,,,,,,,,,,,,,,,,,,,,,,,,,,,
,,Release Date,Actual,Forecast,Previous,Time,,,,Time IST,,,,,,,,,,,,,,,,,,,,,,,,,,,,
,,17-Mar-25,0.30%,0.30%,-0.60%,12:30,,,,18:00,,,,,,,,,,,,,,,,,,,,,,,,,,,,
,,14-Feb-25,-0.40%,0.30%,0.70%,13:30,,,,19:00,,,,,,,,,,,,,,,,,,,,,,,,,,,,
,,16-Jan-25,0.40%,0.50%,0.20%,13:30,,,,19:00,,,,,,,,,,,,,,,,,,,,,,,,,,,,
,,17-Dec-24,0.20%,0.40%,0.20%,13:30,,,,19:00,,,,,,,,,,,,,,,,,,,,,,,,,,,,
,,15-Nov-24,0.10%,0.30%,1.00%,13:30,,,,19:00,,,,,,,,,,,,,,,,,,,,,,,,,,,,
,,17-Oct-24,0.50%,0.10%,0.20%,12:30,,,,18:00,,,,,,,,,,,,,,,,,,,,,,,,,,,,
,1,Event,USD - Retail Sales (MoM) (Mar),,,Asset,Description,,,IST Time,MT5 server time,,,,,,,,,,,,,,,,,,,,,,,,,,,
,,Actual:,,,,C:USDJPY,"
Retail Sales gauges the change in the aggregate value of sales at the retail level across the country. It is an important indicator of consumer spending accounting for the majority of overall economic activity.

A reading that is stronger than forecast is generally supportive (bullish) for the USD, while a weaker than forecast reading is generally negative (bearish) for the USD.

Learn More: USDJPY | EURUSD",,,,USD - Retail Sales (MoM) (Mar),,,,,,,,,,,,,,,,,,,,,,,,,,,
,,Forecast:,,,,USDJPY.sd,,,,,,,,,,,,,,,,,,,,,,,,,,,,,,,,
,,Previous:,0.20%,,,,,,,,,,,,,,,,,,,,,,,,,,,,,,,,,,,
,,Time (GMT):,12:30,,,,,,,18:00,15:30,,,,,,,,,,,,,,,,,,,,,,,,,,,
,,Release Date,Actual,Forecast,Previous,Time,,,,Time IST,,,,,,,,,,,,,,,,,,,,,,,,,,,,
,,17-Mar-25,0.20%,0.60%,-1.20%,12:30,,,,18:00,,,,,,,,,,,,,,,,,,,,,,,,,,,,
,,14-Feb-25,-0.90%,-0.20%,0.70%,13:30,,,,19:00,,,,,,,,,,,,,,,,,,,,,,,,,,,,
,,16-Jan-25,0.40%,0.60%,0.80%,13:30,,,,19:00,,,,,,,,,,,,,,,,,,,,,,,,,,,,
,,17-Dec-24,0.70%,0.60%,0.50%,13:30,,,,19:00,,,,,,,,,,,,,,,,,,,,,,,,,,,,
,,15-Nov-24,0.40%,0.30%,0.80%,13:30,,,,19:00,,,,,,,,,,,,,,,,,,,,,,,,,,,,
,,17-Oct-24,0.40%,0.30%,0.10%,12:30,,,,18:00,,,,,,,,,,,,,,,,,,,,,,,,,,,,
,1,Event,CAD - BoC Interest Rate Decision,,,Asset,Description,,,IST Time,MT5 server time,,,,,,,,,,,,,,,,,,,,,,,,,,,
,,Actual:,,,,C:CADJPY,"
The Bank of Canada (BOC) publishes its decision on where to set the benchmark interest rate. As short term interest rates are an important determinant of currency valuation, traders watch interest rate changes closely.

A reading that is stronger than forecast is generally supportive (bullish) for the CAD, while a weaker than forecast reading is generally negative (bearish) for the CAD.

Learn More: CADJPY | USDCAD",,,,CAD - BoC Interest Rate Decision,,,,,,,,,,,,,,,,,,,,,,,,,,,
,,Forecast:,,,,CADJPY.sd,,,,,,,,,,,,,,,,,,,,,,,,,,,,,,,,
,,Previous:,2.75%,,,,,,,,,,,,,,,,,,,,,,,,,,,,,,,,,,,
,,Time (GMT):,13:45,,,,,,,19:15,16:45,,,,,,,,,,,,,,,,,,,,,,,,,,,
,,Release Date,Actual,Forecast,Previous,Time,,,,Time IST,,,,,,,,,,,,,,,,,,,,,,,,,,,,
,,12-Mar-25,2.75%,2.75%,3.00%,13:45,,,,19:15,,,,,,,,,,,,,,,,,,,,,,,,,,,,
,,12-Feb-25,3.00%,3.00%,3.25%,14:45,,,,20:15,,,,,,,,,,,,,,,,,,,,,,,,,,,,
,,07-Jan-25,3.25%,3.25%,3.75%,14:45,,,,20:15,,,,,,,,,,,,,,,,,,,,,,,,,,,,
,,11-Dec-24,3.75%,3.75%,4.25%,13:45,,,,19:15,,,,,,,,,,,,,,,,,,,,,,,,,,,,
,,05-Nov-24,4.25%,4.25%,4.50%,13:45,,,,19:15,,,,,,,,,,,,,,,,,,,,,,,,,,,,
,,09-Oct-24,4.50%,4.50%,4.75%,13:45,,,,19:15,,,,,,,,,,,,,,,,,,,,,,,,,,,,
,1,Event,USD - Crude Oil Inventories,,,Asset,Description,,,IST Time,MT5 server time,,,,,,,,,,,,,,,,,,,,,,,,,,,
,,Actual:,,,,USOILRoll,"
The Energy Information Administration's (EIA) Crude Oil Inventories measures the weekly change in the number of barrels of commercial crude oil held by US firms. The level of inventories influences the price of petroleum products, which can have an impact on inflation.

If the increase in crude inventories is more than expected, it implies weaker demand and is bearish for crude prices. The same can be said if a decline in inventories is less than expected.
If the increase in crude is less than expected, it implies greater demand and is bullish for crude prices. The same can be said if a decline in inventories is more than expected.

Learn More: USOILRoll",,,,USD - Crude Oil Inventories,,,,,,,,,,,,,,,,,,,,,,,,,,,
,,Forecast:,,,,USOILRoll,,,,,,,,,,,,,,,,,,,,,,,,,,,,,,,,
,,Previous:,2.553M,,,,,,,,,,,,,,,,,,,,,,,,,,,,,,,,,,,
,,Time (GMT):,14:30,,,,,,,20:00,17:30,,,,,,,,,,,,,,,,,,,,,,,,,,,
,,Release Date,Actual,Forecast,Previous,Time,,,,Time IST,,,,,,,,,,,,,,,,,,,,,,,,,,,,
,,09-Apr-25,2.553,2.200,6.165,14:45,,,,20:15,,,,,,,,,,,,,,,,,,,,,,,,,,,,
,,02-Apr-25,6.165,-0.20,-3.34,14:45,,,,20:15,,,,,,,,,,,,,,,,,,,,,,,,,,,,
,,26-Mar-25,-3.34,1.500,1.745,14:45,,,,20:15,,,,,,,,,,,,,,,,,,,,,,,,,,,,
,,19-Mar-25,1.745,0.800,1.448,13:45,,,,19:15,,,,,,,,,,,,,,,,,,,,,,,,,,,,
,,12-Mar-25,1.448,2.100,3.614,13:45,,,,19:15,,,,,,,,,,,,,,,,,,,,,,,,,,,,
,,05-Mar-25,3.614,0.600,-2.33,13:45,,,,19:15,,,,,,,,,,,,,,,,,,,,,,,,,,,,
,1,Event,USD - Fed Chair Powell Speaks,,,Asset,Description,,,IST Time,MT5 server time,,,,,,,,,,,,,,,,,,,,,,,,,,,
,,Actual:,,,,C:USDJPY,"

Federal Reserve Chair Jerome Powell (Feb. 2018 – Feb. 2026) is to speak. As head of the Fed, which controls short term interest rates, he has more influence over the U.S. dollar's value than any other person. Traders closely watch his speeches as they are often used to drop hints regarding future monetary policy.

Learn More: USDJPY | EURUSD",,,,USD - Fed Chair Powell Speaks,,,,,,,,,,,,,,,,,,,,,,,,,,,
,,Forecast:,,,,USDJPY.sd,,,,,,,,,,,,,,,,,,,,,,,,,,,,,,,,
,,Previous:,0.00%,,,,,,,,,,,,,,,,,,,,,,,,,,,,,,,,,,,
,,Time (GMT):,17:15,,,,,,,22:45,20:15,,,,,,,,,,,,,,,,,,,,,,,,,,,
,,Release Date,Actual,Forecast,Previous,Time,,,,Time IST,,,,,,,,,,,,,,,,,,,,,,,,,,,,
,,16-Apr-25,,,,17:15,,,,22:45,,,,,,,,,,,,,,,,,,,,,,,,,,,,
,,04-Apr-25,,,,15:25,,,,20:55,,,,,,,,,,,,,,,,,,,,,,,,,,,,
,,07-Mar-25,,,,17:30,,,,23:00,,,,,,,,,,,,,,,,,,,,,,,,,,,,
,,04-Dec-24,,,,18:45,,,,0:15,,,,,,,,,,,,,,,,,,,,,,,,,,,,
,,14-Nov-24,,,,20:00,,,,1:30,,,,,,,,,,,,,,,,,,,,,,,,,,,,
,,30-Sep-24,,,,17:32,,,,23:02,,,,,,,,,,,,,,,,,,,,,,,,,,,,
,1,Event,EUR -  Deposit Facility Rate (Apr),,,Asset,IST Time,MT5 server time,x,IST Time,MT5 server time,,,,,,,,,,,,,,,,,,,,,,,,,,,
,,Actual:,,,,C:EURJPY,,EUR -  Deposit Facility Rate (Apr),,,EUR -  Deposit Facility Rate (Apr),,,,,,,,,,,,,,,,,,,,,,,,,,,
,,Forecast:,,,,EURJPY.sd,,,,,,,,,,,,,,,,,,,,,,,,,,,,,,,,
,,Previous:,2.5%,,,,,,,,,,,,,,,,,,,,,,,,,,,,,,,,,,,
,,Time (GMT):,12:15,,,,17:45,15:15,,20:00,,,,,,,,,,,,,,,,,,,,,,,,,,,,
,,Time (GMT):,Actual,Forecast,Previous,Time,Time IST,,,Time IST,,,,,,,,,,,,,,,,,,,,,,,,,,,,
,,13-Mar-25,0.0%,0.3% ,0.6%,12:30,18:00,,,18:45,,,,,,,,,,,,,,,,,,,,,,,,,,,,
,,13-Feb-25,0.4%,0.3% ,0.5%,13:30,19:00,,,18:45,,,,,,,,,,,,,,,,,,,,,,,,,,,,
,,14-Jan-25,0.2%,0.4% ,0.4%,13:30,19:00,,,18:45,,,,,,,,,,,,,,,,,,,,,,,,,,,,
,,12-Dec-24,0.4%,0.2% ,0.3%,13:30,19:00,,,17:45,,,,,,,,,,,,,,,,,,,,,,,,,,,,
,,14-Nov-24,0.2%,0.2% ,0.1%,13:30,19:00,,,17:45,,,,,,,,,,,,,,,,,,,,,,,,,,,,
,,11-Oct-24,0.0%,0.1% ,0.2%,12:30,18:00,,,17:45,,,,,,,,,,,,,,,,,,,,,,,,,,,,
,1,Event,EUR - ECB Interest Rate Decision (Apr),,,Asset,IST Time,MT5 server time,x,IST Time,MT5 server time,,,,,,,,,,,,,,,,,,,,,,,,,,,
,,Actual:,,,,C:USDJPY,,EUR - ECB Interest Rate Decision (Apr),,,EUR - ECB Interest Rate Decision (Apr),,,,,,,,,,,,,,,,,,,,,,,,,,,
,,Forecast:,,,,USDJPY.sd,,,,,,,,,,,,,,,,,,,,,,,,,,,,,,,,
,,Previous:, 0.03 ,,,,,,,,,,,,,,,,,,,,,,,,,,,,,,,,,,,
,,Time (GMT):,12:15,,,,17:45,15:15,,22:45,,,,,,,,,,,,,,,,,,,,,,,,,,,,
,,Release Date,Actual,Forecast,Previous,Time,Time IST,,,Time IST,,,,,,,,,,,,,,,,,,,,,,,,,,,,
,,03-Mar-25,5030.0%,50.6 ,5090.0%,15:00,20:30,,,20:15,,,,,,,,,,,,,,,,,,,,,,,,,,,,
,,03-Feb-25,5090.0%,49.3 ,4920.0%,15:00,20:30,,,20:15,,,,,,,,,,,,,,,,,,,,,,,,,,,,
,,03-Jan-25,4930.0%,48.2 ,4840.0%,15:00,20:30,,,20:15,,,,,,,,,,,,,,,,,,,,,,,,,,,,
,,02-Dec-24,4840.0%,47.7 ,4650.0%,15:00,20:30,,,19:15,,,,,,,,,,,,,,,,,,,,,,,,,,,,
,,01-Nov-24,4650.0%,47.6 ,4720.0%,14:00,19:30,,,19:15,,,,,,,,,,,,,,,,,,,,,,,,,,,,
,,01-Oct-24,4720.0%,47.6 ,4720.0%,14:00,19:30,,,19:15,,,,,,,,,,,,,,,,,,,,,,,,,,,,
,1,Event,USD - Initial Jobless Claims,,,Asset,Description,,,IST Time,MT5 server time,,,,,,,,,,,,,,,,,,,,,,,,,,,
,,Actual:,,,,C:USDJPY,"Initial Jobless Claims measures the number of people who filed for unemployment insurance for the first time during the past week. This is the most timely U.S. economic data, but the market impact varies from week to week.
A reading that is higher than forecast is generally negative (bearish) for the USD, while a lower than forecast reading is generally supportive (bullish) for the USD.

Learni More: USDJPY | EURUSD",,,,USD - Initial Jobless Claims,,,,,,,,,,,,,,,,,,,,,,,,,,,
,,Forecast:,,,,USDJPY.sd,,,,,,,,,,,,,,,,,,,,,,,,,,,,,,,,
,,Previous:,0.00%,,,,,,,,,,,,,,,,,,,,,,,,,,,,,,,,,,,
,,Time (GMT):,12:30,,,,,,,18:00,15:30,,,,,,,,,,,,,,,,,,,,,,,,,,,
,,Release Date,Actual,Forecast,Previous,Time,,,,Time IST,,,,,,,,,,,,,,,,,,,,,,,,,,,,
,,03-Apr-25,219,225,225,12:30,,,,18:00,,,,,,,,,,,,,,,,,,,,,,,,,,,,
,,27-Mar-25,224,225,225,12:30,,,,18:00,,,,,,,,,,,,,,,,,,,,,,,,,,,,
,,20-Mar-25,223,224,221,12:30,,,,18:00,,,,,,,,,,,,,,,,,,,,,,,,,,,,
,,13-Mar-25,220,226,222,12:30,,,,18:00,,,,,,,,,,,,,,,,,,,,,,,,,,,,
,,06-Mar-25,221,234,242,13:30,,,,19:00,,,,,,,,,,,,,,,,,,,,,,,,,,,,
,,27-Feb-25,242,222,220,13:30,,,,19:00,,,,,,,,,,,,,,,,,,,,,,,,,,,,
,1,Event,USD - Philadelphia Fed Manufacturing Index (Apr),,,Asset,Description,,,IST Time,MT5 server time,,,,,,,,,,,,,,,,,,,,,,,,,,,
,,Actual:,,,,C:USDJPY,"The Philadelphia Federal Reserve Manufacturing Index measures the relative level of business conditions amongst manufacturers in the Federal reserve district. A level above zero on the index indicates improving conditions; below indicates worsening conditions. The data is compiled from a survey of about 250 manufacturers in the Philadelphia Federal Reserve district.

A reading that is stronger than forecast is generally supportive (bullish) for the USD, while a weaker than forecast reading is generally negative (bearish) for the USD.

Learni More: USDJPY | EURUSD",,,,USD - Philadelphia Fed Manufacturing Index (Apr),,,,,,,,,,,,,,,,,,,,,,,,,,,
,,Forecast:,,,,USDJPY.sd,,,,,,,,,,,,,,,,,,,,,,,,,,,,,,,,
,,Previous:, 12.50 ,,,,,,,,,,,,,,,,,,,,,,,,,,,,,,,,,,,
,,Time (GMT):,12:30,,,,,,,18:00,15:30,,,,,,,,,,,,,,,,,,,,,,,,,,,
,,Release Date,Actual,Forecast,Previous,Time,,,,Time IST,,,,,,,,,,,,,,,,,,,,,,,,,,,,
,,20-Mar-25, 12.50 , 8.80 , 18.10 ,12:30,,,,18:00,,,,,,,,,,,,,,,,,,,,,,,,,,,,
,,20-Feb-25, 18.10 , 19.40 , 44.30 ,13:30,,,,19:00,,,,,,,,,,,,,,,,,,,,,,,,,,,,
,,16-Jan-25, 44.30 , (5.00), (10.90),13:30,,,,19:00,,,,,,,,,,,,,,,,,,,,,,,,,,,,
,,19-Dec-24, (16.40), 2.90 , (5.50),13:30,,,,19:00,,,,,,,,,,,,,,,,,,,,,,,,,,,,
,,21-Nov-24, (5.50), 7.40 , 10.30 ,13:30,,,,19:00,,,,,,,,,,,,,,,,,,,,,,,,,,,,
,,17-Oct-24, 10.30 , 4.20 , 1.70 ,12:30,,,,18:00,,,,,,,,,,,,,,,,,,,,,,,,,,,,
,1,Event,EUR -  ECB Press Conference,,,Asset,Description,,,IST Time,MT5 server time,,,,,,,,,,,,,,,,,,,,,,,,,,,
,,Actual:,,,,C:EURJPY,"

The European Central Bank (ECB) press conference is held monthly, about 45 minutes after the Minimum Bid Rate is announced. The conference is approximately an hour long and has two parts. Firstly, a prepared statement is read, then the conference is open to press questions. The press conference examines the factors which affected the ECB's interest rate decision and deals with the overall economic outlook and inflation. Most importantly, it provides clues regarding future monetary policy. High levels of volatility can frequently be observed during the press conference as press questions lead to unscripted answers.

Learn More: EURJPY | EURUSD",,,,EUR -  ECB Press Conference,,,,,,,,,,,,,,,,,,,,,,,,,,,
,,Forecast:,,,,EURJPY.sd,,,,,,,,,,,,,,,,,,,,,,,,,,,,,,,,
,,Previous:, -   ,,,,,,,,,,,,,,,,,,,,,,,,,,,,,,,,,,,
,,Time (GMT):,12:45,,,,,,,18:15,15:45,,,,,,,,,,,,,,,,,,,,,,,,,,,
,,Release Date,Actual,Forecast,Previous,Time,,,,Time IST,,,,,,,,,,,,,,,,,,,,,,,,,,,,
,,06-Mar-25, -   , -   , -   ,13:45,,,,19:15,,,,,,,,,,,,,,,,,,,,,,,,,,,,
,,30-Jan-25, -   , -   , -   ,13:45,,,,19:15,,,,,,,,,,,,,,,,,,,,,,,,,,,,
,,12-Dec-24, -   , -   , -   ,13:45,,,,19:15,,,,,,,,,,,,,,,,,,,,,,,,,,,,
,,17-Oct-24, -   , -   , -   ,12:45,,,,18:15,,,,,,,,,,,,,,,,,,,,,,,,,,,,
,,12-Sep-24, -   , -   , -   ,12:45,,,,18:15,,,,,,,,,,,,,,,,,,,,,,,,,,,,
,,18-Jul-24, -   , -   , -   ,12:45,,,,18:15,,,,,,,,,,,,,,,,,,,,,,,,,,,,
,1,Event,EUR -  Deposit Facility Rate (Apr),,,Asset,Description,,,IST Time,MT5 server time,,,,,,,,,,,,,,,,,,,,,,,,,,,
,,Actual:,,,,C:EURJPY,"
The Producer Price Index (PPI) measures a change in input prices of raw, semi-finished or finished goods and services. If input costs rise, some will be absorbed by the producer and some passed on to the consumer. Conversely, if input costs fall, some of the decline will be enjoyed as wider profit margins by the producer and some will be passed on to the consumer in the form of lower prices. Because PPI impacts consumer prices, it is watched by central bankers as part of fulfilling their mandate of price stability.

A reading that is stronger than forecast is generally supportive (bullish) for the USD, while a weaker than forecast reading is generally negative (bearish) for the USD.

Learn More: EURJPY | EURUSD",,,,EUR -  Deposit Facility Rate (Apr),,,,,,,,,,,,,,,,,,,,,,,,,,,
,,Forecast:,,,,EURJPY.sd,,,,,,,,,,,,,,,,,,,,,,,,,,,,,,,,
,,Previous:,2.5%,,,,,,,,,,,,,,,,,,,,,,,,,,,,,,,,,,,
,,Time (GMT):,12:15,,,,,,,17:45,15:15,,,,,,,,,,,,,,,,,,,,,,,,,,,
,,Time (GMT):,Actual,Forecast,Previous,Time,,,,Time IST,,,,,,,,,,,,,,,,,,,,,,,,,,,,
,,06-Mar-25,2.5%,2.5%,2.8%,12:30,,,,18:00,,,,,,,,,,,,,,,,,,,,,,,,,,,,
,,30-Jan-25,2.8%,2.8%,3.0%,13:30,,,,19:00,,,,,,,,,,,,,,,,,,,,,,,,,,,,
,,12-Dec-24,3.0%,3.0%,3.3%,13:30,,,,19:00,,,,,,,,,,,,,,,,,,,,,,,,,,,,
,,17-Oct-24,3.3%,3.3%,3.5%,13:30,,,,19:00,,,,,,,,,,,,,,,,,,,,,,,,,,,,
,,12-Sep-24,3.5%,3.5%,3.8%,13:30,,,,19:00,,,,,,,,,,,,,,,,,,,,,,,,,,,,
,,18-Jul-24,3.8%,3.8%,3.8%,12:30,,,,18:00,,,,,,,,,,,,,,,,,,,,,,,,,,,,
,1,Event,EUR - ECB Interest Rate Decision (Apr),,,Asset,Description,,,IST Time,MT5 server time,,,,,,,,,,,,,,,,,,,,,,,,,,,
,,Actual:,,,,C:EURJPY,"
The European Central Bank publishes its decision on where to set the benchmark interest rate. As short term interest rates are an important determinant of currency valuation, traders watch interest rate changes closely.



A reading that is stronger than forecast is generally supportive (bullish) for the EUR, while a weaker than forecast reading is generally negative (bearish) for the EUR.

Learn More: EURJPY | EURUSD",,,,EUR - ECB Interest Rate Decision (Apr),,,,,,,,,,,,,,,,,,,,,,,,,,,
,,Forecast:,,,,EURJPY.sd,,,,,,,,,,,,,,,,,,,,,,,,,,,,,,,,
,,Previous:, 0.03 ,,,,,,,,,,,,,,,,,,,,,,,,,,,,,,,,,,,
,,Time (GMT):,12:15,,,,,,,17:45,15:15,,,,,,,,,,,,,,,,,,,,,,,,,,,
,,Release Date,Actual,Forecast,Previous,Time,,,,Time IST,,,,,,,,,,,,,,,,,,,,,,,,,,,,
,,06-Mar-25,2.7%,2.7%,2.9%,15:00,,,,20:30,,,,,,,,,,,,,,,,,,,,,,,,,,,,
,,30-Jan-25,2.9%,2.9%,3.2%,15:00,,,,20:30,,,,,,,,,,,,,,,,,,,,,,,,,,,,
,,12-Dec-24,3.2%,3.2%,3.4%,15:00,,,,20:30,,,,,,,,,,,,,,,,,,,,,,,,,,,,
,,17-Oct-24,3.4%,3.4%,3.7%,15:00,,,,20:30,,,,,,,,,,,,,,,,,,,,,,,,,,,,
,,12-Sep-24,3.7%,3.7%,4.3%,14:00,,,,19:30,,,,,,,,,,,,,,,,,,,,,,,,,,,,
,,18-Jul-24,4.3%,4.3%,4.3%,14:00,,,,19:30,,,,,,,,,,,,,,,,,,,,,,,,,,,,
x,1,Event,USD - CB Consumer Confidence (Apr),,,Asset,Description,,,IST Time,MT5 server time,,,,,,,,,,,,,,,,,,,,,,,,,,,
,,Actual:,,,,C:USDJPY,"Conference Board (CB) Consumer Confidence measures the level of confidence consumers have in the economy. When consumers are optimistic, they tend to spend more which increases consumption and overall economic growth.

A reading that is stronger than forecast is generally supportive (bullish) for the USD, while a weaker than forecast reading is generally negative (bearish) for the USD.

Learn More: USDJPY | EURUSD",,,,USD - CB Consumer Confidence (Apr),,,,,,,,,,,,,,,,,,,,,,,,,,,
,,Forecast:,,,,USDJPY.sd,,,,,,,,,,,,,,,,,,,,,,,,,,,,,,,,
,,Previous:, 92.90 ,,,,,,,,,,,,,,,,,,,,,,,,,,,,,,,,,,,
,,Time (GMT):,14:00,,,,,,,19:30,17:00,,,,,,,,,,,,,,,,,,,,,,,,,,,
,,Release Date,Actual,Forecast,Previous,Time,,,,Time IST,,,,,,,,,,,,,,,,,,,,,,,,,,,,
,,25-Mar-25, 92.90 , 94.20 , 100.10 ,14:00,,,,19:30,,,,,,,,,,,,,,,,,,,,,,,,,,,,
,,25-Feb-25, 98.30 , 102.70 , 105.30 ,15:00,,,,20:30,,,,,,,,,,,,,,,,,,,,,,,,,,,,
,,28-Jan-25, 104.10 , 105.70 , 109.50 ,15:00,,,,20:30,,,,,,,,,,,,,,,,,,,,,,,,,,,,
,,23-Dec-24, 104.70 , 112.90 , 112.80 ,15:00,,,,20:30,,,,,,,,,,,,,,,,,,,,,,,,,,,,
,,26-Nov-24, 111.70 , 111.80 , 109.60 ,15:00,,,,20:30,,,,,,,,,,,,,,,,,,,,,,,,,,,,
,,29-Oct-24, 108.70 , 99.50 , 99.20 ,14:00,,,,19:30,,,,,,,,,,,,,,,,,,,,,,,,,,,,
,1,Event,USD - JOLTS Job Openings (Mar),,,Asset,Description,,,IST Time,MT5 server time,,,,,,,,,,,,,,,,,,,,,,,,,,,
,,Actual:,,,,C:USDJPY,"A survey done by the US Bureau of Labor Statistics to help measure job vacancies. It collects data from employers about their businesses' employment, job openings, recruitment, hires and separations.
JOLTS defines Job Openings as all positions that are open (not filled) on the last business day of the month. A job is ""open"" only if it meets all three of the following conditions:
1. A specific position exists and there is work available for that position.
2. The job could start within 30 days, whether or not the establishment finds a suitable candidate during that time.
3. There is active recruiting for workers from outside the establishment location that has the opening.
A reading that is stronger than forecast is generally supportive (bullish) for the USD, while a weaker than forecast reading is generally negative (bearish) for the USD.

Learn More: USDJPY | EURUSD",,,,USD - JOLTS Job Openings (Mar),,,,,,,,,,,,,,,,,,,,,,,,,,,
,,Forecast:,,,,USDJPY.sd,,,,,,,,,,,,,,,,,,,,,,,,,,,,,,,,
,,Previous:, 7.568M ,,,,,,,,,,,,,,,,,,,,,,,,,,,,,,,,,,,
,,Time (GMT):,14:00,,,,,,,19:30,17:00,,,,,,,,,,,,,,,,,,,,,,,,,,,
,,Release Date,Actual,Forecast,Previous,Time,,,,Time IST,,,,,,,,,,,,,,,,,,,,,,,,,,,,
,,01-Apr-25,7.568,7.690,7.762,14:00,,,,19:30,,,,,,,,,,,,,,,,,,,,,,,,,,,,
,,11-Mar-25,7.740,7.650,7.508,14:00,,,,19:30,,,,,,,,,,,,,,,,,,,,,,,,,,,,
,,04-Feb-25,7.600,8.010,8.156,15:00,,,,20:30,,,,,,,,,,,,,,,,,,,,,,,,,,,,
,,07-Jan-25,8.098,7.730,7.839,15:00,,,,20:30,,,,,,,,,,,,,,,,,,,,,,,,,,,,
,,03-Dec-24,7.744,7.510,7.372,15:00,,,,20:30,,,,,,,,,,,,,,,,,,,,,,,,,,,,
,,29-Oct-24,7.443,7.980,7.861,14:00,,,,19:30,,,,,,,,,,,,,,,,,,,,,,,,,,,,
,1,Event,CNY - Manufacturing PMI (Apr),,,Asset,Description,,,IST Time,MT5 server time,,,,,,,,,,,,,,,,,,,,,,,,,,,
,,Actual:,,,,C:USDCNY,"China Manufacturing Purchasing Managers Index (PMI) provides an early indication each month of economic activities in the Chinese manufacturing sector. It is compiled by China Federation of Logistics & Purchasing (CFLP) and China Logistics Information Centre (CLIC), based on data collected by the National Bureau of Statistics (NBS).Li & Fung Research Centre is responsible for drafting and disseminating the English PMI report. Every month questionnaires are sent to over 700 manufacturing enterprises all over China. The data presented here is compiled from the enterprises responses about their purchasing activities and supply situations. The PMI should be compared to other economic data sources when used in decision-making.
A reading that is stronger than forecast is generally supportive (bullish) for the CNY , while a weaker than forecast reading is generally negative (bearish) for the CNY.

Learn More: USDJPY | EURUSD",,,,CNY - Manufacturing PMI (Apr),,,,,,,,,,,,,,,,,,,,,,,,,,,
,,Forecast:,,,,USDCNY.sd,,,,,,,,,,,,,,,,,,,,,,,,,,,,,,,,
,,Previous:, 49.00 ,,,,,,,,,,,,,,,,,,,,,,,,,,,,,,,,,,,
,,Time (GMT):,1:30,,,,,,,7:00,4:30,,,,,,,,,,,,,,,,,,,,,,,,,,,
,,Release Date,Actual,Forecast,Previous,Time,,,,Time IST,,,,,,,,,,,,,,,,,,,,,,,,,,,,
,,31-Mar-25,50.5,50.4,50.2,1:30,,,,7:00,,,,,,,,,,,,,,,,,,,,,,,,,,,,
,,01-Mar-25,50.2,50,49.1,1:30,,,,7:00,,,,,,,,,,,,,,,,,,,,,,,,,,,,
,,27-Jan-25,49.1,50.1,50.1,1:30,,,,7:00,,,,,,,,,,,,,,,,,,,,,,,,,,,,
,,31-Dec-24,50.1,50.3,50.3,1:30,,,,7:00,,,,,,,,,,,,,,,,,,,,,,,,,,,,
,,30-Nov-24,50.3,50.2,50.1,1:30,,,,7:00,,,,,,,,,,,,,,,,,,,,,,,,,,,,
,,31-Oct-24,50.1,49.8,49.8,1:30,,,,7:00,,,,,,,,,,,,,,,,,,,,,,,,,,,,
,1,Event,EUR - German GDP (QoQ) (Q1) P,,,Asset,Description,,,IST Time,MT5 server time,,,,,,,,,,,,,,,,,,,,,,,,,,,
,,Actual:,,,,C:EURJPY,"
The Consumer Price Index (CPI) measures the change in the prices of goods and services from the perspective of the consumer. As Germany has the largest output of any country in the euro-zone, the European Central bank pays very close attention to this figure in its role of maintaining price stability.

A reading that is stronger than forecast is generally supportive (bullish) for the EUR, while a weaker than forecast reading is generally negative (bearish) for the EUR.

Learn More: EURJPY | EURUSD",,,,EUR - German GDP (QoQ) (Q1) P,,,,,,,,,,,,,,,,,,,,,,,,,,,
,,Forecast:,,,,EURJPY.sd,,,,,,,,,,,,,,,,,,,,,,,,,,,,,,,,
,,Previous:,-0.2%,,,,,,,,,,,,,,,,,,,,,,,,,,,,,,,,,,,
,,Time (GMT):,8:00,,,,,,,13:30,11:00,,,,,,,,,,,,,,,,,,,,,,,,,,,
,,Release Date,Actual,Forecast,Previous,Time,,,,Time IST,,,,,,,,,,,,,,,,,,,,,,,,,,,,
,,25-Feb-25,-0.20%,-0.20%,0.10%,7:00,,,,12:30,,,,,,,,,,,,,,,,,,,,,,,,,,,,
,,30-Jan-25,-0.20%,-0.10%,0.10%,9:00,,,,14:30,,,,,,,,,,,,,,,,,,,,,,,,,,,,
,,22-Nov-24,0.10%,0.20%,0.20%,7:00,,,,12:30,,,,,,,,,,,,,,,,,,,,,,,,,,,,
,,30-Oct-24,0.20%,-0.10%,-0.30%,9:00,,,,14:30,,,,,,,,,,,,,,,,,,,,,,,,,,,,
,,27-Aug-24,-0.10%,-0.10%,0.20%,6:00,,,,11:30,,,,,,,,,,,,,,,,,,,,,,,,,,,,
,,30-Jul-24,-0.10%,0.10%,0.20%,8:00,,,,13:30,,,,,,,,,,,,,,,,,,,,,,,,,,,,
,1,Event,EUR - German CPI (MoM) (Apr) P,,,Asset,Description,,,IST Time,MT5 server time,,,,,,,,,,,,,,,,,,,,,,,,,,,
,,Actual:,,,,C:EURJPY,"
The Consumer Price Index (CPI) measures the change in the prices of goods and services from the perspective of the consumer. As Germany has the largest output of any country in the euro-zone, the European Central bank pays very close attention to this figure in its role of maintaining price stability.

A reading that is stronger than forecast is generally supportive (bullish) for the EUR, while a weaker than forecast reading is generally negative (bearish) for the EUR.

Learn More: EURJPY | EURUSD",,,,EUR - German CPI (MoM) (Apr) P,,,,,,,,,,,,,,,,,,,,,,,,,,,
,,Forecast:,,,,EURJPY.sd,,,,,,,,,,,,,,,,,,,,,,,,,,,,,,,,
,,Previous:,0.30%,,,,,,,,,,,,,,,,,,,,,,,,,,,,,,,,,,,
,,Time (GMT):,12:00,,,,,,,17:30,15:00,,,,,,,,,,,,,,,,,,,,,,,,,,,
,,Release Date,Actual,Forecast,Previous,Time,,,,Time IST,,,,,,,,,,,,,,,,,,,,,,,,,,,,
,,11-Apr-25,0.30%,0.30%,0.40%,6:00,,,,11:30,,,,,,,,,,,,,,,,,,,,,,,,,,,,
,,31-Mar-25,0.30%,0.30%,0.40%,12:00,,,,17:30,,,,,,,,,,,,,,,,,,,,,,,,,,,,
,,14-Mar-25,0.40%,0.40%,-0.20%,7:00,,,,12:30,,,,,,,,,,,,,,,,,,,,,,,,,,,,
,,28-Feb-25,0.40%,0.40%,-0.20%,13:00,,,,18:30,,,,,,,,,,,,,,,,,,,,,,,,,,,,
,,13-Feb-25,-0.20%,-0.20%,0.50%,7:00,,,,12:30,,,,,,,,,,,,,,,,,,,,,,,,,,,,
,,31-Jan-25,-0.20%,0.10%,0.50%,13:00,,,,18:30,,,,,,,,,,,,,,,,,,,,,,,,,,,,
,1,Event,USD - ADP Nonfarm Employment Change (Apr),,,Asset,Description,,,IST Time,MT5 server time,,,,,,,,,,,,,,,,,,,,,,,,,,,
,,Actual:,,,,C:USDJPY,"

ADP is performs payroll services for its clients. The ADP National Employment Report is a measure of the monthly change in non-farm, private employment, based on the payroll data of approximately 400,000 U.S. business clients. The release, two days ahead of government data, is used as a predictor of the government's Labour Market Report.

A reading that is stronger than forecast is generally supportive (bullish) for the USD, while a weaker than forecast reading is generally negative (bearish) for the USD.

Learn More: USDJPY | EURUSD",,,,USD - ADP Nonfarm Employment Change (Apr),,,,,,,,,,,,,,,,,,,,,,,,,,,
,,Forecast:,,,,USDJPY.sd,,,,,,,,,,,,,,,,,,,,,,,,,,,,,,,,
,,Previous:,155K,,,,,,,,,,,,,,,,,,,,,,,,,,,,,,,,,,,
,,Time (GMT):,12:30,,,,,,,17:45,15:15,,,,,,,,,,,,,,,,,,,,,,,,,,,
,,Release Date,Actual,Forecast,Previous,Time,,,,Time IST,,,,,,,,,,,,,,,,,,,,,,,,,,,,
,,02-Apr-25,155,118,84,12:15,,,,17:45,,,,,,,,,,,,,,,,,,,,,,,,,,,,
,,05-Mar-25,77,141,186,13:15,,,,18:45,,,,,,,,,,,,,,,,,,,,,,,,,,,,
,,05-Feb-25,183,148,176,13:15,,,,18:45,,,,,,,,,,,,,,,,,,,,,,,,,,,,
,,08-Jan-25,122,139,146,13:15,,,,18:45,,,,,,,,,,,,,,,,,,,,,,,,,,,,
,,04-Dec-24,146,166,184,13:15,,,,18:45,,,,,,,,,,,,,,,,,,,,,,,,,,,,
,,30-Oct-24,233,110,159,12:15,,,,17:45,,,,,,,,,,,,,,,,,,,,,,,,,,,,
,1,Event,USD - GDP (QoQ) (Q1) P,,,Asset,Description,,,IST Time,MT5 server time,,,,,,,,,,,,,,,,,,,,,,,,,,,
,,Actual:,,,,C:USDJPY,"Gross Domestic Product (GDP) measures the annualised change in the inflation-adjusted value of all goods and services produced by the economy. It is the broadest measure of economic activity and the primary indicator of the economy's health.

A reading that is stronger than forecast is generally supportive (bullish) for the USD, while a weaker than forecast reading is generally negative (bearish) for the USD.

Learn More: USDJPY | EURUSD",,,,USD - GDP (QoQ) (Q1) P,,,,,,,,,,,,,,,,,,,,,,,,,,,
,,Forecast:,,,,USDJPY.sd,,,,,,,,,,,,,,,,,,,,,,,,,,,,,,,,
,,Previous:,2.40%,,,,,,,,,,,,,,,,,,,,,,,,,,,,,,,,,,,
,,Time (GMT):,12:30,,,,,,,18:00,15:30,,,,,,,,,,,,,,,,,,,,,,,,,,,
,,Release Date,Actual,Forecast,Previous,Time,,,,Time IST,,,,,,,,,,,,,,,,,,,,,,,,,,,,
,,27-Mar-25,2.40%,2.30%,3.10%,12:30,,,,18:00,,,,,,,,,,,,,,,,,,,,,,,,,,,,
,,27-Feb-25,2.30%,2.30%,3.10%,13:30,,,,19:00,,,,,,,,,,,,,,,,,,,,,,,,,,,,
,,30-Jan-25,2.30%,2.70%,3.10%,13:30,,,,19:00,,,,,,,,,,,,,,,,,,,,,,,,,,,,
,,19-Dec-24,3.10%,2.80%,3.00%,13:30,,,,19:00,,,,,,,,,,,,,,,,,,,,,,,,,,,,
,,27-Nov-24,2.80%,2.80%,3.00%,13:30,,,,19:00,,,,,,,,,,,,,,,,,,,,,,,,,,,,
,,30-Oct-24,2.80%,3.00%,3.00%,12:30,,,,18:00,,,,,,,,,,,,,,,,,,,,,,,,,,,,
,1,Event,USD - Chicago PMI (Apr),,,Asset,Description,,,IST Time,MT5 server time,,,,,,,,,,,,,,,,,,,,,,,,,,,
,,Actual:,,,,C:USDJPY,"The Chicago Purchasing Managers' Index (PMI) is a diffusion index incorporating survey results provided by manufacturing firms around the Chicago area. A reading above fifty suggests the manufacturing sector is expanding, while a reading below fifty suggests the manufacturing sector is in contraction. The Chicago PMI can be of some assistance in forecasting the ISM manufacturing PMI.

A reading that is stronger than forecast is generally supportive (bullish) for the USD, while a weaker than forecast reading is generally negative (bearish) for the USD.

Learn More: USDJPY | EURUSD",,,,USD - Chicago PMI (Apr),,,,,,,,,,,,,,,,,,,,,,,,,,,
,,Forecast:,,,,USDJPY.sd,,,,,,,,,,,,,,,,,,,,,,,,,,,,,,,,
,,Previous:,223K,,,,,,,,,,,,,,,,,,,,,,,,,,,,,,,,,,,
,,Time (GMT):,13:45,,,,,,,19:15,16:45,,,,,,,,,,,,,,,,,,,,,,,,,,,
,,Release Date,Actual,Forecast,Previous,Time,,,,Time IST,,,,,,,,,,,,,,,,,,,,,,,,,,,,
,,31-Mar-25, 47.60 , 45.50 , 45.50 ,13:45,,,,19:15,,,,,,,,,,,,,,,,,,,,,,,,,,,,
,,28-Feb-25, 45.50 , 40.50 , 39.50 ,14:45,,,,20:15,,,,,,,,,,,,,,,,,,,,,,,,,,,,
,,31-Jan-25, 39.50 , 40.30 , 36.90 ,14:45,,,,20:15,,,,,,,,,,,,,,,,,,,,,,,,,,,,
,,30-Dec-24, 36.90 , 42.70 , 40.20 ,14:45,,,,20:15,,,,,,,,,,,,,,,,,,,,,,,,,,,,
,,29-Nov-24, 40.20 , 44.90 , 41.60 ,14:45,,,,20:15,,,,,,,,,,,,,,,,,,,,,,,,,,,,
,,31-Oct-24, 41.60 , 46.90 , 46.60 ,13:45,,,,19:15,,,,,,,,,,,,,,,,,,,,,,,,,,,,
,1,Event,USD - Core PCE Price Index (MoM) (Mar),,,Asset,Description,,,IST Time,MT5 server time,,,,,,,,,,,,,,,,,,,,,,,,,,,
,,Actual:,,,,C:USDJPY,"
The Core Personal Consumption Expenditure (PCE) Price Index measures the changes in the price of goods and services purchased by consumers for the purpose of consumption, excluding food and energy. Unlike the fixed-weight CPI, PCE is chain-weighted and thus adjusts to changing consumer behaviour. Core PCE is the Fed's preferred inflation measure and thus receives greater attention.

A reading that is stronger than forecast is generally supportive (bullish) for the USD, while a weaker than forecast reading is generally negative (bearish) for the USD.

Learn More: USDJPY | EURUSD",,,,USD - Core PCE Price Index (MoM) (Mar),,,,,,,,,,,,,,,,,,,,,,,,,,,
,,Forecast:,,,,USDJPY.sd,,,,,,,,,,,,,,,,,,,,,,,,,,,,,,,,
,,Previous:,0.40%,,,,,,,,,,,,,,,,,,,,,,,,,,,,,,,,,,,
,,Time (GMT):,14:00,,,,,,,19:30,17:00,,,,,,,,,,,,,,,,,,,,,,,,,,,
,,Release Date,Actual,Forecast,Previous,Time,,,,Time IST,,,,,,,,,,,,,,,,,,,,,,,,,,,,
,,28-Mar-25,0.40%,0.30%,0.30%,12:30,,,,18:00,,,,,,,,,,,,,,,,,,,,,,,,,,,,
,,28-Feb-25,0.30%,0.30%,0.20%,13:30,,,,19:00,,,,,,,,,,,,,,,,,,,,,,,,,,,,
,,31-Jan-25,0.20%,0.20%,0.10%,13:30,,,,19:00,,,,,,,,,,,,,,,,,,,,,,,,,,,,
,,20-Dec-24,0.10%,0.20%,0.30%,13:30,,,,19:00,,,,,,,,,,,,,,,,,,,,,,,,,,,,
,,27-Nov-24,0.30%,0.30%,0.30%,15:00,,,,20:30,,,,,,,,,,,,,,,,,,,,,,,,,,,,
,,31-Oct-24,0.30%,0.30%,0.20%,12:30,,,,18:00,,,,,,,,,,,,,,,,,,,,,,,,,,,,
,1,Event,USD - Core PCE Price Index (YoY) (Mar),,,Asset,Description,,,IST Time,MT5 server time,,,,,,,,,,,,,,,,,,,,,,,,,,,
,,Actual:,,,,C:USDJPY,"

The Core PCE price Index is the less volatile measure of the PCE price index which excludes the more volatile and seasonal food and energy prices. The impact on the currency may go both ways, a rise in inflation may lead to a rise in interest rates and a rise in local currency, on the other hand, during recession, a rise in inflation may lead to a deepened recession and therefore a fall in local currency.

Learn More: USDJPY | EURUSD",,,,USD - Core PCE Price Index (YoY) (Mar),,,,,,,,,,,,,,,,,,,,,,,,,,,
,,Forecast:,,,,USDJPY.sd,,,,,,,,,,,,,,,,,,,,,,,,,,,,,,,,
,,Previous:,0.20%,,,,,,,,,,,,,,,,,,,,,,,,,,,,,,,,,,,
,,Time (GMT):,14:00,,,,,,,19:30,17:00,,,,,,,,,,,,,,,,,,,,,,,,,,,
,,Release Date,Actual,Forecast,Previous,Time,,,,Time IST,,,,,,,,,,,,,,,,,,,,,,,,,,,,
,,28-Mar-25,2.80%,2.70%,2.70%,12:30,,,,18:00,,,,,,,,,,,,,,,,,,,,,,,,,,,,
,,28-Feb-25,2.60%,2.60%,2.90%,13:30,,,,19:00,,,,,,,,,,,,,,,,,,,,,,,,,,,,
,,31-Jan-25,2.80%,2.80%,2.80%,13:30,,,,19:00,,,,,,,,,,,,,,,,,,,,,,,,,,,,
,,20-Dec-24,2.80%,2.90%,2.80%,13:30,,,,19:00,,,,,,,,,,,,,,,,,,,,,,,,,,,,
,,27-Nov-24,2.80%,2.80%,2.70%,15:00,,,,20:30,,,,,,,,,,,,,,,,,,,,,,,,,,,,
,,31-Oct-24,2.70%,2.60%,2.70%,12:30,,,,18:00,,,,,,,,,,,,,,,,,,,,,,,,,,,,
,1,Event,USD - Crude Oil Inventories,,,Asset,Description,,,IST Time,MT5 server time,,,,,,,,,,,,,,,,,,,,,,,,,,,
,,Actual:,,,,USOILRoll,"The Energy Information Administration's (EIA) Crude Oil Inventories measures the weekly change in the number of barrels of commercial crude oil held by US firms. The level of inventories influences the price of petroleum products, which can have an impact on inflation.

If the increase in crude inventories is more than expected, it implies weaker demand and is bearish for crude prices. The same can be said if a decline in inventories is less than expected.
If the increase in crude is less than expected, it implies greater demand and is bullish for crude prices. The same can be said if a decline in inventories is more than expected.

Learn More: USOILRoll",,,,USD - Crude Oil Inventories,,,,,,,,,,,,,,,,,,,,,,,,,,,
,,Forecast:,,,,USOILRoll,,,,,,,,,,,,,,,,,,,,,,,,,,,,,,,,
,,Previous:,0.244M,,,,,,,,,,,,,,,,,,,,,,,,,,,,,,,,,,,
,,Time (GMT):,14:30,,,,,,,20:00,17:30,,,,,,,,,,,,,,,,,,,,,,,,,,,
,,Release Date,Actual,Forecast,Previous,Time,,,,Time IST,,,,,,,,,,,,,,,,,,,,,,,,,,,,
,,23-Apr-25,0.244,-0.70,0.515,17:30,,,,20:00,,,,,,,,,,,,,,,,,,,,,,,,,,,,
,,16-Apr-25,0.515,0.400,2.553,17:30,,,,20:00,,,,,,,,,,,,,,,,,,,,,,,,,,,,
,,09-Apr-25,2.553,2.200,6.165,17:30,,,,20:00,,,,,,,,,,,,,,,,,,,,,,,,,,,,
,,02-Apr-25,6.165,-0.20,-3.34,17:30,,,,20:00,,,,,,,,,,,,,,,,,,,,,,,,,,,,
,,26-Mar-25,-3.34,1.500,1.745,17:30,,,,20:00,,,,,,,,,,,,,,,,,,,,,,,,,,,,
,,19-Mar-25,1.745,0.800,1.448,16:30,,,,19:00,,,,,,,,,,,,,,,,,,,,,,,,,,,,
,1,Event,USD - Microsoft Earnings Report,,,Asset,Description,,,IST Time,MT5 server time,,,,,,,,,,,,,,,,,,,,,,,,,,,
,,Actual:,,,,UT100Roll,"Microsoft’s earnings are critical for insights into cloud computing (Azure), software subscriptions, and AI initiatives.

Learn More: UT100Roll",,,,USD - Microsoft Earnings Report,,,,,,,,,,,,,,,,,,,,,,,,,,,
,,Forecast:,,,,UT100Roll,,,,,,,,,,,,,,,,,,,,,,,,,,,,,,,,
,,Previous:,323.00%,,,,,,,,,,,,,,,,,,,,,,,,,,,,,,,,,,,
,,Time (GMT):,20:00,,,,,,,1:30,23:00,,,,,,,,,,,,,,,,,,,,,,,,,,,
,,Release Date,Actual,Forecast,Previous,Time,,,,Time IST,,,,,,,,,,,,,,,,,,,,,,,,,,,,
,,29-Jan-25,323.00%,311.00%,293.00%,23:00,,,,1:30,,,,,,,,,,,,,,,,,,,,,,,,,,,,
,,30-Oct-24,330.00%,308.00%,299.00%,23:00,,,,1:30,,,,,,,,,,,,,,,,,,,,,,,,,,,,
,,30-Jul-24,295.00%,290.00%,269.00%,23:00,,,,1:30,,,,,,,,,,,,,,,,,,,,,,,,,,,,
,,25-Apr-24,294.00%,281.00%,245.00%,23:00,,,,1:30,,,,,,,,,,,,,,,,,,,,,,,,,,,,
,,30-Jan-24,293.00%,276.00%,232.00%,23:00,,,,1:30,,,,,,,,,,,,,,,,,,,,,,,,,,,,
,,24-Oct-23,299.00%,265.00%,235.00%,23:00,,,,1:30,,,,,,,,,,,,,,,,,,,,,,,,,,,,
,1,Event,USD - Meta Earnings Report,,,Asset,Description,,,IST Time,MT5 server time,,,,,,,,,,,,,,,,,,,,,,,,,,,
,,Actual:,,,,UT100Roll,"Meta’s earnings will focus on advertising revenue, AI investments, and metaverse progress. Analysts expect strong ad performance.

Learn More: UT100Roll",,,,USD - Meta Earnings Report,,,,,,,,,,,,,,,,,,,,,,,,,,,
,,Forecast:,,,,UT100Roll,,,,,,,,,,,,,,,,,,,,,,,,,,,,,,,,
,,Previous:,521.00%,,,,,,,,,,,,,,,,,,,,,,,,,,,,,,,,,,,
,,Time (GMT):,20:30,,,,,,,2:00,23:30,,,,,,,,,,,,,,,,,,,,,,,,,,,
,,Release Date,Actual,Forecast,Previous,Time,,,,Time IST,,,,,,,,,,,,,,,,,,,,,,,,,,,,
,,29-Jan-25,802.00%,668.00%,533.00%,23:30,,,,2:00,,,,,,,,,,,,,,,,,,,,,,,,,,,,
,,30-Oct-24,603.00%,519.00%,439.00%,23:30,,,,2:00,,,,,,,,,,,,,,,,,,,,,,,,,,,,
,,31-Jul-24,516.00%,470.00%,323.00%,23:30,,,,2:00,,,,,,,,,,,,,,,,,,,,,,,,,,,,
,,24-Apr-24,471.00%,432.00%,264.00%,23:30,,,,2:00,,,,,,,,,,,,,,,,,,,,,,,,,,,,
,,01-Feb-24,533.00%,483.00%,300.00%,23:30,,,,2:00,,,,,,,,,,,,,,,,,,,,,,,,,,,,
,,25-Oct-23,439.00%,362.00%,164.00%,23:30,,,,2:00,,,,,,,,,,,,,,,,,,,,,,,,,,,,
,1,Event,JPY - BoJ Interest Rate Decision,,,Asset,Description,,,IST Time,MT5 server time,,,,,,,,,,,,,,,,,,,,,,,,,,,
,,Actual:,,,,C:USDJPY,"Bank of Japan (BOJ) policy board publishes its decision about where to set the target overnight rate. As short term interest rates are an important determinant of currency valuation, traders watch interest rate changes closely. A reading that is stronger than forecast is generally supportive (bullish) for the JPY, while a weaker than forecast reading is generally negative (bearish) for the JPY.

Learn More: Legacy Reference",,,,JPY - BoJ Interest Rate Decision,,,,,,,,,,,,,,,,,,,,,,,,,,,
,,Forecast:,,,,USDJPY.sd,,,,,,,,,,,,,,,,,,,,,,,,,,,,,,,,
,,Previous:,0.50%,,,,,,,,,,,,,,,,,,,,,,,,,,,,,,,,,,,
,,Time (GMT):,3:00,,,,,,,8:30,6:00,,,,,,,,,,,,,,,,,,,,,,,,,,,
,,Release Date,Actual,Forecast,Previous,Time,,,,Time IST,,,,,,,,,,,,,,,,,,,,,,,,,,,,
,,19-Mar-25,0.50%,0.50%,0.50%,2:30,,,,8:00,,,,,,,,,,,,,,,,,,,,,,,,,,,,
,,24-Jan-25,0.50%,0.50%,0.25%,3:20,,,,8:50,,,,,,,,,,,,,,,,,,,,,,,,,,,,
,,19-Dec-24,0.25%,0.25%,0.25%,2:55,,,,8:25,,,,,,,,,,,,,,,,,,,,,,,,,,,,
,,31-Oct-24,0.25%,0.25%,0.25%,3:00,,,,8:30,,,,,,,,,,,,,,,,,,,,,,,,,,,,
,,20-Sep-24,0.25%,0.25%,0.25%,3:00,,,,8:30,,,,,,,,,,,,,,,,,,,,,,,,,,,,
,,31-Jul-24,0.25%,0.10%,0.10%,4:00,,,,9:30,,,,,,,,,,,,,,,,,,,,,,,,,,,,
,1,Event,USD - Initial Jobless Claims,,,Asset,Description,,,IST Time,MT5 server time,,,,,,,,,,,,,,,,,,,,,,,,,,,
,,Actual:,,,,C:USDJPY,"
Initial Jobless Claims measures the number of people who filed for unemployment insurance for the first time during the past week. This is the most timely U.S. economic data, but the market impact varies from week to week.
A reading that is higher than forecast is generally negative (bearish) for the USD, while a lower than forecast reading is generally supportive (bullish) for the USD.

Learn More: Legacy Reference",,,,USD - Initial Jobless Claims,,,,,,,,,,,,,,,,,,,,,,,,,,,
,,Forecast:,,,,USDJPY.sd,,,,,,,,,,,,,,,,,,,,,,,,,,,,,,,,
,,Previous:,,,,,,,,,,,,,,,,,,,,,,,,,,,,,,,,,,,,
,,Time (GMT):,12:30,,,,,,,18:00,15:30,,,,,,,,,,,,,,,,,,,,,,,,,,,
,,Release Date,Actual,Forecast,Previous,Time,,,,Time IST,,,,,,,,,,,,,,,,,,,,,,,,,,,,
,,17-Apr-25,215,225,224,12:30,,,,18:00,,,,,,,,,,,,,,,,,,,,,,,,,,,,
,,10-Apr-25,223,223,219,12:30,,,,18:00,,,,,,,,,,,,,,,,,,,,,,,,,,,,
,,03-Apr-25,219,225,225,12:30,,,,18:00,,,,,,,,,,,,,,,,,,,,,,,,,,,,
,,27-Mar-25,224,225,225,12:30,,,,18:00,,,,,,,,,,,,,,,,,,,,,,,,,,,,
,,20-Mar-25,223,224,221,12:30,,,,18:00,,,,,,,,,,,,,,,,,,,,,,,,,,,,
,,13-Mar-25,220,226,222,12:30,,,,18:00,,,,,,,,,,,,,,,,,,,,,,,,,,,,
,1,Event,USD - ISM Manufacturing PMI (Apr),,,Asset,Description,,,IST Time,MT5 server time,,,,,,,,,,,,,,,,,,,,,,,,,,,
,,Actual:,,,,C:USDJPY,"The Institute of Supply Management (ISM) Manufacturing Purchasing Managers Index (PMI) Report on Business is based on data compiled from monthly replies to questions asked of purchasing and supply executives in over 400 industrial companies across the United States. For each of the indicators measured (New Orders, Backlog of Orders, New Export Orders, Imports, Production, Supplier Deliveries, Inventories, Customers Inventories, Employment, and Prices), a diffusion index is calculated by adding the percent of positive responses plus one-half of those responding the same (considered positive). The resulting single index number is then seasonally adjusted.

The PMI is a composite index based on the seasonally adjusted diffusion indices for five of the indicators with differing weights: New Orders --30% Production --25% Employment --20% Supplier Deliveries --15% and Inventories -- 10%.

A reading that is stronger than forecast is generally supportive (bullish) for the USD, while a weaker than forecast reading is generally negative (bearish) for the USD.

Learn More: USDJPY | EURUSD",,,,USD - ISM Manufacturing PMI (Apr),,,,,,,,,,,,,,,,,,,,,,,,,,,
,,Forecast:,,,,USDJPY.sd,,,,,,,,,,,,,,,,,,,,,,,,,,,,,,,,
,,Previous:, 49.00 ,,,,,,,,,,,,,,,,,,,,,,,,,,,,,,,,,,,
,,Time (GMT):,14:00,,,,,,,19:30,17:00,,,,,,,,,,,,,,,,,,,,,,,,,,,
,,Release Date,Actual,Forecast,Previous,Time,,,,Time IST,,,,,,,,,,,,,,,,,,,,,,,,,,,,
,,01-Apr-25, 49.00 , 49.50 , 50.30 ,14:00,,,,19:30,,,,,,,,,,,,,,,,,,,,,,,,,,,,
,,03-Mar-25, 50.30 , 50.60 , 50.90 ,15:00,,,,20:30,,,,,,,,,,,,,,,,,,,,,,,,,,,,
,,03-Feb-25, 50.90 , 49.30 , 49.20 ,15:00,,,,20:30,,,,,,,,,,,,,,,,,,,,,,,,,,,,
,,03-Jan-25, 49.30 , 48.20 , 48.40 ,15:00,,,,20:30,,,,,,,,,,,,,,,,,,,,,,,,,,,,
,,02-Dec-24, 48.40 , 47.70 , 46.50 ,15:00,,,,20:30,,,,,,,,,,,,,,,,,,,,,,,,,,,,
,,01-Nov-24, 46.50 , 47.60 , 47.20 ,14:00,,,,19:30,,,,,,,,,,,,,,,,,,,,,,,,,,,,
,1,Event,USD - ISM Manufacturing Prices (Apr),,,Asset,Description,,,IST Time,MT5 server time,,,,,,,,,,,,,,,,,,,,,,,,,,,
,,Actual:,,,,C:USDJPY,"The Institute of Supply Management (ISM) Manufacturing Purchasing Managers Index (PMI) Report on Business is based on data compiled from monthly replies to questions asked of purchasing and supply executives in over 400 industrial companies. For each of the indicators measured (New Orders, Backlog of Orders, New Export Orders, Imports, Production, Supplier Deliveries, Inventories, Customers Inventories, Employment, and Prices), this report shows the percentage reporting each response, the net difference between the number of responses in the positive economic direction and the negative economic direction and the diffusion index. Responses are raw data and are never changed.

The diffusion index includes the percent of positive responses plus one-half of those responding the same (considered positive). The resulting single index number is then seasonally adjusted to allow for the effects of repetitive intra-year variations resulting primarily from normal differences in weather conditions, various institutional arrangements, and differences attributable to non-moveable holidays. All seasonal adjustment factors are supplied by the U.S. Department of Commerce and are subject annually to relatively minor changes when conditions warrant them.

The PMI is a composite index based on the seasonally adjusted diffusion indices for five of the indicators with varying weights: New Orders --30% Production --25% Employment --20% Supplier Deliveries --15% and Inventories -- 10%.

The Prices Paid subcategory is a diffusion index calculated by adding the percent of responses indicating they paid more for inputs plus one-half of those responding that they paid the same for inputs. The resulting single index number is then seasonally adjusted.

The Prices Paid diffusion index is one of a number of indicators pointing to the degree of inflationary pressures in the economy.

A higher than expected reading should be taken as positive/bullish for the USD, while a lower than expected reading should be taken as negative/bearish for the USD.

Learn More: USDJPY | EURUSD",,,,USD - ISM Manufacturing Prices (Apr),,,,,,,,,,,,,,,,,,,,,,,,,,,
,,Forecast:,,,,USDJPY.sd,,,,,,,,,,,,,,,,,,,,,,,,,,,,,,,,
,,Previous:, 69.40 ,,,,,,,,,,,,,,,,,,,,,,,,,,,,,,,,,,,
,,Time (GMT):,14:00,,,,,,,19:30,17:00,,,,,,,,,,,,,,,,,,,,,,,,,,,
,,Release Date,Actual,Forecast,Previous,Time,,,,Time IST,,,,,,,,,,,,,,,,,,,,,,,,,,,,
,,01-Apr-25, 69.40 , 64.60 , 62.40 ,14:00,,,,19:30,,,,,,,,,,,,,,,,,,,,,,,,,,,,
,,03-Mar-25, 62.40 , 56.20 , 54.90 ,15:00,,,,20:30,,,,,,,,,,,,,,,,,,,,,,,,,,,,
,,03-Feb-25, 54.90 , 52.60 , 52.50 ,15:00,,,,20:30,,,,,,,,,,,,,,,,,,,,,,,,,,,,
,,03-Jan-25, 52.50 , 51.50 , 50.30 ,15:00,,,,20:30,,,,,,,,,,,,,,,,,,,,,,,,,,,,
,,02-Dec-24, 50.30 , 55.20 , 54.80 ,15:00,,,,20:30,,,,,,,,,,,,,,,,,,,,,,,,,,,,
,,01-Nov-24, 54.80 , 49.90 , 48.00 ,14:00,,,,19:30,,,,,,,,,,,,,,,,,,,,,,,,,,,,
,1,Event,USD - Amazon.com Earnings Report,,,Asset,Description,,,IST Time,MT5 server time,,,,,,,,,,,,,,,,,,,,,,,,,,,
,,Actual:,,,,UT100Roll,"Analysts expect earnings of $1.36 per share (+38.8% YoY) on revenue of $155.1 billion (+8.2% YoY). Focus will be on AWS growth, e-commerce margins, and tariff impacts.

Learn More: UT100Roll",,,,USD - Amazon.com Earnings Report,,,,,,,,,,,,,,,,,,,,,,,,,,,
,,Forecast:,,,,UT100Roll,,,,,,,,,,,,,,,,,,,,,,,,,,,,,,,,
,,Previous:,135.00%,,,,,,,,,,,,,,,,,,,,,,,,,,,,,,,,,,,
,,Time (GMT):,20:00,,,,,,,1:30,23:00,,,,,,,,,,,,,,,,,,,,,,,,,,,
,,Release Date,Actual,Forecast,Previous,Time,,,,Time IST,,,,,,,,,,,,,,,,,,,,,,,,,,,,
,,06-Feb-25,186.00%,152.00%,101.00%,23:00,,,,1:30,,,,,,,,,,,,,,,,,,,,,,,,,,,,
,,31-Oct-24,143.00%,114.00%,85.00%,23:00,,,,1:30,,,,,,,,,,,,,,,,,,,,,,,,,,,,
,,01-Aug-24,123.00%,105.00%,63.00%,23:00,,,,1:30,,,,,,,,,,,,,,,,,,,,,,,,,,,,
,,30-Apr-24,113.00%,83.00%,31.00%,23:00,,,,1:30,,,,,,,,,,,,,,,,,,,,,,,,,,,,
,,01-Feb-24,101.00%,81.00%,21.00%,23:00,,,,1:30,,,,,,,,,,,,,,,,,,,,,,,,,,,,
,,26-Oct-23,85.00%,58.00%,20.00%,23:00,,,,1:30,,,,,,,,,,,,,,,,,,,,,,,,,,,,
,1,Event,USD - Apple Earnings Report,,,Asset,Description,,,IST Time,MT5 server time,,,,,,,,,,,,,,,,,,,,,,,,,,,
,,Actual:,,,,UT100Roll,"Apple’s fiscal Q2 results will highlight iPhone sales, services growth, and tariff-related supply chain updates. Analysts anticipate modest YoY growth.

Learn More: Legacy Refernce",,,,USD - Apple Earnings Report,,,,,,,,,,,,,,,,,,,,,,,,,,,
,,Forecast:,,,,UT100Roll,,,,,,,,,,,,,,,,,,,,,,,,,,,,,,,,
,,Previous:, 2.40 ,,,,,,,,,,,,,,,,,,,,,,,,,,,,,,,,,,,
,,Time (GMT):,20:30,,,,,,,2:00,23:30,,,,,,,,,,,,,,,,,,,,,,,,,,,
,,Release Date,Actual,Forecast,Previous,Time,,,,Time IST,,,,,,,,,,,,,,,,,,,,,,,,,,,,
,,30-Jan-25, 2.40 , 2.36 , 2.18 ,23:30,,,,2:00,,,,,,,,,,,,,,,,,,,,,,,,,,,,
,,31-Oct-24, 1.64 , 1.49 , 1.46 ,23:30,,,,2:00,,,,,,,,,,,,,,,,,,,,,,,,,,,,
,,01-Aug-24, 1.40 , 1.34 , 1.26 ,23:30,,,,2:00,,,,,,,,,,,,,,,,,,,,,,,,,,,,
,,02-May-24, 1.53 , 1.51 , 1.52 ,23:30,,,,2:00,,,,,,,,,,,,,,,,,,,,,,,,,,,,
,,01-Feb-24, 2.18 , 2.09 , 1.88 ,23:30,,,,2:00,,,,,,,,,,,,,,,,,,,,,,,,,,,,
,,02-Nov-23, 1.46 , 1.39 , 1.29 ,23:30,,,,2:00,,,,,,,,,,,,,,,,,,,,,,,,,,,,
,1,Event,EUR - CPI (YoY) (Apr) P,,,Asset,Description,,,IST Time,MT5 server time,,,,,,,,,,,,,,,,,,,,,,,,,,,
,,Actual:,,,,C:EURJPY,"The Consumer Price Index (CPI) measures the change in the prices of goods and services contained in a basket of consumer items. The Central bank pays very close attention to this figure in its role of maintaining price stability.

A reading that is stronger than forecast is generally supportive (bullish) for the EUR, while a weaker than forecast reading is generally negative (bearish) for the EUR.

Learn More: Legacy Refernce",,,,EUR - CPI (YoY) (Apr) P,,,,,,,,,,,,,,,,,,,,,,,,,,,
,,Forecast:,,,,EURJPY.sd,,,,,,,,,,,,,,,,,,,,,,,,,,,,,,,,
,,Previous:,2.50%,,,,,,,,,,,,,,,,,,,,,,,,,,,,,,,,,,,
,,Time (GMT):,9:00,,,,,,,14:30,12:00,,,,,,,,,,,,,,,,,,,,,,,,,,,
,,Release Date,Actual,Forecast,Previous,Time,,,,Time IST,,,,,,,,,,,,,,,,,,,,,,,,,,,,
,,16-Apr-25,2.20%,2.20%,2.30%,9:00,,,,14:30,,,,,,,,,,,,,,,,,,,,,,,,,,,,
,,01-Apr-25,2.20%,2.20%,2.30%,9:00,,,,14:30,,,,,,,,,,,,,,,,,,,,,,,,,,,,
,,19-Mar-25,2.30%,2.40%,2.50%,10:00,,,,15:30,,,,,,,,,,,,,,,,,,,,,,,,,,,,
,,03-Mar-25,2.40%,2.30%,2.50%,10:00,,,,15:30,,,,,,,,,,,,,,,,,,,,,,,,,,,,
,,24-Feb-25,2.50%,2.50%,2.40%,10:00,,,,15:30,,,,,,,,,,,,,,,,,,,,,,,,,,,,
,,03-Feb-25,2.50%,2.40%,2.40%,10:00,,,,15:30,,,,,,,,,,,,,,,,,,,,,,,,,,,,
,1,Event,USD - Average Hourly Earnings (MoM) (Apr),,,Asset,Description,,,IST Time,MT5 server time,,,,,,,,,,,,,,,,,,,,,,,,,,,
,,Actual:,,,,C:USDJPY,"
Average Hourly Earnings measures the change in the amount of money businesses pay for labour, excluding the agricultural sector.

A reading that is stronger than forecast is generally supportive (bullish) for the USD, while a weaker than forecast reading is generally negative (bearish) for the USD.

Learn More: USDJPY | EURUSD",,,,USD - Average Hourly Earnings (MoM) (Apr),,,,,,,,,,,,,,,,,,,,,,,,,,,
,,Forecast:,,,,USDJPY.sd,,,,,,,,,,,,,,,,,,,,,,,,,,,,,,,,
,,Previous:,0.30%,,,,,,,,,,,,,,,,,,,,,,,,,,,,,,,,,,,
,,Time (GMT):,12:30,,,,,,,18:00,15:30,,,,,,,,,,,,,,,,,,,,,,,,,,,
,,Release Date,Actual,Forecast,Previous,Time,,,,Time IST,,,,,,,,,,,,,,,,,,,,,,,,,,,,
,,04-Apr-25,0.30%,0.30%,0.20%,12:30,,,,18:00,,,,,,,,,,,,,,,,,,,,,,,,,,,,
,,07-Mar-25,0.30%,0.30%,0.40%,13:30,,,,19:00,,,,,,,,,,,,,,,,,,,,,,,,,,,,
,,07-Feb-25,0.50%,0.30%,0.30%,13:30,,,,19:00,,,,,,,,,,,,,,,,,,,,,,,,,,,,
,,10-Jan-25,0.30%,0.30%,0.40%,13:30,,,,19:00,,,,,,,,,,,,,,,,,,,,,,,,,,,,
,,06-Dec-24,0.40%,0.30%,0.40%,13:30,,,,19:00,,,,,,,,,,,,,,,,,,,,,,,,,,,,
,,01-Nov-24,0.40%,0.30%,0.30%,12:30,,,,18:00,,,,,,,,,,,,,,,,,,,,,,,,,,,,
,1,Event,USD - Nonfarm Payrolls (Apr),,,Asset,Description,,,IST Time,MT5 server time,,,,,,,,,,,,,,,,,,,,,,,,,,,
,,Actual:,,,,C:USDJPY,"
Nonfarm Payrolls measures the change in the number of people employed during the prior month, excluding workers in the farming industry. Given that full employment is one of the Federal Reserves mandates, it is very closely watched.

A reading that is stronger than forecast is generally supportive (bullish) for the USD, while a weaker than forecast reading is generally negative (bearish) for the USD.

Learn More: USDJPY | EURUSD",,,,USD - Nonfarm Payrolls (Apr),,,,,,,,,,,,,,,,,,,,,,,,,,,
,,Forecast:,,,,USDJPY.sd,,,,,,,,,,,,,,,,,,,,,,,,,,,,,,,,
,,Previous:,228K,,,,,,,,,,,,,,,,,,,,,,,,,,,,,,,,,,,
,,Time (GMT):,12:30,,,,,,,18:00,15:30,,,,,,,,,,,,,,,,,,,,,,,,,,,
,,Release Date,Actual,Forecast,Previous,Time,,,,Time IST,,,,,,,,,,,,,,,,,,,,,,,,,,,,
,,04-Apr-25,228,137,117,12:30,,,,18:00,,,,,,,,,,,,,,,,,,,,,,,,,,,,
,,07-Mar-25,151,159,125,13:30,,,,19:00,,,,,,,,,,,,,,,,,,,,,,,,,,,,
,,07-Feb-25,143,169,307,13:30,,,,19:00,,,,,,,,,,,,,,,,,,,,,,,,,,,,
,,10-Jan-25,256,164,212,13:30,,,,19:00,,,,,,,,,,,,,,,,,,,,,,,,,,,,
,,06-Dec-24,227,202,36,13:30,,,,19:00,,,,,,,,,,,,,,,,,,,,,,,,,,,,
,,01-Nov-24,12,106,223,12:30,,,,18:00,,,,,,,,,,,,,,,,,,,,,,,,,,,,
,1,Event,USD - Unemployment Rate (Apr),,,Asset,Description,,,IST Time,MT5 server time,,,,,,,,,,,,,,,,,,,,,,,,,,,
,,Actual:,,,,C:USDJPY,"
The Unemployment Rate measures the percentage of the total work force that is not working, yet actively seeking employment.

A reading that is higher than forecast is generally negative (bearish) for the USD, while a lower than forecast reading is generally supportive (bullish) for the USD.

Learn More: USDJPY | EURUSD",,,,USD - Unemployment Rate (Apr),,,,,,,,,,,,,,,,,,,,,,,,,,,
,,Forecast:,,,,USDJPY.sd,,,,,,,,,,,,,,,,,,,,,,,,,,,,,,,,
,,Previous:,4.20%,,,,,,,,,,,,,,,,,,,,,,,,,,,,,,,,,,,
,,Time (GMT):,12:30,,,,,,,18:00,15:30,,,,,,,,,,,,,,,,,,,,,,,,,,,
,,Release Date,Actual,Forecast,Previous,Time,,,,Time IST,,,,,,,,,,,,,,,,,,,,,,,,,,,,
,,04-Apr-25,4.20%,4.10%,4.10%,12:30,,,,18:00,,,,,,,,,,,,,,,,,,,,,,,,,,,,
,,07-Mar-25,4.10%,4.00%,4.00%,13:30,,,,19:00,,,,,,,,,,,,,,,,,,,,,,,,,,,,
,,07-Feb-25,4.00%,4.10%,4.10%,13:30,,,,19:00,,,,,,,,,,,,,,,,,,,,,,,,,,,,
,,10-Jan-25,4.10%,4.20%,4.20%,13:30,,,,19:00,,,,,,,,,,,,,,,,,,,,,,,,,,,,
,,06-Dec-24,4.20%,4.20%,4.10%,13:30,,,,19:00,,,,,,,,,,,,,,,,,,,,,,,,,,,,
,,01-Nov-24,4.10%,4.10%,4.10%,12:30,,,,18:00,,,,,,,,,,,,,,,,,,,,,,,,,,,,
x,1,Event,USD - Services PMI (Apr),,,Asset,Description,,,IST Time,MT5 server time,,,,,,,,,,,,,,,,,,,,,,,,,,,
,,Actual:,,,,C:USDJPY,"
The Service PMI release is published monthly by Markit Economics. The data are based on surveys of over 400 executives in private sector service companies. The surveys cover transport and communication, financial intermediaries, business and personal services, computing & IT, hotels and restaurants. 
An index level of 50 denotes no change since the previous month, while a level above 50 signals an improvement, and below 50 indicates a deterioration. A reading that is stronger than forecast is generally supportive (bullish) for the USD, while a weaker than forecast reading is generally negative (bearish) for the USD.

Learn More: USDJPY | EURUSD",,,,USD - Services PMI (Apr),,,,,,,,,,,,,,,,,,,,,,,,,,,
,,Forecast:, 51.40 ,,,USDJPY.sd,,,,,,,,,,,,,,,,,,,,,,,,,,,,,,,,
,,Previous:, 54.40 ,,,,,,,,,,,,,,,,,,,,,,,,,,,,,,,,,,,
,,Time (GMT):,13:45,,,,,,,19:15,16:45,,,,,,,,,,,,,,,,,,,,,,,,,,,
,,Release Date,Actual,Forecast,Previous,Time,,,,Time IST,,,,,,,,,,,,,,,,,,,,,,,,,,,,
,,23-Apr-25,51.4,52.8,54.4,13:45,,,,19:15,,,,,,,,,,,,,,,,,,,,,,,,,,,,
,,03-Apr-25,54.4,54.3,51,13:45,,,,19:15,,,,,,,,,,,,,,,,,,,,,,,,,,,,
,,23-Apr-25,51.4,52.8,54.4,13:45,,,,19:15,,,,,,,,,,,,,,,,,,,,,,,,,,,,
,,03-Apr-25,54.4,54.3,51,13:45,,,,19:15,,,,,,,,,,,,,,,,,,,,,,,,,,,,
,,23-Apr-25,51.4,52.8,54.4,13:45,,,,19:15,,,,,,,,,,,,,,,,,,,,,,,,,,,,
,,03-Apr-25,54.4,54.3,51,13:45,,,,19:15,,,,,,,,,,,,,,,,,,,,,,,,,,,,
,1,Event,USD - ISM Non-Manufacturing PMI (Apr),,,Asset,Description,,,IST Time,MT5 server time,,,,,,,,,,,,,,,,,,,,,,,,,,,
,,Actual:,,,,C:USDJPY,"

The Institute of Supply Management (ISM) Non-Manufacturing Purchasing Managers' Index (PMI) (also known as the ISM Services PMI) report on Business, is based on data compiled from monthly replies to questions asked of more than 370 purchasing and supply executives in over 62 different industries.

The Prices Paid subcategory is a diffusion index calculated by adding the percent of responses indicating they paid more for inputs plus one-half of those responding that they paid the same for inputs. The resulting single index number is then seasonally adjusted.

The Prices Paid diffusion index is one of a number of indicators pointing to the degree of inflationary pressures in the economy.

A reading that is stronger than forecast is generally supportive (bullish) for the USD, while a weaker than forecast reading is generally negative (bearish) for the USD.

Learn More: USDJPY | EURUSD",,,,USD - ISM Non-Manufacturing PMI (Apr),,,,,,,,,,,,,,,,,,,,,,,,,,,
,,Forecast:,,,,USDJPY.sd,,,,,,,,,,,,,,,,,,,,,,,,,,,,,,,,
,,Previous:, 50.80 ,,,,,,,,,,,,,,,,,,,,,,,,,,,,,,,,,,,
,,Time (GMT):,14:00,,,,,,,19:30,17:00,,,,,,,,,,,,,,,,,,,,,,,,,,,
,,Release Date,Actual,Forecast,Previous,Time,,,,Time IST,,,,,,,,,,,,,,,,,,,,,,,,,,,,
,,03-Apr-25, 50.80 , 53.00 , 53.50 ,14:00,,,,19:30,,,,,,,,,,,,,,,,,,,,,,,,,,,,
,,05-Mar-25, 53.50 , 52.50 , 52.80 ,15:00,,,,20:30,,,,,,,,,,,,,,,,,,,,,,,,,,,,
,,05-Feb-25, 52.80 , 54.20 , 54.00 ,15:00,,,,20:30,,,,,,,,,,,,,,,,,,,,,,,,,,,,
,,07-Jan-25, 54.10 , 53.50 , 52.10 ,15:00,,,,20:30,,,,,,,,,,,,,,,,,,,,,,,,,,,,
,,04-Dec-24, 52.10 , 55.50 , 56.00 ,15:00,,,,20:30,,,,,,,,,,,,,,,,,,,,,,,,,,,,
,,05-Nov-24, 56.00 , 53.80 , 54.90 ,15:00,,,,20:30,,,,,,,,,,,,,,,,,,,,,,,,,,,,
,1,Event,USD - ISM Non-Manufacturing Prices (Apr),,,Asset,Description,,,IST Time,MT5 server time,,,,,,,,,,,,,,,,,,,,,,,,,,,
,,Actual:,,,,C:USDJPY,"

The Institute of Supply Management (ISM) Non-Manufacturing Purchasing Managers' Index (PMI) (also known as the ISM Services PMI) report on Business, is based on data compiled from monthly replies to questions asked of more than 370 purchasing and supply executives in over 62 different industries.

The Prices Paid subcategory is a diffusion index calculated by adding the percent of responses indicating they paid more for inputs plus one-half of those responding that they paid the same for inputs. The resulting single index number is then seasonally adjusted.

The Prices Paid diffusion index is one of a number of indicators pointing to the degree of inflationary pressures in the economy.

A reading that is stronger than forecast is generally supportive (bullish) for the USD, while a weaker than forecast reading is generally negative (bearish) for the USD.

Learn More: USDJPY | EURUSD",,,,USD - ISM Non-Manufacturing Prices (Apr),,,,,,,,,,,,,,,,,,,,,,,,,,,
,,Forecast:,,,,USDJPY.sd,,,,,,,,,,,,,,,,,,,,,,,,,,,,,,,,
,,Previous:, 60.90 ,,,,,,,,,,,,,,,,,,,,,,,,,,,,,,,,,,,
,,Time (GMT):,14:00,,,,,,,19:30,17:00,,,,,,,,,,,,,,,,,,,,,,,,,,,
,,Release Date,Actual,Forecast,Previous,Time,,,,Time IST,,,,,,,,,,,,,,,,,,,,,,,,,,,,
,,03-Apr-25, 60.90 , 63.10 , 62.60 ,14:00,,,,19:30,,,,,,,,,,,,,,,,,,,,,,,,,,,,
,,05-Mar-25, 62.60 , 60.00 , 60.40 ,15:00,,,,20:30,,,,,,,,,,,,,,,,,,,,,,,,,,,,
,,05-Feb-25, 60.40 , -   , 64.40 ,15:00,,,,20:30,,,,,,,,,,,,,,,,,,,,,,,,,,,,
,,07-Jan-25, 64.40 , 57.50 , 58.20 ,15:00,,,,20:30,,,,,,,,,,,,,,,,,,,,,,,,,,,,
,,04-Dec-24, 58.20 , 56.40 , 58.10 ,15:00,,,,20:30,,,,,,,,,,,,,,,,,,,,,,,,,,,,
,,05-Nov-24, 58.10 , 58.00 , 59.40 ,15:00,,,,20:30,,,,,,,,,,,,,,,,,,,,,,,,,,,,
,1,Event,Japan - Greenery Day,,,Asset,Description,,,IST Time,MT5 server time,,,,,,,,,,,,,,,,,,,,,,,,,,,
,,Actual:,,,,C:USDJPY,"[]

Learn More: Legacy Refernce",,,,Japan - Greenery Day,,,,,,,,,,,,,,,,,,,,,,,,,,,
,,Forecast:,,,,USDJPY.sd,,,,,,,,,,,,,,,,,,,,,,,,,,,,,,,,
,,Previous:,0.00%,,,,,,,,,,,,,,,,,,,,,,,,,,,,,,,,,,,
,,Time (GMT):,12:30,,,,,,,All Day,#VALUE!,,,,,,,,,,,,,,,,,,,,,,,,,,,
,,Release Date,Actual,Forecast,Previous,Time,,,,Time IST,,,,,,,,,,,,,,,,,,,,,,,,,,,,
,,02-Apr-25,155,118,84,12:15,,,,17:45,,,,,,,,,,,,,,,,,,,,,,,,,,,,
,,05-Mar-25,77,141,186,13:15,,,,18:45,,,,,,,,,,,,,,,,,,,,,,,,,,,,
,,05-Feb-25,183,148,176,13:15,,,,18:45,,,,,,,,,,,,,,,,,,,,,,,,,,,,
,,08-Jan-25,122,139,146,13:15,,,,18:45,,,,,,,,,,,,,,,,,,,,,,,,,,,,
,,04-Dec-24,146,166,184,13:15,,,,18:45,,,,,,,,,,,,,,,,,,,,,,,,,,,,
,,30-Oct-24,233,110,159,12:15,,,,17:45,,,,,,,,,,,,,,,,,,,,,,,,,,,,
,1,Event,South Korea - Vesak Day,,,Asset,Description,,,IST Time,MT5 server time,,,,,,,,,,,,,,,,,,,,,,,,,,,
,,Actual:,,,,C:USDJPY,"[]

Learn More: Legacy Refernce",,,,South Korea - Vesak Day,,,,,,,,,,,,,,,,,,,,,,,,,,,
,,Forecast:,,,,USDJPY.sd,,,,,,,,,,,,,,,,,,,,,,,,,,,,,,,,
,,Previous:,0.00%,,,,,,,,,,,,,,,,,,,,,,,,,,,,,,,,,,,
,,Time (GMT):,#VALUE!,,,,,,,All Day,#VALUE!,,,,,,,,,,,,,,,,,,,,,,,,,,,
,,Release Date,Actual,Forecast,Previous,Time,,,,Time IST,,,,,,,,,,,,,,,,,,,,,,,,,,,,
,,27-Mar-25,2.40%,2.30%,3.10%,12:30,,,,18:00,,,,,,,,,,,,,,,,,,,,,,,,,,,,
,,27-Feb-25,2.30%,2.30%,3.10%,13:30,,,,19:00,,,,,,,,,,,,,,,,,,,,,,,,,,,,
,,30-Jan-25,2.30%,2.70%,3.10%,13:30,,,,19:00,,,,,,,,,,,,,,,,,,,,,,,,,,,,
,,19-Dec-24,3.10%,2.80%,3.00%,13:30,,,,19:00,,,,,,,,,,,,,,,,,,,,,,,,,,,,
,,27-Nov-24,2.80%,2.80%,3.00%,13:30,,,,19:00,,,,,,,,,,,,,,,,,,,,,,,,,,,,
,,30-Oct-24,2.80%,3.00%,3.00%,12:30,,,,18:00,,,,,,,,,,,,,,,,,,,,,,,,,,,,
,1,Event,USD - 10-Year Note Auction,,,Asset,Description,,,IST Time,MT5 server time,,,,,,,,,,,,,,,,,,,,,,,,,,,
,,Actual:,,,,C:USDJPY,"
The figures displayed in the calendar represent the yield on the Treasury Note auctioned.

U.S. Treasury Notes have maturities of two to ten years. Governments issue treasuries to borrow money to cover the gap between the amount they receive in taxes and the amount they spend to refinance existing debt and/or to raise capital. The rate on a Treasury Note represents the return an investor will receive by holding the note for its entire duration. All bidders receive the same rate at the highest accepted bid.

Yield fluctuations should be monitored closely as an indicator of the government debt situation. Investors compare the average rate at auction to the rate at previous auctions of the same security.

Learn More:USDJPY | EURUSD",,,,USD - 10-Year Note Auction,,,,,,,,,,,,,,,,,,,,,,,,,,,
,,Forecast:,,,,USDJPY.sd,,,,,,,,,,,,,,,,,,,,,,,,,,,,,,,,
,,Previous:,4.435%,,,,,,,,,,,,,,,,,,,,,,,,,,,,,,,,,,,
,,Time (GMT):,17:00,,,,,,,22:30,20:00,,,,,,,,,,,,,,,,,,,,,,,,,,,
,,Release Date,Actual,Forecast,Previous,Time,,,,Time IST,,,,,,,,,,,,,,,,,,,,,,,,,,,,
,,09-Apr-25,4.435%,,4.310%,17:00,,,,22:30,,,,,,,,,,,,,,,,,,,,,,,,,,,,
,,12-Mar-25,4.310%,,4.632%,17:00,,,,22:30,,,,,,,,,,,,,,,,,,,,,,,,,,,,
,,12-Feb-25,4.632%,,4.680%,18:00,,,,23:30,,,,,,,,,,,,,,,,,,,,,,,,,,,,
,,07-Jan-25,4.680%,,4.235%,18:00,,,,23:30,,,,,,,,,,,,,,,,,,,,,,,,,,,,
,,11-Dec-24,4.235%,,4.347%,18:00,,,,23:30,,,,,,,,,,,,,,,,,,,,,,,,,,,,
,,05-Nov-24,4.347%,,4.066%,18:00,,,,23:30,,,,,,,,,,,,,,,,,,,,,,,,,,,,
,1,Event,USD - Crude Oil Inventories,,,Asset,Description,,,IST Time,MT5 server time,,,,,,,,,,,,,,,,,,,,,,,,,,,
,,Actual:,,,,USOILRoll,"Federal Open Market Committee (FOMC) members vote on where to set the target interest rate. Traders watch interest rate changes closely as relative short term interest rates are a primary factor in currency valuation.

A reading that is stronger than forecast is generally supportive (bullish) for the USD, while a weaker than forecast reading is generally negative (bearish) for the USD.

Learn More:USDJPY | EURUSD",,,,USD - Crude Oil Inventories,,,,,,,,,,,,,,,,,,,,,,,,,,,
,,Forecast:,,,,USOILRoll,,,,,,,,,,,,,,,,,,,,,,,,,,,,,,,,
,,Previous:,-2.696M,,,,,,,,,,,,,,,,,,,,,,,,,,,,,,,,,,,
,,Time (GMT):,14:30,,,,,,,20:00,17:30,,,,,,,,,,,,,,,,,,,,,,,,,,,
,,Release Date,Actual,Forecast,Previous,Time,,,,Time IST,,,,,,,,,,,,,,,,,,,,,,,,,,,,
,,30-Apr-25,-2.696,0.390,0.244,17:30,,,,20:00,,,,,,,,,,,,,,,,,,,,,,,,,,,,
,,23-Apr-25,0.244,-0.70,0.515,17:30,,,,20:00,,,,,,,,,,,,,,,,,,,,,,,,,,,,
,,16-Apr-25,0.515,0.400,2.553,17:30,,,,20:00,,,,,,,,,,,,,,,,,,,,,,,,,,,,
,,09-Apr-25,2.553,2.200,6.165,17:30,,,,20:00,,,,,,,,,,,,,,,,,,,,,,,,,,,,
,,02-Apr-25,6.165,-0.20,-3.34,17:30,,,,20:00,,,,,,,,,,,,,,,,,,,,,,,,,,,,
,,26-Mar-25,-3.341,1.500,1.745,17:30,,,,20:00,,,,,,,,,,,,,,,,,,,,,,,,,,,,
,1,Event,USD - FOMC Statement,,,Asset,Description,,,IST Time,MT5 server time,,,,,,,,,,,,,,,,,,,,,,,,,,,
,,Actual:,,,,C:USDJPY,"The U.S. Federal Reserve's Federal Open Market Committee (FOMC) statement is the primary tool the panel uses to communicate with investors about monetary policy. It contains the outcome of the vote on interest rates, discusses the economic outlook and offers clues on the outcome of future votes.

A more dovish than expected statement could be taken as negative/bearish for the USD, while a more hawkish than expected statement could be taken as positive/bullish for the USD.

Learn More:USDJPY | EURUSD",,,,USD - FOMC Statement,,,,,,,,,,,,,,,,,,,,,,,,,,,
,,Forecast:,,,,USDJPY.sd,,,,,,,,,,,,,,,,,,,,,,,,,,,,,,,,
,,Previous:,,,,,,,,,,,,,,,,,,,,,,,,,,,,,,,,,,,,
,,Time (GMT):,18:00,,,,,,,23:30,21:00,,,,,,,,,,,,,,,,,,,,,,,,,,,
,,Release Date,Actual,Forecast,Previous,Time,,,,Time IST,,,,,,,,,,,,,,,,,,,,,,,,,,,,
,,19-Mar-25,,,,18:00,,,,23:30,,,,,,,,,,,,,,,,,,,,,,,,,,,,
,,29-Jan-25,,,,19:00,,,,0:30,,,,,,,,,,,,,,,,,,,,,,,,,,,,
,,18-Dec-24,,,,19:00,,,,0:30,,,,,,,,,,,,,,,,,,,,,,,,,,,,
,,07-Nov-24,,,,19:00,,,,0:30,,,,,,,,,,,,,,,,,,,,,,,,,,,,
,,18-Sep-24,,,,18:00,,,,23:30,,,,,,,,,,,,,,,,,,,,,,,,,,,,
,,31-Jul-24,,,,18:00,,,,23:30,,,,,,,,,,,,,,,,,,,,,,,,,,,,
,1,Event,USD - Fed Interest Rate Decision,,,Asset,Description,,,IST Time,MT5 server time,,,,,,,,,,,,,,,,,,,,,,,,,,,
,,Actual:,,,,C:USDJPY,"Federal Open Market Committee (FOMC) members vote on where to set the target interest rate. Traders watch interest rate changes closely as relative short term interest rates are a primary factor in currency valuation.

A reading that is stronger than forecast is generally supportive (bullish) for the USD, while a weaker than forecast reading is generally negative (bearish) for the USD.

Learn More:USDJPY | EURUSD",,,,USD - Fed Interest Rate Decision,,,,,,,,,,,,,,,,,,,,,,,,,,,
,,Forecast:,4.36%,,,USDJPY.sd,,,,,,,,,,,,,,,,,,,,,,,,,,,,,,,,
,,Previous:,4.50%,,,,,,,,,,,,,,,,,,,,,,,,,,,,,,,,,,,
,,Time (GMT):,18:00,,,,,,,23:30,21:00,,,,,,,,,,,,,,,,,,,,,,,,,,,
,,Release Date,Actual,Forecast,Previous,Time,,,,Time IST,,,,,,,,,,,,,,,,,,,,,,,,,,,,
,,19-Mar-25,4.50%,4.50%,4.50%,18:00,,,,23:30,,,,,,,,,,,,,,,,,,,,,,,,,,,,
,,30-Jan-25,4.50%,4.50%,4.50%,19:00,,,,0:30,,,,,,,,,,,,,,,,,,,,,,,,,,,,
,,19-Dec-24,4.50%,4.50%,4.75%,19:00,,,,0:30,,,,,,,,,,,,,,,,,,,,,,,,,,,,
,,08-Nov-24,4.75%,4.75%,5.00%,19:00,,,,0:30,,,,,,,,,,,,,,,,,,,,,,,,,,,,
,,18-Sep-24,5.00%,5.25%,5.50%,18:00,,,,23:30,,,,,,,,,,,,,,,,,,,,,,,,,,,,
,,31-Jul-24,5.50%,5.50%,5.50%,18:00,,,,23:30,,,,,,,,,,,,,,,,,,,,,,,,,,,,
,1,Event,USD - FOMC Press Conference,,,Asset,Description,,,IST Time,MT5 server time,,,,,,,,,,,,,,,,,,,,,,,,,,,
,,Actual:,,,,C:USDJPY,"[]

Learn More:USDJPY | EURUSD",,,,USD - FOMC Press Conference,,,,,,,,,,,,,,,,,,,,,,,,,,,
,,Forecast:,,,,USDJPY.sd,,,,,,,,,,,,,,,,,,,,,,,,,,,,,,,,
,,Previous:,,,,,,,,,,,,,,,,,,,,,,,,,,,,,,,,,,,,
,,Time (GMT):,18:30,,,,,,,0:00,21:30,,,,,,,,,,,,,,,,,,,,,,,,,,,
,,Release Date,Actual,Forecast,Previous,Time,,,,Time IST,,,,,,,,,,,,,,,,,,,,,,,,,,,,
,,19-Mar-25,,,,18:30,,,,0:00,,,,,,,,,,,,,,,,,,,,,,,,,,,,
,,29-Jan-25,,,,19:30,,,,1:00,,,,,,,,,,,,,,,,,,,,,,,,,,,,
,,18-Dec-24,,,,19:30,,,,1:00,,,,,,,,,,,,,,,,,,,,,,,,,,,,
,,07-Nov-24,,,,19:30,,,,1:00,,,,,,,,,,,,,,,,,,,,,,,,,,,,
,,18-Sep-24,,,,18:30,,,,0:00,,,,,,,,,,,,,,,,,,,,,,,,,,,,
,,31-Jul-24,,,,18:30,,,,0:00,,,,,,,,,,,,,,,,,,,,,,,,,,,,
,1,Event,GBP - BoE Interest Rate Decision,,,Asset,Description,,,IST Time,MT5 server time,,,,,,,,,,,,,,,,,,,,,,,,,,,
,,Actual:,,,,C:GBPJPY,"Bank of England (BOE) monetary policy committee members vote on where to set the Bank Rate. Traders watch interest rate changes closely because short term interest rates are the primary factor in currency valuation.

A reading that is stronger than forecast is generally supportive (bullish) for the GBP, while a weaker than forecast reading is generally negative (bearish) for the GBP.

Learn More:GBPJPY | GBPUSD",,,,GBP - BoE Interest Rate Decision,,,,,,,,,,,,,,,,,,,,,,,,,,,
,,Forecast:,,,,GBPJPY.sd,,,,,,,,,,,,,,,,,,,,,,,,,,,,,,,,
,,Previous:,4.50%,,,,,,,,,,,,,,,,,,,,,,,,,,,,,,,,,,,
,,Time (GMT):,11:00,,,,,,,16:30,14:00,,,,,,,,,,,,,,,,,,,,,,,,,,,
,,Release Date,Actual,Forecast,Previous,Time,,,,Time IST,,,,,,,,,,,,,,,,,,,,,,,,,,,,
,,20-Mar-25,4.50%,4.50%,4.50%,12:00,,,,17:30,,,,,,,,,,,,,,,,,,,,,,,,,,,,
,,06-Feb-25,4.50%,4.50%,4.75%,12:00,,,,17:30,,,,,,,,,,,,,,,,,,,,,,,,,,,,
,,19-Dec-24,4.75%,4.75%,4.75%,12:00,,,,17:30,,,,,,,,,,,,,,,,,,,,,,,,,,,,
,,07-Nov-24,4.75%,4.75%,5.00%,12:00,,,,17:30,,,,,,,,,,,,,,,,,,,,,,,,,,,,
,,19-Sep-24,5.00%,5.00%,5.00%,11:00,,,,16:30,,,,,,,,,,,,,,,,,,,,,,,,,,,,
,,01-Aug-24,5.00%,5.00%,5.25%,11:00,,,,16:30,,,,,,,,,,,,,,,,,,,,,,,,,,,,
,1,Event,USD - Initial Jobless Claims,,,Asset,Description,,,IST Time,MT5 server time,,,,,,,,,,,,,,,,,,,,,,,,,,,
,,Actual:,,,,C:USDJPY,"
Initial Jobless Claims measures the number of people who filed for unemployment insurance for the first time during the past week. This is the most timely U.S. economic data, but the market impact varies from week to week.
A reading that is higher than forecast is generally negative (bearish) for the USD, while a lower than forecast reading is generally supportive (bullish) for the USD.

Learn More:USDJPY | EURUSD",,,,USD - Initial Jobless Claims,,,,,,,,,,,,,,,,,,,,,,,,,,,
,,Forecast:,,,,USDJPY.sd,,,,,,,,,,,,,,,,,,,,,,,,,,,,,,,,
,,Previous:,,,,,,,,,,,,,,,,,,,,,,,,,,,,,,,,,,,,
,,Time (GMT):,12:30,,,,,,,18:00,15:30,,,,,,,,,,,,,,,,,,,,,,,,,,,
,,Release Date,Actual,Forecast,Previous,Time,,,,Time IST,,,,,,,,,,,,,,,,,,,,,,,,,,,,
,,24-Apr-25,222,222,216,12:30,,,,18:00,,,,,,,,,,,,,,,,,,,,,,,,,,,,
,,17-Apr-25,215,225,224,12:30,,,,18:00,,,,,,,,,,,,,,,,,,,,,,,,,,,,
,,10-Apr-25,223,223,219,12:30,,,,18:00,,,,,,,,,,,,,,,,,,,,,,,,,,,,
,,03-Apr-25,219,225,225,12:30,,,,18:00,,,,,,,,,,,,,,,,,,,,,,,,,,,,
,,27-Mar-25,224,225,225,12:30,,,,18:00,,,,,,,,,,,,,,,,,,,,,,,,,,,,
,,20-Mar-25,223,224,221,12:30,,,,18:00,,,,,,,,,,,,,,,,,,,,,,,,,,,,
,1,Event,USD - 30-Year Bond Auction,,,Asset,Description,,,IST Time,MT5 server time,,,,,,,,,,,,,,,,,,,,,,,,,,,
,,Actual:,,,,C:USDJPY,"
The figures displayed in the calendar represent the yield on the Treasury Bond auctioned.

U.S. Treasury Bonds have maturities from ten up to 30 years. Governments issue treasuries to borrow money to cover the gap between the amount they receive in taxes and the amount they spend to refinance existing debt and/or to raise capital. The rate on a Treasury Bond represents the return an investor will receive by holding the bond for its entire duration. All bidders receive the same rate at the highest accepted bid.

Yield fluctuations should be monitored closely as an indicator of the government debt situation. Investors compare the average rate at auction to the rate at previous auctions of the same security.

Learn More:USDJPY | EURUSD",,,,USD - 30-Year Bond Auction,,,,,,,,,,,,,,,,,,,,,,,,,,,
,,Forecast:,,,,USDJPY.sd,,,,,,,,,,,,,,,,,,,,,,,,,,,,,,,,
,,Previous:,4.435%,,,,,,,,,,,,,,,,,,,,,,,,,,,,,,,,,,,
,,Time (GMT):,17:00,,,,,,,22:30,20:00,,,,,,,,,,,,,,,,,,,,,,,,,,,
,,Release Date,Actual,Forecast,Previous,Time,,,,Time IST,,,,,,,,,,,,,,,,,,,,,,,,,,,,
,,10-Apr-25,4.813%,,4.623%,17:00,,,,22:30,,,,,,,,,,,,,,,,,,,,,,,,,,,,
,,13-Mar-25,4.623%,,4.748%,17:00,,,,22:30,,,,,,,,,,,,,,,,,,,,,,,,,,,,
,,13-Feb-25,4.748%,,4.913%,18:00,,,,23:30,,,,,,,,,,,,,,,,,,,,,,,,,,,,
,,08-Jan-25,4.913%,,4.535%,18:00,,,,23:30,,,,,,,,,,,,,,,,,,,,,,,,,,,,
,,12-Dec-24,4.535%,,4.608%,18:00,,,,23:30,,,,,,,,,,,,,,,,,,,,,,,,,,,,
,,06-Nov-24,4.608%,,4.389%,18:00,,,,23:30,,,,,,,,,,,,,,,,,,,,,,,,,,,,
,1,Event,USD - 10-Year Note Auction 2,,,Asset,Description,,,IST Time,MT5 server time,,,,,,,,,,,,,,,,,,,,,,,,,,,
,,Actual:,,,,C:EURUSD,"
The figures displayed in the calendar represent the yield on the Treasury Note auctioned.

U.S. Treasury Notes have maturities of two to ten years. Governments issue treasuries to borrow money to cover the gap between the amount they receive in taxes and the amount they spend to refinance existing debt and/or to raise capital. The rate on a Treasury Note represents the return an investor will receive by holding the note for its entire duration. All bidders receive the same rate at the highest accepted bid.

Yield fluctuations should be monitored closely as an indicator of the government debt situation. Investors compare the average rate at auction to the rate at previous auctions of the same security.

Learn More:USDJPY | EURUSD",,,,USD - 10-Year Note Auction,,,,,,,,,,,,,,,,,,,,,,,,,,,
,,Forecast:,,,,EURUSD.sd,,,,,,,,,,,,,,,,,,,,,,,,,,,,,,,,
,,Previous:,4.435%,,,,,,,,,,,,,,,,,,,,,,,,,,,,,,,,,,,
,,Time (GMT):,17:00,,,,,,,22:30,20:00,,,,,,,,,,,,,,,,,,,,,,,,,,,
,,Release Date,Actual,Forecast,Previous,Time,,,,Time IST,,,,,,,,,,,,,,,,,,,,,,,,,,,,
,,09-Apr-25,4.435%,,4.310%,17:00,,,,22:30,,,,,,,,,,,,,,,,,,,,,,,,,,,,
,,12-Mar-25,4.310%,,4.632%,17:00,,,,22:30,,,,,,,,,,,,,,,,,,,,,,,,,,,,
,,12-Feb-25,4.632%,,4.680%,18:00,,,,23:30,,,,,,,,,,,,,,,,,,,,,,,,,,,,
,,07-Jan-25,4.680%,,4.235%,18:00,,,,23:30,,,,,,,,,,,,,,,,,,,,,,,,,,,,
,,11-Dec-24,4.235%,,4.347%,18:00,,,,23:30,,,,,,,,,,,,,,,,,,,,,,,,,,,,
,,05-Nov-24,4.347%,,4.066%,18:00,,,,23:30,,,,,,,,,,,,,,,,,,,,,,,,,,,,
,1,Event,USD - FOMC Statement 2,,,Asset,Description,,,IST Time,MT5 server time,,,,,,,,,,,,,,,,,,,,,,,,,,,
,,Actual:,,,,C:EURUSD,"The U.S. Federal Reserve's Federal Open Market Committee (FOMC) statement is the primary tool the panel uses to communicate with investors about monetary policy. It contains the outcome of the vote on interest rates, discusses the economic outlook and offers clues on the outcome of future votes.

A more dovish than expected statement could be taken as negative/bearish for the USD, while a more hawkish than expected statement could be taken as positive/bullish for the USD.

Learn More:USDJPY | EURUSD",,,,USD - FOMC Statement,,,,,,,,,,,,,,,,,,,,,,,,,,,
,,Forecast:,,,,EURUSD.sd,,,,,,,,,,,,,,,,,,,,,,,,,,,,,,,,
,,Previous:,,,,,,,,,,,,,,,,,,,,,,,,,,,,,,,,,,,,
,,Time (GMT):,18:00,,,,,,,23:30,21:00,,,,,,,,,,,,,,,,,,,,,,,,,,,
,,Release Date,Actual,Forecast,Previous,Time,,,,Time IST,,,,,,,,,,,,,,,,,,,,,,,,,,,,
,,19-Mar-25,,,,18:00,,,,23:30,,,,,,,,,,,,,,,,,,,,,,,,,,,,
,,29-Jan-25,,,,19:00,,,,0:30,,,,,,,,,,,,,,,,,,,,,,,,,,,,
,,18-Dec-24,,,,19:00,,,,0:30,,,,,,,,,,,,,,,,,,,,,,,,,,,,
,,07-Nov-24,,,,19:00,,,,0:30,,,,,,,,,,,,,,,,,,,,,,,,,,,,
,,18-Sep-24,,,,18:00,,,,23:30,,,,,,,,,,,,,,,,,,,,,,,,,,,,
,,31-Jul-24,,,,18:00,,,,23:30,,,,,,,,,,,,,,,,,,,,,,,,,,,,
,1,Event,USD - FOMC Press Conference 2,,,Asset,Description,,,IST Time,MT5 server time,,,,,,,,,,,,,,,,,,,,,,,,,,,
,,Actual:,,,,C:EURUSD,"[]

Learn More:USDJPY | EURUSD",,,,USD - FOMC Press Conference,,,,,,,,,,,,,,,,,,,,,,,,,,,
,,Forecast:,,,,EURUSD.sd,,,,,,,,,,,,,,,,,,,,,,,,,,,,,,,,
,,Previous:,,,,,,,,,,,,,,,,,,,,,,,,,,,,,,,,,,,,
,,Time (GMT):,18:30,,,,,,,0:00,21:30,,,,,,,,,,,,,,,,,,,,,,,,,,,
,,Release Date,Actual,Forecast,Previous,Time,,,,Time IST,,,,,,,,,,,,,,,,,,,,,,,,,,,,
,,19-Mar-25,,,,18:30,,,,0:00,,,,,,,,,,,,,,,,,,,,,,,,,,,,
,,29-Jan-25,,,,19:30,,,,1:00,,,,,,,,,,,,,,,,,,,,,,,,,,,,
,,18-Dec-24,,,,19:30,,,,1:00,,,,,,,,,,,,,,,,,,,,,,,,,,,,
,,07-Nov-24,,,,19:30,,,,1:00,,,,,,,,,,,,,,,,,,,,,,,,,,,,
,,18-Sep-24,,,,18:30,,,,0:00,,,,,,,,,,,,,,,,,,,,,,,,,,,,
,,31-Jul-24,,,,18:30,,,,0:00,,,,,,,,,,,,,,,,,,,,,,,,,,,,
,1,Event,USD - 30-Year Bond Auction 2,,,Asset,Description,,,IST Time,MT5 server time,,,,,,,,,,,,,,,,,,,,,,,,,,,
,,Actual:,,,,C:EURUSD,"
The figures displayed in the calendar represent the yield on the Treasury Bond auctioned.

U.S. Treasury Bonds have maturities from ten up to 30 years. Governments issue treasuries to borrow money to cover the gap between the amount they receive in taxes and the amount they spend to refinance existing debt and/or to raise capital. The rate on a Treasury Bond represents the return an investor will receive by holding the bond for its entire duration. All bidders receive the same rate at the highest accepted bid.

Yield fluctuations should be monitored closely as an indicator of the government debt situation. Investors compare the average rate at auction to the rate at previous auctions of the same security.

Learn More:USDJPY | EURUSD",,,,USD - 30-Year Bond Auction,,,,,,,,,,,,,,,,,,,,,,,,,,,
,,Forecast:,,,,EURUSD.sd,,,,,,,,,,,,,,,,,,,,,,,,,,,,,,,,
,,Previous:,4.435%,,,,,,,,,,,,,,,,,,,,,,,,,,,,,,,,,,,
,,Time (GMT):,17:00,,,,,,,22:30,20:00,,,,,,,,,,,,,,,,,,,,,,,,,,,
,,Release Date,Actual,Forecast,Previous,Time,,,,Time IST,,,,,,,,,,,,,,,,,,,,,,,,,,,,
,,10-Apr-25,4.813%,,4.623%,17:00,,,,22:30,,,,,,,,,,,,,,,,,,,,,,,,,,,,
,,13-Mar-25,4.623%,,4.748%,17:00,,,,22:30,,,,,,,,,,,,,,,,,,,,,,,,,,,,
,,13-Feb-25,4.748%,,4.913%,18:00,,,,23:30,,,,,,,,,,,,,,,,,,,,,,,,,,,,
,,08-Jan-25,4.913%,,4.535%,18:00,,,,23:30,,,,,,,,,,,,,,,,,,,,,,,,,,,,
,,12-Dec-24,4.535%,,4.608%,18:00,,,,23:30,,,,,,,,,,,,,,,,,,,,,,,,,,,,
,,06-Nov-24,4.608%,,4.389%,18:00,,,,23:30,,,,,,,,,,,,,,,,,,,,,,,,,,,,
x,1,Event,EUR - CPI (YoY) (Apr),,,Asset,Description,,,IST Time,MT5 server time,,,,,,,,,,,,,,,,,,,,,,,,,,,
,,Actual:,,,,C:EURJPY,"The Consumer Price Index (CPI) measures the change in the prices of goods and services contained in a basket of consumer items. The Central bank pays very close attention to this figure in its role of maintaining price stability.

A reading that is stronger than forecast is generally supportive (bullish) for the EUR, while a weaker than forecast reading is generally negative (bearish) for the EUR.

Learn More: EURJPY | EURUSD",,,,EUR - CPI (YoY) (Apr),,,,,,,,,,,,,,,,,,,,,,,,,,,
,,Forecast:,,,,EURJPY.sd,,,,,,,,,,,,,,,,,,,,,,,,,,,,,,,,
,,Previous:,2.20%,,,,,,,,,,,,,,,,,,,,,,,,,,,,,,,,,,,
,,Time (GMT):,9:00,,,,,,,14:30,12:00,,,,,,,,,,,,,,,,,,,,,,,,,,,
,,Release Date,Actual,Forecast,Previous,Time,,,,Time IST,,,,,,,,,,,,,,,,,,,,,,,,,,,,
,,02-May-25,2.20%,2.10%,2.20%,9:00,,,,14:30,,,,,,,,,,,,,,,,,,,,,,,,,,,,
,,16-Apr-25,2.20%,2.20%,2.30%,9:00,,,,14:30,,,,,,,,,,,,,,,,,,,,,,,,,,,,
,,01-Apr-25,2.20%,2.20%,2.30%,9:00,,,,14:30,,,,,,,,,,,,,,,,,,,,,,,,,,,,
,,19-Mar-25,2.30%,2.40%,2.50%,10:00,,,,15:30,,,,,,,,,,,,,,,,,,,,,,,,,,,,
,,03-Mar-25,2.40%,2.30%,2.50%,10:00,,,,15:30,,,,,,,,,,,,,,,,,,,,,,,,,,,,
,,24-Feb-25,2.50%,2.50%,2.40%,10:00,,,,15:30,,,,,,,,,,,,,,,,,,,,,,,,,,,,
,1,Event,AUD - RBA Interest Decision (May),,,Asset,Description,,,IST Time,MT5 server time,,,,,,,,,,,,,,,,,,,,,,,,,,,
,,Actual:,,,,C:AUDJPY,"The Reserve Bank of Australia (RBA) reports its decision on where to set the benchmark interest rate. As short term interest rates are an important determinant of currency valuation, traders watch interest rate changes closely.

A reading that is stronger than forecast is generally supportive (bullish) for the AUD, while a weaker than forecast reading is generally negative (bearish) for the AUD.

Learn More: AUDJPY | AUDUSD",,,,AUD - RBA Interest Decision (May),,,,,,,,,,,,,,,,,,,,,,,,,,,
,,Forecast:,,,,AUDJPY.sd,,,,,,,,,,,,,,,,,,,,,,,,,,,,,,,,
,,Previous:,4.10%,,,,,,,,,,,,,,,,,,,,,,,,,,,,,,,,,,,
,,Time (GMT):,4:30,,,,,,,10:00,7:30,,,,,,,,,,,,,,,,,,,,,,,,,,,
,,Release Date,Actual,Forecast,Previous,Time,,,,Time IST,,,,,,,,,,,,,,,,,,,,,,,,,,,,
,,01-Apr-25,4.10%,4.10%,4.10%,3:30,,,,9:00,,,,,,,,,,,,,,,,,,,,,,,,,,,,
,,18-Feb-25,4.10%,4.10%,4.35%,3:30,,,,9:00,,,,,,,,,,,,,,,,,,,,,,,,,,,,
,,10-Dec-24,4.35%,4.35%,4.35%,3:30,,,,9:00,,,,,,,,,,,,,,,,,,,,,,,,,,,,
,,05-Nov-24,4.35%,4.35%,4.35%,3:30,,,,9:00,,,,,,,,,,,,,,,,,,,,,,,,,,,,
,,24-Sep-24,4.35%,4.35%,4.35%,4:30,,,,10:00,,,,,,,,,,,,,,,,,,,,,,,,,,,,
,,06-Aug-24,4.35%,4.35%,4.35%,4:30,,,,10:00,,,,,,,,,,,,,,,,,,,,,,,,,,,,
,1,Event,GBP - CPI (YoY) (Apr),,,Asset,Description,,,IST Time,MT5 server time,,,,,,,,,,,,,,,,,,,,,,,,,,,
,,Actual:,,,,C:GBPJPY,"
The Consumer Price Index (CPI) measures the change in the prices of goods and services contained in a basket of consumer items. The Central bank pays very close attention to this figure in its role of maintaining price stability.

A reading that is stronger than forecast is generally supportive (bullish) for the GBP, while a weaker than forecast reading is generally negative (bearish) for the GBP.

Learn More: GBPJPY | GBPUSD",,,,GBP - CPI (YoY) (Apr),,,,,,,,,,,,,,,,,,,,,,,,,,,
,,Forecast:,,,,GBPJPY.sd,,,,,,,,,,,,,,,,,,,,,,,,,,,,,,,,
,,Previous:,2.60%,,,,,,,,,,,,,,,,,,,,,,,,,,,,,,,,,,,
,,Time (GMT):,6:00,,,,,,,11:30,9:00,,,,,,,,,,,,,,,,,,,,,,,,,,,
,,Release Date,Actual,Forecast,Previous,Time,,,,Time IST,,,,,,,,,,,,,,,,,,,,,,,,,,,,
,,16-Apr-25,2.60%,2.70%,2.80%,6:00,,,,11:30,,,,,,,,,,,,,,,,,,,,,,,,,,,,
,,26-Mar-25,2.80%,3.00%,3.00%,7:00,,,,12:30,,,,,,,,,,,,,,,,,,,,,,,,,,,,
,,19-Feb-25,3.00%,2.80%,2.50%,7:00,,,,12:30,,,,,,,,,,,,,,,,,,,,,,,,,,,,
,,15-Jan-25,2.50%,2.60%,2.60%,7:00,,,,12:30,,,,,,,,,,,,,,,,,,,,,,,,,,,,
,,18-Dec-24,2.60%,2.60%,2.30%,7:00,,,,12:30,,,,,,,,,,,,,,,,,,,,,,,,,,,,
,,20-Nov-24,2.30%,2.20%,1.70%,7:00,,,,12:30,,,,,,,,,,,,,,,,,,,,,,,,,,,,
,1,Event,USD - Crude Oil Inventories,,,Asset,Description,,,IST Time,MT5 server time,,,,,,,,,,,,,,,,,,,,,,,,,,,
,,Actual:,,,,USOILRoll,"
The Energy Information Administration's (EIA) Crude Oil Inventories measures the weekly change in the number of barrels of commercial crude oil held by US firms. The level of inventories influences the price of petroleum products, which can have an impact on inflation.

If the increase in crude inventories is more than expected, it implies weaker demand and is bearish for crude prices. The same can be said if a decline in inventories is less than expected.
If the increase in crude is less than expected, it implies greater demand and is bullish for crude prices. The same can be said if a decline in inventories is more than expected.

Learn More: USOILRoll",,,,USD - Crude Oil Inventories,,,,,,,,,,,,,,,,,,,,,,,,,,,
,,Forecast:,,,,USOILRoll,,,,,,,,,,,,,,,,,,,,,,,,,,,,,,,,
,,Previous:,3.454M,,,,,,,,,,,,,,,,,,,,,,,,,,,,,,,,,,,
,,Time (GMT):,14:30,,,,,,,20:00,17:30,,,,,,,,,,,,,,,,,,,,,,,,,,,
,,Release Date,Actual,Forecast,Previous,Time,,,,Time IST,,,,,,,,,,,,,,,,,,,,,,,,,,,,
,,14-May-25,3.454,-2.00,-2.03,17:30,,,,20:00,,,,,,,,,,,,,,,,,,,,,,,,,,,,
,,07-May-25,-2.03,-1.70,-2.69,17:30,,,,20:00,,,,,,,,,,,,,,,,,,,,,,,,,,,,
,,30-Apr-25,-2.69,0.390,0.244,17:30,,,,20:00,,,,,,,,,,,,,,,,,,,,,,,,,,,,
,,23-Apr-25,0.244,-0.70,0.515,17:30,,,,20:00,,,,,,,,,,,,,,,,,,,,,,,,,,,,
,,16-Apr-25,0.515,0.400,2.553,17:30,,,,20:00,,,,,,,,,,,,,,,,,,,,,,,,,,,,
,,09-Apr-25,2.553,2.200,6.165,17:30,,,,20:00,,,,,,,,,,,,,,,,,,,,,,,,,,,,
,1,Event,USD - Initial Jobless Claims,,,Asset,Description,,,IST Time,MT5 server time,,,,,,,,,,,,,,,,,,,,,,,,,,,
,,Actual:,,,,C:USDJPY,"
Initial Jobless Claims measures the number of people who filed for unemployment insurance for the first time during the past week. This is the most timely U.S. economic data, but the market impact varies from week to week.
A reading that is higher than forecast is generally negative (bearish) for the USD, while a lower than forecast reading is generally supportive (bullish) for the USD.

Learn More: USDJPY | EURUSD",,,,USD - Initial Jobless Claims,,,,,,,,,,,,,,,,,,,,,,,,,,,
,,Forecast:,,,,USDJPY.sd,,,,,,,,,,,,,,,,,,,,,,,,,,,,,,,,
,,Previous:,,,,,,,,,,,,,,,,,,,,,,,,,,,,,,,,,,,,
,,Time (GMT):,12:30,,,,,,,18:00,15:30,,,,,,,,,,,,,,,,,,,,,,,,,,,
,,Release Date,Actual,Forecast,Previous,Time,,,,Time IST,,,,,,,,,,,,,,,,,,,,,,,,,,,,
,,15-May-25,,229,228,12:30,,,,18:00,,,,,,,,,,,,,,,,,,,,,,,,,,,,
,,08-May-25,228,231,241,12:30,,,,18:00,,,,,,,,,,,,,,,,,,,,,,,,,,,,
,,01-May-25,241,224,223,12:30,,,,18:00,,,,,,,,,,,,,,,,,,,,,,,,,,,,
,,24-Apr-25,222,222,216,12:30,,,,18:00,,,,,,,,,,,,,,,,,,,,,,,,,,,,
,,17-Apr-25,215,225,224,12:30,,,,18:00,,,,,,,,,,,,,,,,,,,,,,,,,,,,
,,10-Apr-25,223,223,219,12:30,,,,18:00,,,,,,,,,,,,,,,,,,,,,,,,,,,,
,1,Event,USD - Manufacturing PMI (May) P,,,Asset,Description,,,IST Time,MT5 server time,,,,,,,,,,,,,,,,,,,,,,,,,,,
,,Actual:,,,,C:USDJPY,"
The Manufacturing Purchasing Managers' Index (PMI) is a diffusion index incorporating survey results provided by manufacturing firms throughout the country. A reading above fifty suggests the manufacturing sector is expanding, while a reading below fifty suggests the manufacturing sector is in contraction. Policymakers and traders watch these surveys closely as purchasing managers usually have early access to data about their company’s performance, rather than waiting for the hard data to emerge. While manufacturing accounts for a far smaller percentage of economic output than services, it is far more cyclical and is therefore a useful indicator of where in the economic cycle the economy is currently situated. A reading that is stronger than forecast is generally supportive (bullish) for the USD while a weaker than forecast reading is generally negative (bearish) for the USD.

Learn More: USDJPY | EURUSD",,,,USD - Manufacturing PMI (May) P,,,,,,,,,,,,,,,,,,,,,,,,,,,
,,Forecast:,,,,USDJPY.sd,,,,,,,,,,,,,,,,,,,,,,,,,,,,,,,,
,,Previous:, 50.20 ,,,,,,,,,,,,,,,,,,,,,,,,,,,,,,,,,,,
,,Time (GMT):,13:45,,,,,,,19:15,16:45,,,,,,,,,,,,,,,,,,,,,,,,,,,
,,Release Date,Actual,Forecast,Previous,Time,,,,Time IST,,,,,,,,,,,,,,,,,,,,,,,,,,,,
,,01-May-25,, 50.70 , 50.20 ,13:45,,,,19:15,,,,,,,,,,,,,,,,,,,,,,,,,,,,
,,23-Apr-25, 50.70 , 49.00 , 50.20 ,13:45,,,,19:15,,,,,,,,,,,,,,,,,,,,,,,,,,,,
,,01-May-25, 50.20 , 50.70 , 50.20 ,13:45,,,,19:15,,,,,,,,,,,,,,,,,,,,,,,,,,,,
,,23-Apr-25, 50.70 , 49.00 , 50.20 ,13:45,,,,19:15,,,,,,,,,,,,,,,,,,,,,,,,,,,,
,,01-May-25, 50.20 , 50.70 , 50.20 ,13:45,,,,19:15,,,,,,,,,,,,,,,,,,,,,,,,,,,,
,,23-Apr-25, 50.70 , 49.00 , 50.20 ,13:45,,,,19:15,,,,,,,,,,,,,,,,,,,,,,,,,,,,
,1,Event,USD - Services PMI (May) P,,,Asset,Description,,,IST Time,MT5 server time,,,,,,,,,,,,,,,,,,,,,,,,,,,
,,Actual:,,,,C:USDJPY,"
The Service PMI release is published monthly by Markit Economics. The data are based on surveys of over 400 executives in private sector service companies. The surveys cover transport and communication, financial intermediaries, business and personal services, computing & IT, hotels and restaurants. 
An index level of 50 denotes no change since the previous month, while a level above 50 signals an improvement, and below 50 indicates a deterioration. A reading that is stronger than forecast is generally supportive (bullish) for the USD, while a weaker than forecast reading is generally negative (bearish) for the USD.

Learn More: USDJPY | EURUSD",,,,USD - Services PMI (May) P,,,,,,,,,,,,,,,,,,,,,,,,,,,
,,Forecast:,,,,USDJPY.sd,,,,,,,,,,,,,,,,,,,,,,,,,,,,,,,,
,,Previous:, 50.80 ,,,,,,,,,,,,,,,,,,,,,,,,,,,,,,,,,,,
,,Time (GMT):,13:45,,,,,,,19:15,16:45,,,,,,,,,,,,,,,,,,,,,,,,,,,
,,Release Date,Actual,Forecast,Previous,Time,,,,Time IST,,,,,,,,,,,,,,,,,,,,,,,,,,,,
,,05-May-25,, 51.40 , 54.40 ,13:45,,,,19:15,,,,,,,,,,,,,,,,,,,,,,,,,,,,
,,23-Apr-25, 51.40 , 52.80 , 54.40 ,13:45,,,,19:15,,,,,,,,,,,,,,,,,,,,,,,,,,,,
,,05-May-25, 50.80 , 51.40 , 54.40 ,13:45,,,,19:15,,,,,,,,,,,,,,,,,,,,,,,,,,,,
,,23-Apr-25, 51.40 , 52.80 , 54.40 ,13:45,,,,19:15,,,,,,,,,,,,,,,,,,,,,,,,,,,,
,,05-May-25, 50.80 , 51.40 , 54.40 ,13:45,,,,19:15,,,,,,,,,,,,,,,,,,,,,,,,,,,,
,,23-Apr-25, 51.40 , 52.80 , 54.40 ,13:45,,,,19:15,,,,,,,,,,,,,,,,,,,,,,,,,,,,
,1,Event,USD - Existing Home Sales (Apr),,,Asset,Description,,,IST Time,MT5 server time,,,,,,,,,,,,,,,,,,,,,,,,,,,
,,Actual:,,,,C:USDJPY,"
Existing Home Sales measures the change in the annualised number of existing residential buildings that were sold during the prior month. This report helps to gauge the strength of the U.S. housing market and is an important indicator of overall economic strength.

A reading that is stronger than forecast is generally supportive (bullish) for the USD, while a weaker than forecast reading is generally negative (bearish) for the USD.

Learn More: USDJPY | EURUSD",,,,USD - Existing Home Sales (Apr),,,,,,,,,,,,,,,,,,,,,,,,,,,
,,Forecast:,,,,USDJPY.sd,,,,,,,,,,,,,,,,,,,,,,,,,,,,,,,,
,,Previous:,4.02M,,,,,,,,,,,,,,,,,,,,,,,,,,,,,,,,,,,
,,Time (GMT):,14:00,,,,,,,19:30,17:00,,,,,,,,,,,,,,,,,,,,,,,,,,,
,,Release Date,Actual,Forecast,Previous,Time,,,,Time IST,,,,,,,,,,,,,,,,,,,,,,,,,,,,
,,24-Apr-25,4.02,4.14,4.27,14:00,,,,19:30,,,,,,,,,,,,,,,,,,,,,,,,,,,,
,,20-Mar-25,4.26,3.95,4.09,14:00,,,,19:30,,,,,,,,,,,,,,,,,,,,,,,,,,,,
,,21-Feb-25,4.08,4.13,4.29,15:00,,,,20:30,,,,,,,,,,,,,,,,,,,,,,,,,,,,
,,24-Jan-25,4.24,4.19,4.15,15:00,,,,20:30,,,,,,,,,,,,,,,,,,,,,,,,,,,,
,,19-Dec-24,4.15,4.09,3.96,15:00,,,,20:30,,,,,,,,,,,,,,,,,,,,,,,,,,,,
,,21-Nov-24,3.96,3.95,3.83,15:00,,,,20:30,,,,,,,,,,,,,,,,,,,,,,,,,,,,
,1,Event,EUR - German GDP (QoQ) (Q1),,,Asset,Description,,,IST Time,MT5 server time,,,,,,,,,,,,,,,,,,,,,,,,,,,
,,Actual:,,,,C:EURJPY,"Gross Domestic Product (GDP) is the broadest measure of economic activity and is a key indicator of economic health. The quarterly percent changes in GDP show the growth rate of the economy as a whole.

A reading that is stronger than forecast is generally supportive (bullish) for the EUR, while a weaker than forecast reading is generally negative (bearish) for the EUR.

Learn More: EURJPY | EURUSD",,,,EUR - German GDP (QoQ) (Q1),,,,,,,,,,,,,,,,,,,,,,,,,,,
,,Forecast:, -   ,,,EURJPY.sd,,,,,,,,,,,,,,,,,,,,,,,,,,,,,,,,
,,Previous:,0.20%,,,,,,,,,,,,,,,,,,,,,,,,,,,,,,,,,,,
,,Time (GMT):,6:00,,,,,,,11:30,9:00,,,,,,,,,,,,,,,,,,,,,,,,,,,
,,Release Date,Actual,Forecast,Previous,Time,,,,Time IST,,,,,,,,,,,,,,,,,,,,,,,,,,,,
,,30-Apr-25,0.20%,0.20%,-0.20%,8:00,,,,13:30,,,,,,,,,,,,,,,,,,,,,,,,,,,,
,,25-Feb-25,-0.20%,-0.20%,0.10%,7:00,,,,12:30,,,,,,,,,,,,,,,,,,,,,,,,,,,,
,,30-Jan-25,-0.20%,-0.10%,0.10%,9:00,,,,14:30,,,,,,,,,,,,,,,,,,,,,,,,,,,,
,,22-Nov-24,0.10%,0.20%,0.20%,7:00,,,,12:30,,,,,,,,,,,,,,,,,,,,,,,,,,,,
,,30-Oct-24,0.20%,-0.10%,-0.30%,9:00,,,,14:30,,,,,,,,,,,,,,,,,,,,,,,,,,,,
,,27-Aug-24,-0.10%,-0.10%,0.20%,6:00,,,,11:30,,,,,,,,,,,,,,,,,,,,,,,,,,,,
,1,Event,USD - New Home Sales (Apr),,,Asset,Description,,,IST Time,MT5 server time,,,,,,,,,,,,,,,,,,,,,,,,,,,
,,Actual:,,,,C:USDJPY,"
Gross Domestic Product (GDP) gauges the inflation-adjusted value of all goods and services produced within the economy. It is the most comprehensive measure of economic activity and an important indicator of economic health.

A reading that is stronger than forecast is generally supportive (bullish) for the GBP, while a weaker than forecast reading is generally negative (bearish) for the GBP.

Learn More: GBPJPY | GBPUSD",,,,USD - New Home Sales (Apr),,,,,,,,,,,,,,,,,,,,,,,,,,,
,,Forecast:,,,,USDJPY.sd,,,,,,,,,,,,,,,,,,,,,,,,,,,,,,,,
,,Previous:,724K,,,,,,,,,,,,,,,,,,,,,,,,,,,,,,,,,,,
,,Time (GMT):,14:00,,,,,,,19:30,17:00,,,,,,,,,,,,,,,,,,,,,,,,,,,
,,Release Date,Actual,Forecast,Previous,Time,,,,Time IST,,,,,,,,,,,,,,,,,,,,,,,,,,,,
,,23-Apr-25,724,684,674,14:00,,,,19:30,,,,,,,,,,,,,,,,,,,,,,,,,,,,
,,25-Mar-25,676,682,664,14:00,,,,19:30,,,,,,,,,,,,,,,,,,,,,,,,,,,,
,,26-Feb-25,657,679,734,15:00,,,,20:30,,,,,,,,,,,,,,,,,,,,,,,,,,,,
,,27-Jan-25,698,669,674,15:00,,,,20:30,,,,,,,,,,,,,,,,,,,,,,,,,,,,
,,23-Dec-24,664,666,627,15:00,,,,20:30,,,,,,,,,,,,,,,,,,,,,,,,,,,,
,,26-Nov-24,610,725,738,15:00,,,,20:30,,,,,,,,,,,,,,,,,,,,,,,,,,,,
x,1,Event,US - Fed Chair Powell Speaks,,,Asset,Description,,,IST Time,MT5 server time,,,,,,,,,,,,,,,,,,,,,,,,,,,
,,Actual:,,,,C:USDJPY,"Federal Reserve Chair Jerome Powell (Feb. 2018 – Feb. 2026) is to speak. As head of the Fed, which controls short term interest rates, he has more influence over the U.S. dollar's value than any other person. Traders closely watch his speeches as they are often used to drop hints regarding future monetary policy.

Learn More: USDJPY | EURUSD",,,,US - Fed Chair Powell Speaks,,,,,,,,,,,,,,,,,,,,,,,,,,,
,,Forecast:,,,,USDJPY.sd,,,,,,,,,,,,,,,,,,,,,,,,,,,,,,,,
,,Previous:,,,,,,,,,,,,,,,,,,,,,,,,,,,,,,,,,,,,
,,Time (GMT):,18:40,,,,,,,0:10,21:40,,,,,,,,,,,,,,,,,,,,,,,,,,,
,,Release Date,Actual,Forecast,Previous,Time,,,,Time IST,,,,,,,,,,,,,,,,,,,,,,,,,,,,
,,15-May-25,,,,12:40,,,,18:10,,,,,,,,,,,,,,,,,,,,,,,,,,,,
,,16-Apr-25,,,,17:30,,,,23:00,,,,,,,,,,,,,,,,,,,,,,,,,,,,
,,04-Apr-25,,,,15:25,,,,20:55,,,,,,,,,,,,,,,,,,,,,,,,,,,,
,,07-Mar-25,,,,17:30,,,,23:00,,,,,,,,,,,,,,,,,,,,,,,,,,,,
,,04-Dec-24,,,,18:45,,,,0:15,,,,,,,,,,,,,,,,,,,,,,,,,,,,
,,14-Nov-24,,,,20:00,,,,1:30,,,,,,,,,,,,,,,,,,,,,,,,,,,,
,1,Event,US - Durable Good Orders (MoM) (Apr) P,,,Asset,Description,,,IST Time,MT5 server time,,,,,,,,,,,,,,,,,,,,,,,,,,,
,,Actual:,,,,C:USDJPY,"Durable Goods Orders reports the change in the total value of new orders for long lasting manufactured goods, including transportation items.

A reading that is stronger than forecast is generally supportive (bullish) for the USD, while a weaker than forecast reading is generally negative (bearish) for the USD.

Learn More: USDJPY | EURUSD",,,,US - Durable Good Orders (MoM) (Apr) P,,,,,,,,,,,,,,,,,,,,,,,,,,,
,,Forecast:,,,,USDJPY.sd,,,,,,,,,,,,,,,,,,,,,,,,,,,,,,,,
,,Previous:,9.20%,,,,,,,,,,,,,,,,,,,,,,,,,,,,,,,,,,,
,,Time (GMT):,12:30,,,,,,,18:00,15:30,,,,,,,,,,,,,,,,,,,,,,,,,,,
,,Release Date,Actual,Forecast,Previous,Time,,,,Time IST,,,,,,,,,,,,,,,,,,,,,,,,,,,,
,,24-Apr-25,9.20%,2.10%,0.90%,12:30,,,,18:00,,,,,,,,,,,,,,,,,,,,,,,,,,,,
,,26-Mar-25,0.90%,-1.10%,3.30%,12:30,,,,18:00,,,,,,,,,,,,,,,,,,,,,,,,,,,,
,,27-Feb-25,3.10%,2.00%,-1.80%,13:30,,,,19:00,,,,,,,,,,,,,,,,,,,,,,,,,,,,
,,28-Jan-25,-2.20%,0.30%,-2.00%,13:30,,,,19:00,,,,,,,,,,,,,,,,,,,,,,,,,,,,
,,23-Dec-24,-1.10%,-0.30%,0.80%,13:30,,,,19:00,,,,,,,,,,,,,,,,,,,,,,,,,,,,
,,27-Nov-24,0.20%,-0.80%,-0.40%,13:30,,,,19:00,,,,,,,,,,,,,,,,,,,,,,,,,,,,
,1,Event,US - CB Consumer Confidence (May),,,Asset,Description,,,IST Time,MT5 server time,,,,,,,,,,,,,,,,,,,,,,,,,,,
,,Actual:,,,,C:USDJPY,"
Conference Board (CB) Consumer Confidence measures the level of confidence consumers have in the economy. When consumers are optimistic, they tend to spend more which increases consumption and overall economic growth.

A reading that is stronger than forecast is generally supportive (bullish) for the USD, while a weaker than forecast reading is generally negative (bearish) for the USD.

Learn More: USDJPY | EURUSD",,,,US - CB Consumer Confidence (May),,,,,,,,,,,,,,,,,,,,,,,,,,,
,,Forecast:,,,,USDJPY.sd,,,,,,,,,,,,,,,,,,,,,,,,,,,,,,,,
,,Previous:, 86.00 ,,,,,,,,,,,,,,,,,,,,,,,,,,,,,,,,,,,
,,Time (GMT):,14:00,,,,,,,19:30,17:00,,,,,,,,,,,,,,,,,,,,,,,,,,,
,,Release Date,Actual,Forecast,Previous,Time,,,,Time IST,,,,,,,,,,,,,,,,,,,,,,,,,,,,
,,29-Apr-25, 86.00 , 87.70 , 93.90 ,14:00,,,,19:30,,,,,,,,,,,,,,,,,,,,,,,,,,,,
,,25-Mar-25, 92.90 , 94.20 , 100.10 ,14:00,,,,19:30,,,,,,,,,,,,,,,,,,,,,,,,,,,,
,,25-Feb-25, 98.30 , 102.70 , 105.30 ,15:00,,,,20:30,,,,,,,,,,,,,,,,,,,,,,,,,,,,
,,28-Jan-25, 104.10 , 105.70 , 109.50 ,15:00,,,,20:30,,,,,,,,,,,,,,,,,,,,,,,,,,,,
,,23-Dec-24, 104.70 , 112.90 , 112.80 ,15:00,,,,20:30,,,,,,,,,,,,,,,,,,,,,,,,,,,,
,,26-Nov-24, 111.70 , 111.80 , 109.60 ,15:00,,,,20:30,,,,,,,,,,,,,,,,,,,,,,,,,,,,
,1,Event,NZD - RBNZ Interest Rate Decision,,,Asset,Description,,,IST Time,MT5 server time,,,,,,,,,,,,,,,,,,,,,,,,,,,
,,Actual:,,,,C:NZDJPY,"

The Reserve Bank of New Zealand (RBNZ) governor decides where to set the rate after consulting senior bank staff and external advisers. As short term interest rates are an important determinant of currency valuation, traders watch interest rate changes closely.

A reading that is stronger than forecast is generally supportive (bullish) for the NZD, while a weaker than forecast reading is generally negative (bearish) for the NZD.

Learn More: NZDJPY |NZDUSD",,,,NZD - RBNZ Interest Rate Decision,,,,,,,,,,,,,,,,,,,,,,,,,,,
,,Forecast:,,,,NZDJPY.sd,,,,,,,,,,,,,,,,,,,,,,,,,,,,,,,,
,,Previous:,3.50%,,,,,,,,,,,,,,,,,,,,,,,,,,,,,,,,,,,
,,Time (GMT):,2:00,,,,,,,7:30,5:00,,,,,,,,,,,,,,,,,,,,,,,,,,,
,,Release Date,Actual,Forecast,Previous,Time,,,,Time IST,,,,,,,,,,,,,,,,,,,,,,,,,,,,
,,09-Apr-25,3.50%,3.50%,3.75%,2:00,,,,7:30,,,,,,,,,,,,,,,,,,,,,,,,,,,,
,,19-Feb-25,3.75%,3.75%,4.25%,1:00,,,,6:30,,,,,,,,,,,,,,,,,,,,,,,,,,,,
,,27-Nov-24,4.25%,4.25%,4.75%,1:00,,,,6:30,,,,,,,,,,,,,,,,,,,,,,,,,,,,
,,09-Oct-24,4.75%,4.75%,5.25%,1:00,,,,6:30,,,,,,,,,,,,,,,,,,,,,,,,,,,,
,,14-Aug-24,5.25%,5.50%,5.50%,2:00,,,,7:30,,,,,,,,,,,,,,,,,,,,,,,,,,,,
,,10-Jul-24,5.50%,5.50%,5.50%,2:00,,,,7:30,,,,,,,,,,,,,,,,,,,,,,,,,,,,
,1,Event,USD - FOMC Meeting Minutes,,,Asset,Description,,,IST Time,MT5 server time,,,,,,,,,,,,,,,,,,,,,,,,,,,
,,Actual:,,,,C:USDJPY,"

The Federal Open Market Committee (FOMC) Meeting Minutes are a detailed record of the committee's policy-setting meeting held about three weeks earlier. The minutes offer detailed insights regarding the FOMC's stance on monetary policy, so currency traders carefully examine them for clues regarding the outcome of future interest rate decisions.

Learn More: USDJPY |EURUSD",,,,USD - FOMC Meeting Minutes,,,,,,,,,,,,,,,,,,,,,,,,,,,
,,Forecast:,,,,USDJPY.sd,,,,,,,,,,,,,,,,,,,,,,,,,,,,,,,,
,,Previous:,0.00%,,,,,,,,,,,,,,,,,,,,,,,,,,,,,,,,,,,
,,Time (GMT):,18:00,,,,,,,23:30,21:00,,,,,,,,,,,,,,,,,,,,,,,,,,,
,,Release Date,Actual,Forecast,Previous,Time,,,,Time IST,,,,,,,,,,,,,,,,,,,,,,,,,,,,
,,09-Apr-25,0.00%,0.00%,0.00%,18:00,,,,23:30,,,,,,,,,,,,,,,,,,,,,,,,,,,,
,,19-Feb-25,0.00%,0.00%,0.00%,19:00,,,,0:30,,,,,,,,,,,,,,,,,,,,,,,,,,,,
,,08-Jan-25,0.00%,0.00%,0.00%,19:00,,,,0:30,,,,,,,,,,,,,,,,,,,,,,,,,,,,
,,26-Nov-24,0.00%,0.00%,0.00%,19:00,,,,0:30,,,,,,,,,,,,,,,,,,,,,,,,,,,,
,,09-Oct-24,0.00%,0.00%,0.00%,18:00,,,,23:30,,,,,,,,,,,,,,,,,,,,,,,,,,,,
,,21-Aug-24,0.00%,0.00%,0.00%,18:00,,,,23:30,,,,,,,,,,,,,,,,,,,,,,,,,,,,
,1,Event,Switzerland - Ascension Day,,,Asset,Description,,,IST Time,MT5 server time,,,,,,,,,,,,,,,,,,,,,,,,,,,
,,Actual:,,,,C:USDJPY,"[]

Learn More: Legacy Reference",,,,Switzerland - Ascension Day,,,,,,,,,,,,,,,,,,,,,,,,,,,
,,Forecast:,,,,USDJPY.sd,,,,,,,,,,,,,,,,,,,,,,,,,,,,,,,,
,,Previous:,,,,,,,,,,,,,,,,,,,,,,,,,,,,,,,,,,,,
,,Time (GMT):,#VALUE!,,,,,,,All Day,#VALUE!,,,,,,,,,,,,,,,,,,,,,,,,,,,
,,Release Date,Actual,Forecast,Previous,Time,,,,Time IST,,,,,,,,,,,,,,,,,,,,,,,,,,,,
,,15-May-25,,229,228,12:30,,,,18:00,,,,,,,,,,,,,,,,,,,,,,,,,,,,
,,08-May-25,228,231,241,12:30,,,,18:00,,,,,,,,,,,,,,,,,,,,,,,,,,,,
,,01-May-25,241,224,223,12:30,,,,18:00,,,,,,,,,,,,,,,,,,,,,,,,,,,,
,,24-Apr-25,222,222,216,12:30,,,,18:00,,,,,,,,,,,,,,,,,,,,,,,,,,,,
,,17-Apr-25,215,225,224,12:30,,,,18:00,,,,,,,,,,,,,,,,,,,,,,,,,,,,
,,10-Apr-25,223,223,219,12:30,,,,18:00,,,,,,,,,,,,,,,,,,,,,,,,,,,,
,1,Event,Noway - Ascension Day,,,Asset,Description,,,IST Time,MT5 server time,,,,,,,,,,,,,,,,,,,,,,,,,,,
,,Actual:,,,,C:USDJPY,"[]

Learn More: Legacy Reference",,,,Noway - Ascension Day,,,,,,,,,,,,,,,,,,,,,,,,,,,
,,Forecast:,,,,USDJPY.sd,,,,,,,,,,,,,,,,,,,,,,,,,,,,,,,,
,,Previous:,0.00%,,,,,,,,,,,,,,,,,,,,,,,,,,,,,,,,,,,
,,Time (GMT):,#VALUE!,,,,,,,All Day,#VALUE!,,,,,,,,,,,,,,,,,,,,,,,,,,,
,,Release Date,Actual,Forecast,Previous,Time,,,,Time IST,,,,,,,,,,,,,,,,,,,,,,,,,,,,
,,01-May-25,,5070.00%,5020.00%,13:45,,,,19:15,,,,,,,,,,,,,,,,,,,,,,,,,,,,
,,23-Apr-25,5070.00%,4900.00%,5020.00%,13:45,,,,19:15,,,,,,,,,,,,,,,,,,,,,,,,,,,,
,,01-May-25,5020.00%,5070.00%,5020.00%,13:45,,,,19:15,,,,,,,,,,,,,,,,,,,,,,,,,,,,
,,23-Apr-25,5070.00%,4900.00%,5020.00%,13:45,,,,19:15,,,,,,,,,,,,,,,,,,,,,,,,,,,,
,,01-May-25,5020.00%,5070.00%,5020.00%,13:45,,,,19:15,,,,,,,,,,,,,,,,,,,,,,,,,,,,
,,23-Apr-25,5070.00%,4900.00%,5020.00%,13:45,,,,19:15,,,,,,,,,,,,,,,,,,,,,,,,,,,,
,1,Event,USD - NVIDIA Earnings Release,,,Asset,Description,,,IST Time,MT5 server time,,,,,,,,,,,,,,,,,,,,,,,,,,,
,,Actual:,,,,UT100Roll,"Expected EPS $0.89, revenue $43.12B. High AI-driven expectations mean a miss could spark a sharp drop. Key support at $125.62 (200-day MA); break below risks fall to $115, while beating forecasts may retest $153. Watch for tariff impacts and guidance on AI demand.

Learn More: UT100",,,,USD - NVIDIA Earnings Release,,,,,,,,,,,,,,,,,,,,,,,,,,,
,,Forecast:, 0.89 ,,,UT100Roll,,,,,,,,,,,,,,,,,,,,,,,,,,,,,,,,
,,Previous:, 0.58 ,,,,,,,,,,,,,,,,,,,,,,,,,,,,,,,,,,,
,,Time (GMT):,20:00,,,,,,,1:30,23:00,,,,,,,,,,,,,,,,,,,,,,,,,,,
,,Release Date,Actual,Forecast,Previous,Time,,,,Time IST,,,,,,,,,,,,,,,,,,,,,,,,,,,,
,,26-Feb-25,0.85,0.7,0.4,23:00,,,,1:30,,,,,,,,,,,,,,,,,,,,,,,,,,,,
,,20-Nov-24,0.7,0.7,0.3,23:00,,,,1:30,,,,,,,,,,,,,,,,,,,,,,,,,,,,
,,28-Aug-24,0.6,0.6,0.2,23:00,,,,1:30,,,,,,,,,,,,,,,,,,,,,,,,,,,,
,,22-May-24,0.5,0.5,0.09,23:00,,,,1:30,,,,,,,,,,,,,,,,,,,,,,,,,,,,
,,21-Feb-24,0.4,0.4,0.06,23:00,,,,1:30,,,,,,,,,,,,,,,,,,,,,,,,,,,,
,,21-Nov-23,0.3,0.3,0.03,23:00,,,,1:30,,,,,,,,,,,,,,,,,,,,,,,,,,,,
,1,Event,US - GDP (QoQ) (Q1) P,,,Asset,Description,,,IST Time,MT5 server time,,,,,,,,,,,,,,,,,,,,,,,,,,,
,,Actual:,,,,C:USDJPY,"Gross Domestic Product (GDP) measures the annualised change in the inflation-adjusted value of all goods and services produced by the economy. It is the broadest measure of economic activity and the primary indicator of the economy's health.

A reading that is stronger than forecast is generally supportive (bullish) for the USD, while a weaker than forecast reading is generally negative (bearish) for the USD.

Learn More: USDJPY |EURUSD",,,,US - GDP (QoQ) (Q1) P,,,,,,,,,,,,,,,,,,,,,,,,,,,
,,Forecast:,,,,USDJPY.sd,,,,,,,,,,,,,,,,,,,,,,,,,,,,,,,,
,,Previous:,2.40%,,,,,,,,,,,,,,,,,,,,,,,,,,,,,,,,,,,
,,Time (GMT):,12:30,,,,,,,18:00,15:30,,,,,,,,,,,,,,,,,,,,,,,,,,,
,,Release Date,Actual,Forecast,Previous,Time,,,,Time IST,,,,,,,,,,,,,,,,,,,,,,,,,,,,
,,30-Apr-25,,0.20%,2.40%,12:30,,,,18:00,,,,,,,,,,,,,,,,,,,,,,,,,,,,
,,27-Mar-25,2.40%,2.30%,3.10%,12:30,,,,18:00,,,,,,,,,,,,,,,,,,,,,,,,,,,,
,,27-Feb-25,2.30%,2.30%,3.10%,13:30,,,,19:00,,,,,,,,,,,,,,,,,,,,,,,,,,,,
,,30-Jan-25,2.30%,2.70%,3.10%,13:30,,,,19:00,,,,,,,,,,,,,,,,,,,,,,,,,,,,
,,19-Dec-24,3.10%,2.80%,3.00%,13:30,,,,19:00,,,,,,,,,,,,,,,,,,,,,,,,,,,,
,,27-Nov-24,2.80%,2.80%,3.00%,13:30,,,,19:00,,,,,,,,,,,,,,,,,,,,,,,,,,,,
,1,Event,US - Initial Jobless Claims,,,Asset,Description,,,IST Time,MT5 server time,,,,,,,,,,,,,,,,,,,,,,,,,,,
,,Actual:,,,,C:USDJPY,"Initial Jobless Claims measures the number of people who filed for unemployment insurance for the first time during the past week. This is the most timely U.S. economic data, but the market impact varies from week to week.
A reading that is higher than forecast is generally negative (bearish) for the USD, while a lower than forecast reading is generally supportive (bullish) for the USD.

Learn More: USDJPY |EURUSD",,,,US - Initial Jobless Claims,,,,,,,,,,,,,,,,,,,,,,,,,,,
,,Forecast:,,,,USDJPY.sd,,,,,,,,,,,,,,,,,,,,,,,,,,,,,,,,
,,Previous:,,,,,,,,,,,,,,,,,,,,,,,,,,,,,,,,,,,,
,,Time (GMT):,12:30,,,,,,,18:00,15:30,,,,,,,,,,,,,,,,,,,,,,,,,,,
,,Release Date,Actual,Forecast,Previous,Time,,,,Time IST,,,,,,,,,,,,,,,,,,,,,,,,,,,,
,,22-May-25,,227,229,12:30,,,,18:00,,,,,,,,,,,,,,,,,,,,,,,,,,,,
,,15-May-25,229,229,229,12:30,,,,18:00,,,,,,,,,,,,,,,,,,,,,,,,,,,,
,,08-May-25,228,231,241,12:30,,,,18:00,,,,,,,,,,,,,,,,,,,,,,,,,,,,
,,01-May-25,241,224,223,12:30,,,,18:00,,,,,,,,,,,,,,,,,,,,,,,,,,,,
,,24-Apr-25,222,222,216,12:30,,,,18:00,,,,,,,,,,,,,,,,,,,,,,,,,,,,
,,17-Apr-25,215,225,224,12:30,,,,18:00,,,,,,,,,,,,,,,,,,,,,,,,,,,,
,1,Event,US - Crude Oil Inventories,,,Asset,Description,,,IST Time,MT5 server time,,,,,,,,,,,,,,,,,,,,,,,,,,,
,,Actual:,,,,C:USDJPY,"
The Energy Information Administration's (EIA) Crude Oil Inventories measures the weekly change in the number of barrels of commercial crude oil held by US firms. The level of inventories influences the price of petroleum products, which can have an impact on inflation.

If the increase in crude inventories is more than expected, it implies weaker demand and is bearish for crude prices. The same can be said if a decline in inventories is less than expected.
If the increase in crude is less than expected, it implies greater demand and is bullish for crude prices. The same can be said if a decline in inventories is more than expected.

Learn More: USOILRoll",,,,US - Crude Oil Inventories,,,,,,,,,,,,,,,,,,,,,,,,,,,
,,Forecast:,,,,USDJPY.sd,,,,,,,,,,,,,,,,,,,,,,,,,,,,,,,,
,,Previous:,,,,,,,,,,,,,,,,,,,,,,,,,,,,,,,,,,,,
,,Time (GMT):,15:00,,,,,,,20:30,18:00,,,,,,,,,,,,,,,,,,,,,,,,,,,
,,Release Date,Actual,Forecast,Previous,Time,,,,Time IST,,,,,,,,,,,,,,,,,,,,,,,,,,,,
,,21-May-25,,-0.90,3.454,14:30,,,,20:00,,,,,,,,,,,,,,,,,,,,,,,,,,,,
,,14-May-25,3.454,-2.00,-2.03,14:30,,,,20:00,,,,,,,,,,,,,,,,,,,,,,,,,,,,
,,07-May-25,-2.03,-1.70,-2.69,14:30,,,,20:00,,,,,,,,,,,,,,,,,,,,,,,,,,,,
,,30-Apr-25,-2.69,0.390,0.244,14:30,,,,20:00,,,,,,,,,,,,,,,,,,,,,,,,,,,,
,,23-Apr-25,0.244,-0.70,0.515,14:30,,,,20:00,,,,,,,,,,,,,,,,,,,,,,,,,,,,
,,16-Apr-25,0.515,0.400,2.553,14:30,,,,20:00,,,,,,,,,,,,,,,,,,,,,,,,,,,,
,1,Event,EUR - German CPI (MoM) (May) P,,,Asset,Description,,,IST Time,MT5 server time,,,,,,,,,,,,,,,,,,,,,,,,,,,
,,Actual:,,,,C: EURJPY,"
The Consumer Price Index (CPI) measures the change in the prices of goods and services from the perspective of the consumer. As Germany has the largest output of any country in the euro-zone, the European Central bank pays very close attention to this figure in its role of maintaining price stability.

A reading that is stronger than forecast is generally supportive (bullish) for the EUR, while a weaker than forecast reading is generally negative (bearish) for the EUR.

Learn More: EURJPY |EURUSD",,,,EUR - German CPI (MoM) (May) P,,,,,,,,,,,,,,,,,,,,,,,,,,,
,,Forecast:,,,,EURJPY.sd,,,,,,,,,,,,,,,,,,,,,,,,,,,,,,,,
,,Previous:,0.40%,,,,,,,,,,,,,,,,,,,,,,,,,,,,,,,,,,,
,,Time (GMT):,12:00,,,,,,,17:30,15:00,,,,,,,,,,,,,,,,,,,,,,,,,,,
,,Release Date,Actual,Forecast,Previous,Time,,,,Time IST,,,,,,,,,,,,,,,,,,,,,,,,,,,,
,,14-May-25,0.40%,0.40%,0.30%,6:00,,,,11:30,,,,,,,,,,,,,,,,,,,,,,,,,,,,
,,30-Apr-25,0.40%,0.30%,0.30%,12:00,,,,17:30,,,,,,,,,,,,,,,,,,,,,,,,,,,,
,,11-Apr-25,0.30%,0.30%,0.40%,6:00,,,,11:30,,,,,,,,,,,,,,,,,,,,,,,,,,,,
,,31-Mar-25,0.30%,0.30%,0.40%,12:00,,,,17:30,,,,,,,,,,,,,,,,,,,,,,,,,,,,
,,14-Mar-25,0.40%,0.40%,-0.20%,7:00,,,,12:30,,,,,,,,,,,,,,,,,,,,,,,,,,,,
,,28-Feb-25,0.40%,0.40%,-0.20%,13:00,,,,18:30,,,,,,,,,,,,,,,,,,,,,,,,,,,,
,1,Event,USD - Core PCE Price Index (MoM) (Apr),,,Asset,Description,,,IST Time,MT5 server time,,,,,,,,,,,,,,,,,,,,,,,,,,,
,,Actual:,,,,C:USDJPY,"
The Core Personal Consumption Expenditure (PCE) Price Index measures the changes in the price of goods and services purchased by consumers for the purpose of consumption, excluding food and energy. Unlike the fixed-weight CPI, PCE is chain-weighted and thus adjusts to changing consumer behaviour. Core PCE is the Fed's preferred inflation measure and thus receives greater attention.

A reading that is stronger than forecast is generally supportive (bullish) for the USD, while a weaker than forecast reading is generally negative (bearish) for the USD.

Learn More: EURJPY |EURUSD",,,,USD - Core PCE Price Index (MoM) (Apr),,,,,,,,,,,,,,,,,,,,,,,,,,,
,,Forecast:,,,,USDJPY.sd,,,,,,,,,,,,,,,,,,,,,,,,,,,,,,,,
,,Previous:,0.00%,,,,,,,,,,,,,,,,,,,,,,,,,,,,,,,,,,,
,,Time (GMT):,12:30,,,,,,,18:00,15:30,,,,,,,,,,,,,,,,,,,,,,,,,,,
,,Release Date,Actual,Forecast,Previous,Time,,,,Time IST,,,,,,,,,,,,,,,,,,,,,,,,,,,,
,,30-Apr-25,0.00%,0.10%,0.50%,14:00,,,,19:30,,,,,,,,,,,,,,,,,,,,,,,,,,,,
,,28-Mar-25,0.40%,0.30%,0.30%,12:30,,,,18:00,,,,,,,,,,,,,,,,,,,,,,,,,,,,
,,28-Feb-25,0.30%,0.30%,0.20%,13:30,,,,19:00,,,,,,,,,,,,,,,,,,,,,,,,,,,,
,,31-Jan-25,0.20%,0.20%,0.10%,13:30,,,,19:00,,,,,,,,,,,,,,,,,,,,,,,,,,,,
,,20-Dec-24,0.10%,0.20%,0.30%,13:30,,,,19:00,,,,,,,,,,,,,,,,,,,,,,,,,,,,
,,27-Nov-24,0.30%,0.30%,0.30%,15:00,,,,20:30,,,,,,,,,,,,,,,,,,,,,,,,,,,,
,1,Event,USD - Core PCE Price Index (YoY) (Apr),,,Asset,Description,,,IST Time,MT5 server time,,,,,,,,,,,,,,,,,,,,,,,,,,,
,,Actual:,,,,C:USDJPY,"


The Chicago Purchasing Managers' Index (PMI) is a diffusion index incorporating survey results provided by manufacturing firms around the Chicago area. A reading above fifty suggests the manufacturing sector is expanding, while a reading below fifty suggests the manufacturing sector is in contraction. The Chicago PMI can be of some assistance in forecasting the ISM manufacturing PMI.

A reading that is stronger than forecast is generally supportive (bullish) for the USD, while a weaker than forecast reading is generally negative (bearish) for the USD.

Learn More: EURJPY |EURUSD",,,,USD - Core PCE Price Index (YoY) (Apr),,,,,,,,,,,,,,,,,,,,,,,,,,,
,,Forecast:,,,,USDJPY.sd,,,,,,,,,,,,,,,,,,,,,,,,,,,,,,,,
,,Previous:,2.60%,,,,,,,,,,,,,,,,,,,,,,,,,,,,,,,,,,,
,,Time (GMT):,12:30,,,,,,,18:00,15:30,,,,,,,,,,,,,,,,,,,,,,,,,,,
,,Release Date,Actual,Forecast,Previous,Time,,,,Time IST,,,,,,,,,,,,,,,,,,,,,,,,,,,,
,,30-Apr-25,2.60%,2.60%,3.00%,14:00,,,,19:30,,,,,,,,,,,,,,,,,,,,,,,,,,,,
,,28-Mar-25,2.80%,2.70%,2.70%,12:30,,,,18:00,,,,,,,,,,,,,,,,,,,,,,,,,,,,
,,28-Feb-25,2.60%,2.60%,2.90%,13:30,,,,19:00,,,,,,,,,,,,,,,,,,,,,,,,,,,,
,,31-Jan-25,2.80%,2.80%,2.80%,13:30,,,,19:00,,,,,,,,,,,,,,,,,,,,,,,,,,,,
,,20-Dec-24,2.80%,2.90%,2.80%,13:30,,,,19:00,,,,,,,,,,,,,,,,,,,,,,,,,,,,
,,27-Nov-24,2.80%,2.80%,2.70%,15:00,,,,20:30,,,,,,,,,,,,,,,,,,,,,,,,,,,,
,1,Event,USD - Chicago PMI (May),,,Asset,Description,,,IST Time,MT5 server time,,,,,,,,,,,,,,,,,,,,,,,,,,,
,,Actual:,,,,C:USDJPY,"


The Chicago Purchasing Managers' Index (PMI) is a diffusion index incorporating survey results provided by manufacturing firms around the Chicago area. A reading above fifty suggests the manufacturing sector is expanding, while a reading below fifty suggests the manufacturing sector is in contraction. The Chicago PMI can be of some assistance in forecasting the ISM manufacturing PMI.

A reading that is stronger than forecast is generally supportive (bullish) for the USD, while a weaker than forecast reading is generally negative (bearish) for the USD.

Learn More: EURJPY |EURUSD",,,,USD - Chicago PMI (May),,,,,,,,,,,,,,,,,,,,,,,,,,,
,,Forecast:,,,,USDJPY.sd,,,,,,,,,,,,,,,,,,,,,,,,,,,,,,,,
,,Previous:, 44.60 ,,,,,,,,,,,,,,,,,,,,,,,,,,,,,,,,,,,
,,Time (GMT):,13:45,,,,,,,19:15,16:45,,,,,,,,,,,,,,,,,,,,,,,,,,,
,,Release Date,Actual,Forecast,Previous,Time,,,,Time IST,,,,,,,,,,,,,,,,,,,,,,,,,,,,
,,30-Apr-25, 44.60 , 45.90 , 47.60 ,13:45,,,,19:15,,,,,,,,,,,,,,,,,,,,,,,,,,,,
,,31-Mar-25, 47.60 , 45.50 , 45.50 ,13:45,,,,19:15,,,,,,,,,,,,,,,,,,,,,,,,,,,,
,,28-Feb-25, 45.50 , 40.50 , 39.50 ,14:45,,,,20:15,,,,,,,,,,,,,,,,,,,,,,,,,,,,
,,31-Jan-25, 39.50 , 40.30 , 36.90 ,14:45,,,,20:15,,,,,,,,,,,,,,,,,,,,,,,,,,,,
,,30-Dec-24, 36.90 , 42.70 , 40.20 ,14:45,,,,20:15,,,,,,,,,,,,,,,,,,,,,,,,,,,,
,,29-Nov-24, 40.20 , 44.90 , 41.60 ,14:45,,,,20:15,,,,,,,,,,,,,,,,,,,,,,,,,,,,
,1,Event,Hong Kong - Tuen Ng Day,,,Asset,Description,,,IST Time,MT5 server time,,,,,,,,,,,,,,,,,,,,,,,,,,,
,,Actual:,,,,C:USDJPY,"
China Manufacturing Purchasing Managers Index (PMI) provides an early indication each month of economic activities in the Chinese manufacturing sector. It is compiled by China Federation of Logistics & Purchasing (CFLP) and China Logistics Information Centre (CLIC), based on data collected by the National Bureau of Statistics (NBS).Li & Fung Research Centre is responsible for drafting and disseminating the English PMI report. Every month questionnaires are sent to over 700 manufacturing enterprises all over China. The data presented here is compiled from the enterprises responses about their purchasing activities and supply situations. The PMI should be compared to other economic data sources when used in decision-making.
A reading that is stronger than forecast is generally supportive (bullish) for the CNY , while a weaker than forecast reading is generally negative (bearish) for the CNY.

Learn More: USDCNY | USDCNH",,,,Hong Kong - Tuen Ng Day,,,,,,,,,,,,,,,,,,,,,,,,,,,
,,Forecast:,,,,USDJPY.sd,,,,,,,,,,,,,,,,,,,,,,,,,,,,,,,,
,,Previous:,0.0%,,,,,,,,,,,,,,,,,,,,,,,,,,,,,,,,,,,
,,Time (GMT):,12:30,,,,,,,7:00,4:30,,,,,,,,,,,,,,,,,,,,,,,,,,,
,,Release Date,Actual,Forecast,Previous,Time,,,,Time IST,,,,,,,,,,,,,,,,,,,,,,,,,,,,
,,16-Apr-25,0.50%,0.40%,0.70%,12:30,,,,18:00,,,,,,,,,,,,,,,,,,,,,,,,,,,,
,,17-Mar-25,0.30%,0.30%,-0.60%,12:30,,,,18:00,,,,,,,,,,,,,,,,,,,,,,,,,,,,
,,14-Feb-25,-0.40%,0.30%,0.70%,13:30,,,,19:00,,,,,,,,,,,,,,,,,,,,,,,,,,,,
,,16-Jan-25,0.40%,0.50%,0.20%,13:30,,,,19:00,,,,,,,,,,,,,,,,,,,,,,,,,,,,
,,17-Dec-24,0.20%,0.40%,0.20%,13:30,,,,19:00,,,,,,,,,,,,,,,,,,,,,,,,,,,,
,,15-Nov-24,0.10%,0.30%,1.00%,13:30,,,,19:00,,,,,,,,,,,,,,,,,,,,,,,,,,,,
,1,Event,CNY - Manufacturing PMI (May),,,Asset,Description,,,IST Time,MT5 server time,,,,,,,,,,,,,,,,,,,,,,,,,,,
,,Actual:,,,,C:USDCNY,"
China Manufacturing Purchasing Managers Index (PMI) provides an early indication each month of economic activities in the Chinese manufacturing sector. It is compiled by China Federation of Logistics & Purchasing (CFLP) and China Logistics Information Centre (CLIC), based on data collected by the National Bureau of Statistics (NBS).Li & Fung Research Centre is responsible for drafting and disseminating the English PMI report. Every month questionnaires are sent to over 700 manufacturing enterprises all over China. The data presented here is compiled from the enterprises responses about their purchasing activities and supply situations. The PMI should be compared to other economic data sources when used in decision-making.
A reading that is stronger than forecast is generally supportive (bullish) for the CNY , while a weaker than forecast reading is generally negative (bearish) for the CNY.

Learn More: USDCNY | USDCNH",,,,CNY - Manufacturing PMI (May),,,,,,,,,,,,,,,,,,,,,,,,,,,
,,Forecast:,,,,USDCNY.sd,,,,,,,,,,,,,,,,,,,,,,,,,,,,,,,,
,,Previous:, 49.00 ,,,,,,,,,,,,,,,,,,,,,,,,,,,,,,,,,,,
,,Time (GMT):,12:30,,,,,,,7:00,4:30,,,,,,,,,,,,,,,,,,,,,,,,,,,
,,Release Date,Actual,Forecast,Previous,Time,,,,Time IST,,,,,,,,,,,,,,,,,,,,,,,,,,,,
,,30-Apr-25, 49.00 , 49.70 , 50.50 ,1:30,,,,7:00,,,,,,,,,,,,,,,,,,,,,,,,,,,,
,,31-Mar-25, 50.50 , 50.40 , 50.20 ,1:30,,,,7:00,,,,,,,,,,,,,,,,,,,,,,,,,,,,
,,01-Mar-25, 50.20 , 50.00 , 49.10 ,1:30,,,,7:00,,,,,,,,,,,,,,,,,,,,,,,,,,,,
,,27-Jan-25, 49.10 , 50.10 , 50.10 ,1:30,,,,7:00,,,,,,,,,,,,,,,,,,,,,,,,,,,,
,,31-Dec-24, 50.10 , 50.30 , 50.30 ,1:30,,,,7:00,,,,,,,,,,,,,,,,,,,,,,,,,,,,
,,30-Nov-24, 50.30 , 50.20 , 50.10 ,1:30,,,,7:00,,,,,,,,,,,,,,,,,,,,,,,,,,,,
x,1,Event,USD - Manufacturing PMI (May),,,Asset,Description,,,IST Time,MT5 server time,,,,,,,,,,,,,,,,,,,,,,,,,,,
,,Actual:,,,,C:USDJPY,"The Manufacturing Purchasing Managers' Index (PMI) is a diffusion index incorporating survey results provided by manufacturing firms throughout the country. A reading above fifty suggests the manufacturing sector is expanding, while a reading below fifty suggests the manufacturing sector is in contraction. Policymakers and traders watch these surveys closely as purchasing managers usually have early access to data about their company’s performance, rather than waiting for the hard data to emerge. While manufacturing accounts for a far smaller percentage of economic output than services, it is far more cyclical and is therefore a useful indicator of where in the economic cycle the economy is currently situated. A reading that is stronger than forecast is generally supportive (bullish) for the USD while a weaker than forecast reading is generally negative (bearish) for the USD.

Learn More: USDJPY | EURUSD",,,,USD - Manufacturing PMI (May),,,,,,,,,,,,,,,,,,,,,,,,,,,
,,Forecast:, 52.30 ,,,USDJPY.sd,,,,,,,,,,,,,,,,,,,,,,,,,,,,,,,,
,,Previous:, 50.20 ,,,,,,,,,,,,,,,,,,,,,,,,,,,,,,,,,,,
,,Time (GMT):,13:45,,,,,,,19:15,16:45,,,,,,,,,,,,,,,,,,,,,,,,,,,
,,Release Date,Actual,Forecast,Previous,Time,,,,Time IST,,,,,,,,,,,,,,,,,,,,,,,,,,,,
,,22-May-25, 52.3 , 49.9 , 50.2 ,13:45,,,,19:15,,,,,,,,,,,,,,,,,,,,,,,,,,,,
,,01-May-25, 50.2 , 50.7 , 50.2 ,13:45,,,,19:15,,,,,,,,,,,,,,,,,,,,,,,,,,,,
,,22-May-25, 52.3 , 49.9 , 50.2 ,13:45,,,,19:15,,,,,,,,,,,,,,,,,,,,,,,,,,,,
,,01-May-25, 50.2 , 50.7 , 50.2 ,13:45,,,,19:15,,,,,,,,,,,,,,,,,,,,,,,,,,,,
,,21-May-25, 52.3 , 49.9 , 50.2 ,13:45,,,,19:15,,,,,,,,,,,,,,,,,,,,,,,,,,,,
,,30-Apr-25, 50.2 , 50.7 , 50.2 ,13:45,,,,19:15,,,,,,,,,,,,,,,,,,,,,,,,,,,,
,1,Event,USD - ISM Manufacturing PMI (May),,,Asset,Description,,,IST Time,MT5 server time,,,,,,,,,,,,,,,,,,,,,,,,,,,
,,Actual:,,,,C:USDJPY,"
The Institute of Supply Management (ISM) Manufacturing Purchasing Managers Index (PMI) Report on Business is based on data compiled from monthly replies to questions asked of purchasing and supply executives in over 400 industrial companies across the United States. For each of the indicators measured (New Orders, Backlog of Orders, New Export Orders, Imports, Production, Supplier Deliveries, Inventories, Customers Inventories, Employment, and Prices), a diffusion index is calculated by adding the percent of positive responses plus one-half of those responding the same (considered positive). The resulting single index number is then seasonally adjusted.

The PMI is a composite index based on the seasonally adjusted diffusion indices for five of the indicators with differing weights: New Orders --30% Production --25% Employment --20% Supplier Deliveries --15% and Inventories -- 10%.

A reading that is stronger than forecast is generally supportive (bullish) for the USD, while a weaker than forecast reading is generally negative (bearish) for the USD..

Learn More: USDJPY | EURUSD",,,,USD - ISM Manufacturing PMI (May),,,,,,,,,,,,,,,,,,,,,,,,,,,
,,Forecast:, -   ,,,USDJPY.sd,,,,,,,,,,,,,,,,,,,,,,,,,,,,,,,,
,,Previous:, 48.70 ,,,,,,,,,,,,,,,,,,,,,,,,,,,,,,,,,,,
,,Time (GMT):,14:00,,,,,,,19:30,17:00,,,,,,,,,,,,,,,,,,,,,,,,,,,
,,Release Date,Actual,Forecast,Previous,Time,,,,Time IST,,,,,,,,,,,,,,,,,,,,,,,,,,,,
,,01-May-25, 48.70 , 48.00 , 49.00 ,14:00,,,,19:30,,,,,,,,,,,,,,,,,,,,,,,,,,,,
,,01-Apr-25, 49.00 , 49.50 , 50.30 ,14:00,,,,19:30,,,,,,,,,,,,,,,,,,,,,,,,,,,,
,,03-Mar-25, 50.30 , 50.60 , 50.90 ,15:00,,,,20:30,,,,,,,,,,,,,,,,,,,,,,,,,,,,
,,03-Feb-25, 50.90 , 49.30 , 49.20 ,15:00,,,,20:30,,,,,,,,,,,,,,,,,,,,,,,,,,,,
,,03-Jan-25, 49.30 , 48.20 , 48.40 ,15:00,,,,20:30,,,,,,,,,,,,,,,,,,,,,,,,,,,,
,,02-Dec-24, 48.40 , 47.70 , 46.50 ,15:00,,,,20:30,,,,,,,,,,,,,,,,,,,,,,,,,,,,
,1,Event,USD - ISM Manufacturing Prices (May),,,Asset,Description,,,IST Time,MT5 server time,,,,,,,,,,,,,,,,,,,,,,,,,,,
,,Actual:,,,,C:USDJPY,"

The Institute of Supply Management (ISM) Manufacturing Purchasing Managers Index (PMI) Report on Business is based on data compiled from monthly replies to questions asked of purchasing and supply executives in over 400 industrial companies. For each of the indicators measured (New Orders, Backlog of Orders, New Export Orders, Imports, Production, Supplier Deliveries, Inventories, Customers Inventories, Employment, and Prices), this report shows the percentage reporting each response, the net difference between the number of responses in the positive economic direction and the negative economic direction and the diffusion index. Responses are raw data and are never changed.

The diffusion index includes the percent of positive responses plus one-half of those responding the same (considered positive). The resulting single index number is then seasonally adjusted to allow for the effects of repetitive intra-year variations resulting primarily from normal differences in weather conditions, various institutional arrangements, and differences attributable to non-moveable holidays. All seasonal adjustment factors are supplied by the U.S. Department of Commerce and are subject annually to relatively minor changes when conditions warrant them.

The PMI is a composite index based on the seasonally adjusted diffusion indices for five of the indicators with varying weights: New Orders --30% Production --25% Employment --20% Supplier Deliveries --15% and Inventories -- 10%.

The Prices Paid subcategory is a diffusion index calculated by adding the percent of responses indicating they paid more for inputs plus one-half of those responding that they paid the same for inputs. The resulting single index number is then seasonally adjusted.

The Prices Paid diffusion index is one of a number of indicators pointing to the degree of inflationary pressures in the economy.

A higher than expected reading should be taken as positive/bullish for the USD, while a lower than expected reading should be taken as negative/bearish for the USD.

Learn More: USDJPY | EURUSD",,,,USD - ISM Manufacturing Prices (May),,,,,,,,,,,,,,,,,,,,,,,,,,,
,,Forecast:, -   ,,,USDJPY.sd,,,,,,,,,,,,,,,,,,,,,,,,,,,,,,,,
,,Previous:, 69.80 ,,,,,,,,,,,,,,,,,,,,,,,,,,,,,,,,,,,
,,Time (GMT):,14:00,,,,,,,19:30,17:00,,,,,,,,,,,,,,,,,,,,,,,,,,,
,,Release Date,Actual,Forecast,Previous,Time,,,,Time IST,,,,,,,,,,,,,,,,,,,,,,,,,,,,
,,01-May-25, 69.80 , 72.90 , 69.40 ,14:00,,,,19:30,,,,,,,,,,,,,,,,,,,,,,,,,,,,
,,01-Apr-25, 69.40 , 64.60 , 62.40 ,14:00,,,,19:30,,,,,,,,,,,,,,,,,,,,,,,,,,,,
,,03-Mar-25, 62.40 , 56.20 , 54.90 ,15:00,,,,20:30,,,,,,,,,,,,,,,,,,,,,,,,,,,,
,,03-Feb-25, 54.90 , 52.60 , 52.50 ,15:00,,,,20:30,,,,,,,,,,,,,,,,,,,,,,,,,,,,
,,03-Jan-25, 52.50 , 51.50 , 50.30 ,15:00,,,,20:30,,,,,,,,,,,,,,,,,,,,,,,,,,,,
,,02-Dec-24, 50.30 , 55.20 , 54.80 ,15:00,,,,20:30,,,,,,,,,,,,,,,,,,,,,,,,,,,,
,1,Event,USD - Fed Chair Powell Speaks,,,Asset,Description,,,IST Time,MT5 server time,,,,,,,,,,,,,,,,,,,,,,,,,,,
,,Actual:,,,,C:USDJPY,"Federal Reserve Chair Jerome Powell (Feb. 2018 – Feb. 2026) is to speak. As head of the Fed, which controls short term interest rates, he has more influence over the U.S. dollar's value than any other person. Traders closely watch his speeches as they are often used to drop hints regarding future monetary policy.

Learn More: USDJPY | EURUSD",,,,USD - Fed Chair Powell Speaks,,,,,,,,,,,,,,,,,,,,,,,,,,,
,,Forecast:, -   ,,,USDJPY.sd,,,,,,,,,,,,,,,,,,,,,,,,,,,,,,,,
,,Previous:, -   ,,,,,,,,,,,,,,,,,,,,,,,,,,,,,,,,,,,
,,Time (GMT):,17:00,,,,,,,22:30,20:00,,,,,,,,,,,,,,,,,,,,,,,,,,,
,,Release Date,Actual,Forecast,Previous,Time,,,,Time IST,,,,,,,,,,,,,,,,,,,,,,,,,,,,
,,25-May-25, -   , -   , -   ,18:40,,,,0:10,,,,,,,,,,,,,,,,,,,,,,,,,,,,
,,15-May-25, -   , -   , -   ,12:40,,,,18:10,,,,,,,,,,,,,,,,,,,,,,,,,,,,
,,16-Apr-25, -   , -   , -   ,17:30,,,,23:00,,,,,,,,,,,,,,,,,,,,,,,,,,,,
,,04-Apr-25, -   , -   , -   ,15:25,,,,20:55,,,,,,,,,,,,,,,,,,,,,,,,,,,,
,,07-Mar-25, -   , -   , -   ,17:30,,,,23:00,,,,,,,,,,,,,,,,,,,,,,,,,,,,
,,04-Dec-24, -   , -   , -   ,18:45,,,,0:15,,,,,,,,,,,,,,,,,,,,,,,,,,,,
,1,Event,South Korea - Presidential election day,,,Asset,Description,,,IST Time,MT5 server time,,,,,,,,,,,,,,,,,,,,,,,,,,,
,,Actual:,,,,C:NZDJPY,"[]

Learn More: Legacy Reference",,,,South Korea - Presidential election day,,,,,,,,,,,,,,,,,,,,,,,,,,,
,,Forecast:, -   ,,,NZDJPY.sd,,,,,,,,,,,,,,,,,,,,,,,,,,,,,,,,
,,Previous:, -   ,,,,,,,,,,,,,,,,,,,,,,,,,,,,,,,,,,,
,,Time (GMT):,#VALUE!,,,,,,,All Day,#VALUE!,,,,,,,,,,,,,,,,,,,,,,,,,,,
,,Release Date,Actual,Forecast,Previous,Time,,,,Time IST,,,,,,,,,,,,,,,,,,,,,,,,,,,,
,,09-Apr-25, 0.04 , 0.04 , 0.04 ,2:00,,,,7:30,,,,,,,,,,,,,,,,,,,,,,,,,,,,
,,19-Feb-25, 0.04 , 0.04 , 0.04 ,1:00,,,,6:30,,,,,,,,,,,,,,,,,,,,,,,,,,,,
,,27-Nov-24, 0.04 , 0.04 , 0.05 ,1:00,,,,6:30,,,,,,,,,,,,,,,,,,,,,,,,,,,,
,,09-Oct-24, 0.05 , 0.05 , 0.05 ,1:00,,,,6:30,,,,,,,,,,,,,,,,,,,,,,,,,,,,
,,14-Aug-24, 0.05 , 0.06 , 0.06 ,2:00,,,,7:30,,,,,,,,,,,,,,,,,,,,,,,,,,,,
,,10-Jul-24, 0.06 , 0.06 , 0.06 ,2:00,,,,7:30,,,,,,,,,,,,,,,,,,,,,,,,,,,,
,1,Event,EUR - CPI (YoY) (May) P,,,Asset,Description,,,IST Time,MT5 server time,,,,,,,,,,,,,,,,,,,,,,,,,,,
,,Actual:,,,,C:EURJPY,"The Consumer Price Index (CPI) measures the change in the prices of goods and services contained in a basket of consumer items. The Central bank pays very close attention to this figure in its role of maintaining price stability.

A reading that is stronger than forecast is generally supportive (bullish) for the EUR, while a weaker than forecast reading is generally negative (bearish) for the EUR.

Learn More: EURJPY | EURUSD",,,,EUR - CPI (YoY) (May) P,,,,,,,,,,,,,,,,,,,,,,,,,,,
,,Forecast:,,,,EURJPY.sd,,,,,,,,,,,,,,,,,,,,,,,,,,,,,,,,
,,Previous:,2.20%,,,,,,,,,,,,,,,,,,,,,,,,,,,,,,,,,,,
,,Time (GMT):,9:00,,,,,,,14:30,12:00,,,,,,,,,,,,,,,,,,,,,,,,,,,
,,Release Date,Actual,Forecast,Previous,Time,,,,Time IST,,,,,,,,,,,,,,,,,,,,,,,,,,,,
,,19-May-25,2.20%,2.20%,2.20%,9:00,,,,14:30,,,,,,,,,,,,,,,,,,,,,,,,,,,,
,,02-May-25,2.20%,2.10%,2.20%,9:00,,,,14:30,,,,,,,,,,,,,,,,,,,,,,,,,,,,
,,16-Apr-25,2.20%,2.20%,2.30%,9:00,,,,14:30,,,,,,,,,,,,,,,,,,,,,,,,,,,,
,,01-Apr-25,2.20%,2.20%,2.30%,9:00,,,,14:30,,,,,,,,,,,,,,,,,,,,,,,,,,,,
,,19-Mar-25,2.30%,2.40%,2.50%,10:00,,,,15:30,,,,,,,,,,,,,,,,,,,,,,,,,,,,
,,03-Mar-25,2.40%,2.30%,2.50%,10:00,,,,15:30,,,,,,,,,,,,,,,,,,,,,,,,,,,,
,1,Event,USD - JOLTS Job Openings (Apr),,,Asset,Description,,,IST Time,MT5 server time,,,,,,,,,,,,,,,,,,,,,,,,,,,
,,Actual:,,,,C:USDJPY,"A survey done by the US Bureau of Labor Statistics to help measure job vacancies. It collects data from employers about their businesses' employment, job openings, recruitment, hires and separations.
JOLTS defines Job Openings as all positions that are open (not filled) on the last business day of the month. A job is ""open"" only if it meets all three of the following conditions:
1. A specific position exists and there is work available for that position.
2. The job could start within 30 days, whether or not the establishment finds a suitable candidate during that time.
3. There is active recruiting for workers from outside the establishment location that has the opening.
A reading that is stronger than forecast is generally supportive (bullish) for the USD, while a weaker than forecast reading is generally negative (bearish) for the USD.

Learn More: USDJPY | EURUSD",,,,USD - JOLTS Job Openings (Apr),,,,,,,,,,,,,,,,,,,,,,,,,,,
,,Forecast:,,,,USDJPY.sd,,,,,,,,,,,,,,,,,,,,,,,,,,,,,,,,
,,Previous:,,,,,,,,,,,,,,,,,,,,,,,,,,,,,,,,,,,,
,,Time (GMT):,14:00,,,,,,,19:30,17:00,,,,,,,,,,,,,,,,,,,,,,,,,,,
,,Release Date,Actual,Forecast,Previous,Time,,,,Time IST,,,,,,,,,,,,,,,,,,,,,,,,,,,,
,,29-Apr-25,,7.490,7.480,14:00,,,,19:30,,,,,,,,,,,,,,,,,,,,,,,,,,,,
,,01-Apr-25,7.568,7.690,7.762,14:00,,,,19:30,,,,,,,,,,,,,,,,,,,,,,,,,,,,
,,11-Mar-25,7.740,7.650,7.508,14:00,,,,19:30,,,,,,,,,,,,,,,,,,,,,,,,,,,,
,,04-Feb-25,7.600,8.010,8.156,15:00,,,,20:30,,,,,,,,,,,,,,,,,,,,,,,,,,,,
,,07-Jan-25,8.098,7.730,7.839,15:00,,,,20:30,,,,,,,,,,,,,,,,,,,,,,,,,,,,
,,03-Dec-24,7.744,7.510,7.372,15:00,,,,20:30,,,,,,,,,,,,,,,,,,,,,,,,,,,,
,1,Event,USD - ADP Nonfarm Employment Change (May),,,Asset,Description,,,IST Time,MT5 server time,,,,,,,,,,,,,,,,,,,,,,,,,,,
,,Actual:,,,,C:USDJPY,"ADP is performs payroll services for its clients. The ADP National Employment Report is a measure of the monthly change in non-farm, private employment, based on the payroll data of approximately 400,000 U.S. business clients. The release, two days ahead of government data, is used as a predictor of the government's Labour Market Report.

A reading that is stronger than forecast is generally supportive (bullish) for the USD, while a weaker than forecast reading is generally negative (bearish) for the USD.

Learn More: USDJPY | EURUSD",,,,USD - ADP Nonfarm Employment Change (May),,,,,,,,,,,,,,,,,,,,,,,,,,,
,,Forecast:,,,,USDJPY.sd,,,,,,,,,,,,,,,,,,,,,,,,,,,,,,,,
,,Previous:, 62K ,,,,,,,,,,,,,,,,,,,,,,,,,,,,,,,,,,,
,,Time (GMT):,12:15,,,,,,,17:45,15:15,,,,,,,,,,,,,,,,,,,,,,,,,,,
,,Release Date,Actual,Forecast,Previous,Time,,,,Time IST,,,,,,,,,,,,,,,,,,,,,,,,,,,,
,,02-Apr-25,, 118 , 84 ,12:15,,,,17:45,,,,,,,,,,,,,,,,,,,,,,,,,,,,
,,05-Mar-25, 77 , 141 , 186 ,13:15,,,,18:45,,,,,,,,,,,,,,,,,,,,,,,,,,,,
,,05-Feb-25, 183 , 148 , 176 ,13:15,,,,18:45,,,,,,,,,,,,,,,,,,,,,,,,,,,,
,,08-Jan-25, 122 , 139 , 146 ,13:15,,,,18:45,,,,,,,,,,,,,,,,,,,,,,,,,,,,
,,04-Dec-24, 146 , 166 , 184 ,13:15,,,,18:45,,,,,,,,,,,,,,,,,,,,,,,,,,,,
,,30-Oct-24, 233 , 110 , 159 ,12:15,,,,17:45,,,,,,,,,,,,,,,,,,,,,,,,,,,,
,1,Event,USD - Services PMI (May),,,Asset,Description,,,IST Time,MT5 server time,,,,,,,,,,,,,,,,,,,,,,,,,,,
,,Actual:,,,,C:USDJPY,"
The Service PMI release is published monthly by Markit Economics. The data are based on surveys of over 400 executives in private sector service companies. The surveys cover transport and communication, financial intermediaries, business and personal services, computing & IT, hotels and restaurants. 
An index level of 50 denotes no change since the previous month, while a level above 50 signals an improvement, and below 50 indicates a deterioration. A reading that is stronger than forecast is generally supportive (bullish) for the USD, while a weaker than forecast reading is generally negative (bearish) for the USD.

Learn More: USDJPY | EURUSD",,,,USD - Services PMI (May),,,,,,,,,,,,,,,,,,,,,,,,,,,
,,Forecast:,,,,USDJPY.sd,,,,,,,,,,,,,,,,,,,,,,,,,,,,,,,,
,,Previous:, 50.80 ,,,,,,,,,,,,,,,,,,,,,,,,,,,,,,,,,,,
,,Time (GMT):,13:45,,,,,,,19:15,16:45,,,,,,,,,,,,,,,,,,,,,,,,,,,
,,Release Date,Actual,Forecast,Previous,Time,,,,Time IST,,,,,,,,,,,,,,,,,,,,,,,,,,,,
,,22-May-25,, 51.00 , 50.80 ,13:45,,,,19:15,,,,,,,,,,,,,,,,,,,,,,,,,,,,
,,05-May-25, 50.80 , 51.40 , 54.40 ,13:45,,,,19:15,,,,,,,,,,,,,,,,,,,,,,,,,,,,
,,22-May-25, 52.30 , 51.00 , 50.80 ,13:45,,,,19:15,,,,,,,,,,,,,,,,,,,,,,,,,,,,
,,05-May-25, 50.80 , 51.40 , 54.40 ,13:45,,,,19:15,,,,,,,,,,,,,,,,,,,,,,,,,,,,
,,22-May-25, 52.30 , 51.00 , 50.80 ,13:45,,,,19:15,,,,,,,,,,,,,,,,,,,,,,,,,,,,
,,05-May-25, 50.80 , 51.40 , 54.40 ,13:45,,,,19:15,,,,,,,,,,,,,,,,,,,,,,,,,,,,
,1,Event,CAD - BoC Interest Rate Decision,,,Asset,Description,,,IST Time,MT5 server time,,,,,,,,,,,,,,,,,,,,,,,,,,,
,,Actual:,,,,C:CADJPY,"

The Bank of Canada (BOC) publishes its decision on where to set the benchmark interest rate. As short term interest rates are an important determinant of currency valuation, traders watch interest rate changes closely.

A reading that is stronger than forecast is generally supportive (bullish) for the CAD, while a weaker than forecast reading is generally negative (bearish) for the CAD.

Learn More: CADJPY |USDCAD",,,,CAD - BoC Interest Rate Decision,,,,,,,,,,,,,,,,,,,,,,,,,,,
,,Forecast:,,,,CADJPY.sd,,,,,,,,,,,,,,,,,,,,,,,,,,,,,,,,
,,Previous:,,,,,,,,,,,,,,,,,,,,,,,,,,,,,,,,,,,,
,,Time (GMT):,13:45,,,,,,,19:15,16:45,,,,,,,,,,,,,,,,,,,,,,,,,,,
,,Release Date,Actual,Forecast,Previous,Time,,,,Time IST,,,,,,,,,,,,,,,,,,,,,,,,,,,,
,,16-Apr-25,,2.75%,2.75%,13:45,,,,19:15,,,,,,,,,,,,,,,,,,,,,,,,,,,,
,,12-Mar-25,2.75%,2.75%,3.00%,13:45,,,,19:15,,,,,,,,,,,,,,,,,,,,,,,,,,,,
,,29-Jan-25,3.00%,3.00%,3.25%,14:45,,,,20:15,,,,,,,,,,,,,,,,,,,,,,,,,,,,
,,11-Dec-24,3.25%,3.25%,3.75%,14:45,,,,20:15,,,,,,,,,,,,,,,,,,,,,,,,,,,,
,,23-Oct-24,3.75%,3.75%,4.25%,13:45,,,,19:15,,,,,,,,,,,,,,,,,,,,,,,,,,,,
,,04-Sep-24,4.25%,4.25%,4.50%,13:45,,,,19:15,,,,,,,,,,,,,,,,,,,,,,,,,,,,
,1,Event,USD - ISM Non-Manufacturing PMI (May),,,Asset,Description,,,IST Time,MT5 server time,,,,,,,,,,,,,,,,,,,,,,,,,,,
,,Actual:,,,,C:USDJPY,"

The Institute of Supply Management (ISM) Non-Manufacturing Purchasing Managers' Index (PMI) (also known as the ISM Services PMI) report on Business, is based on data compiled from monthly replies to questions asked of more than 370 purchasing and supply executives in over 62 different industries.

The NMI is a composite index based on the diffusion indexes for four of the indicators with equal weights: Business Activity (seasonally adjusted), New Orders (seasonally adjusted), Employment (seasonally adjusted) and Supplier Deliveries.

A reading above 50 percent indicates the non-manufacturing sector economy is generally expanding; below 50 percent indicates the non-manufacturing sector is generally contracting. Given the large proportion of the US economy engaged in the services sector, this report offers insights into the health of the overall US economy.

A reading that is stronger than forecast is generally supportive (bullish) for the USD, while a weaker than forecast reading is generally negative (bearish) for the USD.

Learn More: USDJPY |EURUSD",,,,USD - ISM Non-Manufacturing PMI (May),,,,,,,,,,,,,,,,,,,,,,,,,,,
,,Forecast:,,,,USDJPY.sd,,,,,,,,,,,,,,,,,,,,,,,,,,,,,,,,
,,Previous:,,,,,,,,,,,,,,,,,,,,,,,,,,,,,,,,,,,,
,,Time (GMT):,14:00,,,,,,,19:30,17:00,,,,,,,,,,,,,,,,,,,,,,,,,,,
,,Release Date,Actual,Forecast,Previous,Time,,,,Time IST,,,,,,,,,,,,,,,,,,,,,,,,,,,,
,,05-May-25,,50.2,50.8,14:00,,,,19:30,,,,,,,,,,,,,,,,,,,,,,,,,,,,
,,03-Apr-25,50.8,53,53.5,14:00,,,,19:30,,,,,,,,,,,,,,,,,,,,,,,,,,,,
,,05-Mar-25,53.5,52.5,52.8,15:00,,,,20:30,,,,,,,,,,,,,,,,,,,,,,,,,,,,
,,05-Feb-25,52.8,54.2,54,15:00,,,,20:30,,,,,,,,,,,,,,,,,,,,,,,,,,,,
,,07-Jan-25,54.1,53.5,52.1,15:00,,,,20:30,,,,,,,,,,,,,,,,,,,,,,,,,,,,
,,04-Dec-24,52.1,55.5,56,15:00,,,,20:30,,,,,,,,,,,,,,,,,,,,,,,,,,,,
,1,Event,USD - ISM Non-Manufacturing Prices (May),,,Asset,Description,,,IST Time,MT5 server time,,,,,,,,,,,,,,,,,,,,,,,,,,,
,,Actual:,,,,C: USDJPY,"


The Institute of Supply Management (ISM) Non-Manufacturing Purchasing Managers' Index (PMI) (also known as the ISM Services PMI) report on Business, is based on data compiled from monthly replies to questions asked of more than 370 purchasing and supply executives in over 62 different industries.

The Prices Paid subcategory is a diffusion index calculated by adding the percent of responses indicating they paid more for inputs plus one-half of those responding that they paid the same for inputs. The resulting single index number is then seasonally adjusted.

The Prices Paid diffusion index is one of a number of indicators pointing to the degree of inflationary pressures in the economy.

A reading that is stronger than forecast is generally supportive (bullish) for the USD, while a weaker than forecast reading is generally negative (bearish) for the USD.

Learn More: USDJPY |EURUSD",,,,USD - ISM Non-Manufacturing Prices (May),,,,,,,,,,,,,,,,,,,,,,,,,,,
,,Forecast:,,,,USDJPY.sd,,,,,,,,,,,,,,,,,,,,,,,,,,,,,,,,
,,Previous:, 65.10 ,,,,,,,,,,,,,,,,,,,,,,,,,,,,,,,,,,,
,,Time (GMT):,14:00,,,,,,,19:30,17:00,,,,,,,,,,,,,,,,,,,,,,,,,,,
,,Release Date,Actual,Forecast,Previous,Time,,,,Time IST,,,,,,,,,,,,,,,,,,,,,,,,,,,,
,,05-May-25, 65.10 , 61.20 , 60.90 ,14:00,,,,19:30,,,,,,,,,,,,,,,,,,,,,,,,,,,,
,,03-Apr-25, 60.90 , 63.10 , 62.60 ,14:00,,,,19:30,,,,,,,,,,,,,,,,,,,,,,,,,,,,
,,05-Mar-25, 62.60 , 60.00 , 60.40 ,15:00,,,,20:30,,,,,,,,,,,,,,,,,,,,,,,,,,,,
,,05-Feb-25, 60.40 , -   , 64.40 ,15:00,,,,20:30,,,,,,,,,,,,,,,,,,,,,,,,,,,,
,,07-Jan-25, 64.40 , 57.50 , 58.20 ,15:00,,,,20:30,,,,,,,,,,,,,,,,,,,,,,,,,,,,
,,04-Dec-24, 58.20 , 56.40 , 58.10 ,15:00,,,,20:30,,,,,,,,,,,,,,,,,,,,,,,,,,,,
,1,Event,USD - Crude Oil Inventories,,,Asset,Description,,,IST Time,MT5 server time,,,,,,,,,,,,,,,,,,,,,,,,,,,
,,Actual:,,,,USOILRoll,"
The Energy Information Administration's (EIA) Crude Oil Inventories measures the weekly change in the number of barrels of commercial crude oil held by US firms. The level of inventories influences the price of petroleum products, which can have an impact on inflation.

If the increase in crude inventories is more than expected, it implies weaker demand and is bearish for crude prices. The same can be said if a decline in inventories is less than expected.
If the increase in crude is less than expected, it implies greater demand and is bullish for crude prices. The same can be said if a decline in inventories is more than expected.

Learn More: USOILRoll",,,,USD - Crude Oil Inventories,,,,,,,,,,,,,,,,,,,,,,,,,,,
,,Forecast:,,,,USOILRoll,,,,,,,,,,,,,,,,,,,,,,,,,,,,,,,,
,,Previous:, -2.795M ,,,,,,,,,,,,,,,,,,,,,,,,,,,,,,,,,,,
,,Time (GMT):,14:30,,,,,,,20:00,17:30,,,,,,,,,,,,,,,,,,,,,,,,,,,
,,Release Date,Actual,Forecast,Previous,Time,,,,Time IST,,,,,,,,,,,,,,,,,,,,,,,,,,,,
,,29-May-25, -2.795 , 1.000 , 1.328 ,19:00,,,,21:30,,,,,,,,,,,,,,,,,,,,,,,,,,,,
,,21-May-25, 1.328 , -0.90 , 3.454 ,17:30,,,,20:00,,,,,,,,,,,,,,,,,,,,,,,,,,,,
,,14-May-25, 3.454 , -2.00 , -2.03 ,17:30,,,,20:00,,,,,,,,,,,,,,,,,,,,,,,,,,,,
,,07-May-25, -2.03 , -1.70 , -2.69 ,17:30,,,,20:00,,,,,,,,,,,,,,,,,,,,,,,,,,,,
,,30-Apr-25, -2.69 , 0.390 , 0.244 ,17:30,,,,20:00,,,,,,,,,,,,,,,,,,,,,,,,,,,,
,,23-Apr-25, 0.244 , -0.70 , 0.515 ,17:30,,,,20:00,,,,,,,,,,,,,,,,,,,,,,,,,,,,
,1,Event,EUR - Deposit Facility Rate (Jun),,,Asset,Description,,,IST Time,MT5 server time,,,,,,,,,,,,,,,,,,,,,,,,,,,
,,Actual:,,,,C:EURJPY,"
[]

Learn More: EURJPY |EURUSD",,,,EUR - Deposit Facility Rate (Jun),,,,,,,,,,,,,,,,,,,,,,,,,,,
,,Forecast:,2.00%,,,EURJPY.sd,,,,,,,,,,,,,,,,,,,,,,,,,,,,,,,,
,,Previous:,2.25%,,,,,,,,,,,,,,,,,,,,,,,,,,,,,,,,,,,
,,Time (GMT):,12:15,,,,,,,17:45,15:15,,,,,,,,,,,,,,,,,,,,,,,,,,,
,,Release Date,Actual,Forecast,Previous,Time,,,,Time IST,,,,,,,,,,,,,,,,,,,,,,,,,,,,
,,17-Apr-25,2.25%,2.25%,2.50%,12:15,,,,17:45,,,,,,,,,,,,,,,,,,,,,,,,,,,,
,,06-Mar-25,2.50%,2.50%,2.75%,13:15,,,,18:45,,,,,,,,,,,,,,,,,,,,,,,,,,,,
,,30-Jan-25,2.75%,2.75%,3.00%,13:15,,,,18:45,,,,,,,,,,,,,,,,,,,,,,,,,,,,
,,12-Dec-24,3.00%,3.00%,3.25%,13:15,,,,18:45,,,,,,,,,,,,,,,,,,,,,,,,,,,,
,,17-Oct-24,3.25%,3.25%,3.50%,12:15,,,,17:45,,,,,,,,,,,,,,,,,,,,,,,,,,,,
,,12-Sep-24,3.50%,3.50%,3.75%,12:15,,,,17:45,,,,,,,,,,,,,,,,,,,,,,,,,,,,
,1,Event,EUR - ECB Interest Rate Decision (Jun),,,Asset,Description,,,IST Time,MT5 server time,,,,,,,,,,,,,,,,,,,,,,,,,,,
,,Actual:,,,,C:EURJPY,"
Initial Jobless Claims measures the number of people who filed for unemployment insurance for the first time during the past week. This is the most timely U.S. economic data, but the market impact varies from week to week.
A reading that is higher than forecast is generally negative (bearish) for the USD, while a lower than forecast reading is generally supportive (bullish) for the USD.

Learn More: USDJPY |EURUSD",,,,EUR - ECB Interest Rate Decision (Jun),,,,,,,,,,,,,,,,,,,,,,,,,,,
,,Forecast:,,,,EURJPY.sd,,,,,,,,,,,,,,,,,,,,,,,,,,,,,,,,
,,Previous:,2.40%,,,,,,,,,,,,,,,,,,,,,,,,,,,,,,,,,,,
,,Time (GMT):,12:15,,,,,,,17:45,15:15,,,,,,,,,,,,,,,,,,,,,,,,,,,
,,Release Date,Actual,Forecast,Previous,Time,,,,Time IST,,,,,,,,,,,,,,,,,,,,,,,,,,,,
,,17-Apr-25,2.40%,2.40%,2.65%,12:15,,,,17:45,,,,,,,,,,,,,,,,,,,,,,,,,,,,
,,06-Mar-25,2.65%,2.65%,2.90%,13:15,,,,18:45,,,,,,,,,,,,,,,,,,,,,,,,,,,,
,,30-Jan-25,2.90%,2.90%,3.15%,13:15,,,,18:45,,,,,,,,,,,,,,,,,,,,,,,,,,,,
,,12-Dec-24,3.15%,3.15%,3.40%,13:15,,,,18:45,,,,,,,,,,,,,,,,,,,,,,,,,,,,
,,17-Oct-24,3.40%,3.40%,3.65%,12:15,,,,17:45,,,,,,,,,,,,,,,,,,,,,,,,,,,,
,,12-Sep-24,3.65%,3.65%,4.25%,12:15,,,,17:45,,,,,,,,,,,,,,,,,,,,,,,,,,,,
,1,Event,USD - Initial Jobless Claims,,,Asset,Description,,,IST Time,MT5 server time,,,,,,,,,,,,,,,,,,,,,,,,,,,
,,Actual:,,,,C:USDJPY,"
Initial Jobless Claims measures the number of people who filed for unemployment insurance for the first time during the past week. This is the most timely U.S. economic data, but the market impact varies from week to week.
A reading that is higher than forecast is generally negative (bearish) for the USD, while a lower than forecast reading is generally supportive (bullish) for the USD.

Learn More: USDJPY |EURUSD",,,,USD - Initial Jobless Claims,,,,,,,,,,,,,,,,,,,,,,,,,,,
,,Forecast:,,,,USDJPY.sd,,,,,,,,,,,,,,,,,,,,,,,,,,,,,,,,
,,Previous:, 240K ,,,,,,,,,,,,,,,,,,,,,,,,,,,,,,,,,,,
,,Time (GMT):,12:30,,,,,,,18:00,15:30,,,,,,,,,,,,,,,,,,,,,,,,,,,
,,Release Date,Actual,Forecast,Previous,Time,,,,Time IST,,,,,,,,,,,,,,,,,,,,,,,,,,,,
,,29-May-25, 240 , 229 , 226 ,12:30,,,,18:00,,,,,,,,,,,,,,,,,,,,,,,,,,,,
,,22-May-25, 227 , 230 , 229 ,12:30,,,,18:00,,,,,,,,,,,,,,,,,,,,,,,,,,,,
,,15-May-25, 229 , 229 , 229 ,12:30,,,,18:00,,,,,,,,,,,,,,,,,,,,,,,,,,,,
,,08-May-25, 228 , 231 , 241 ,12:30,,,,18:00,,,,,,,,,,,,,,,,,,,,,,,,,,,,
,,01-May-25, 241 , 224 , 223 ,12:30,,,,18:00,,,,,,,,,,,,,,,,,,,,,,,,,,,,
,,24-Apr-25, 222 , 222 , 216 ,12:30,,,,18:00,,,,,,,,,,,,,,,,,,,,,,,,,,,,
,1,Event,EUR - ECB Press Conference,,,Asset,Description,,,IST Time,MT5 server time,,,,,,,,,,,,,,,,,,,,,,,,,,,
,,Actual:,,,,C:EURUSD,"

The European Central Bank (ECB) press conference is held monthly, about 45 minutes after the Minimum Bid Rate is announced. The conference is approximately an hour long and has two parts. Firstly, a prepared statement is read, then the conference is open to press questions. The press conference examines the factors which affected the ECB's interest rate decision and deals with the overall economic outlook and inflation. Most importantly, it provides clues regarding future monetary policy. High levels of volatility can frequently be observed during the press conference as press questions lead to unscripted answers.

Learn More: EURJPY |EURUSD",,,,EUR - ECB Press Conference,,,,,,,,,,,,,,,,,,,,,,,,,,,
,,Forecast:,,,,EURUSD.sd,,,,,,,,,,,,,,,,,,,,,,,,,,,,,,,,
,,Previous:, -   ,,,,,,,,,,,,,,,,,,,,,,,,,,,,,,,,,,,
,,Time (GMT):,12:45,,,,,,,18:15,15:45,,,,,,,,,,,,,,,,,,,,,,,,,,,
,,Release Date,Actual,Forecast,Previous,Time,,,,Time IST,,,,,,,,,,,,,,,,,,,,,,,,,,,,
,,17-Apr-25, 44.60 , 45.90 , 47.60 ,12:45,,,,18:15,,,,,,,,,,,,,,,,,,,,,,,,,,,,
,,06-Mar-25, 47.60 , 45.50 , 45.50 ,13:45,,,,19:15,,,,,,,,,,,,,,,,,,,,,,,,,,,,
,,30-Jan-25, 45.50 , 40.50 , 39.50 ,13:45,,,,19:15,,,,,,,,,,,,,,,,,,,,,,,,,,,,
,,12-Dec-24, 39.50 , 40.30 , 36.90 ,13:45,,,,19:15,,,,,,,,,,,,,,,,,,,,,,,,,,,,
,,17-Oct-24, 36.90 , 42.70 , 40.20 ,12:45,,,,18:15,,,,,,,,,,,,,,,,,,,,,,,,,,,,
,,12-Sep-24, 40.20 , 44.90 , 41.60 ,12:45,,,,18:15,,,,,,,,,,,,,,,,,,,,,,,,,,,,
,1,Event,South Korea - Memorial Day,,,Asset,Description,,,IST Time,MT5 server time,,,,,,,,,,,,,,,,,,,,,,,,,,,
,,Actual:,,,,C:USDJPY,"[]

Learn More: Legacy Reference",,,,South Korea - Memorial Day,,,,,,,,,,,,,,,,,,,,,,,,,,,
,,Forecast:,,,,USDJPY.sd,,,,,,,,,,,,,,,,,,,,,,,,,,,,,,,,
,,Previous:, -   ,,,,,,,,,,,,,,,,,,,,,,,,,,,,,,,,,,,
,,Time (GMT):,12:30,,,,,,,All Day,#VALUE!,,,,,,,,,,,,,,,,,,,,,,,,,,,
,,Release Date,Actual,Forecast,Previous,Time,,,,Time IST,,,,,,,,,,,,,,,,,,,,,,,,,,,,
,,16-Apr-25, 0.01 , 0.00 , 0.01 ,12:30,,,,18:00,,,,,,,,,,,,,,,,,,,,,,,,,,,,
,,17-Mar-25, 0.00 , 0.00 , (0.01),12:30,,,,18:00,,,,,,,,,,,,,,,,,,,,,,,,,,,,
,,14-Feb-25, (0.00), 0.00 , 0.01 ,13:30,,,,19:00,,,,,,,,,,,,,,,,,,,,,,,,,,,,
,,16-Jan-25, 0.00 , 0.01 , 0.00 ,13:30,,,,19:00,,,,,,,,,,,,,,,,,,,,,,,,,,,,
,,17-Dec-24, 0.00 , 0.00 , 0.00 ,13:30,,,,19:00,,,,,,,,,,,,,,,,,,,,,,,,,,,,
,,15-Nov-24, 0.00 , 0.00 , 0.01 ,13:30,,,,19:00,,,,,,,,,,,,,,,,,,,,,,,,,,,,
,1,Event,USD - Average Hourly Earnings (MoM) (May),,,Asset,Description,,,IST Time,MT5 server time,,,,,,,,,,,,,,,,,,,,,,,,,,,
,,Actual:,,,,C:USDJPY,"
Average Hourly Earnings measures the change in the amount of money businesses pay for labour, excluding the agricultural sector.

A reading that is stronger than forecast is generally supportive (bullish) for the USD, while a weaker than forecast reading is generally negative (bearish) for the USD.

Learn More: USDJPY | EURUSD",,,,USD - Average Hourly Earnings (MoM) (May),,,,,,,,,,,,,,,,,,,,,,,,,,,
,,Forecast:,0.30%,,,USDJPY.sd,,,,,,,,,,,,,,,,,,,,,,,,,,,,,,,,
,,Previous:,0.20%,,,,,,,,,,,,,,,,,,,,,,,,,,,,,,,,,,,
,,Time (GMT):,12:30,,,,,,,18:00,15:30,,,,,,,,,,,,,,,,,,,,,,,,,,,
,,Release Date,Actual,Forecast,Previous,Time,,,,Time IST,,,,,,,,,,,,,,,,,,,,,,,,,,,,
,,02-May-25,0.20%,0.30%,0.30%,12:30,,,,18:00,,,,,,,,,,,,,,,,,,,,,,,,,,,,
,,04-Apr-25,0.30%,0.30%,0.20%,12:30,,,,18:00,,,,,,,,,,,,,,,,,,,,,,,,,,,,
,,07-Mar-25,0.30%,0.30%,0.40%,13:30,,,,19:00,,,,,,,,,,,,,,,,,,,,,,,,,,,,
,,07-Feb-25,0.50%,0.30%,0.30%,13:30,,,,19:00,,,,,,,,,,,,,,,,,,,,,,,,,,,,
,,10-Jan-25,0.30%,0.30%,0.40%,13:30,,,,19:00,,,,,,,,,,,,,,,,,,,,,,,,,,,,
,,06-Dec-24,0.40%,0.30%,0.40%,13:30,,,,19:00,,,,,,,,,,,,,,,,,,,,,,,,,,,,
,1,Event,USD - Nonfarm Payrolls (May),,,Asset,Description,,,IST Time,MT5 server time,,,,,,,,,,,,,,,,,,,,,,,,,,,
,,Actual:,,,,C:USDJPY,"
Nonfarm Payrolls measures the change in the number of people employed during the prior month, excluding workers in the farming industry. Given that full employment is one of the Federal Reserves mandates, it is very closely watched.

A reading that is stronger than forecast is generally supportive (bullish) for the USD, while a weaker than forecast reading is generally negative (bearish) for the USD.

Learn More: USDJPY | EURUSD",,,,USD - Nonfarm Payrolls (May),,,,,,,,,,,,,,,,,,,,,,,,,,,
,,Forecast:,130K,,,USDJPY.sd,,,,,,,,,,,,,,,,,,,,,,,,,,,,,,,,
,,Previous:,177K,,,,,,,,,,,,,,,,,,,,,,,,,,,,,,,,,,,
,,Time (GMT):,12:30,,,,,,,18:00,15:30,,,,,,,,,,,,,,,,,,,,,,,,,,,
,,Release Date,Actual,Forecast,Previous,Time,,,,Time IST,,,,,,,,,,,,,,,,,,,,,,,,,,,,
,,02-May-25,177,138,18,12:30,,,,18:00,,,,,,,,,,,,,,,,,,,,,,,,,,,,
,,04-Apr-25,22,137,117,12:30,,,,18:00,,,,,,,,,,,,,,,,,,,,,,,,,,,,
,,07-Mar-25,151,159,125,13:30,,,,19:00,,,,,,,,,,,,,,,,,,,,,,,,,,,,
,,07-Feb-25,143,169,307,13:30,,,,19:00,,,,,,,,,,,,,,,,,,,,,,,,,,,,
,,10-Jan-25,256,164,212,13:30,,,,19:00,,,,,,,,,,,,,,,,,,,,,,,,,,,,
,,06-Dec-24,227,202,36K,13:30,,,,19:00,,,,,,,,,,,,,,,,,,,,,,,,,,,,
,1,Event,USD - Unemployment Rate (May),,,Asset,Description,,,IST Time,MT5 server time,,,,,,,,,,,,,,,,,,,,,,,,,,,
,,Actual:,,,,C:USDJPY,"

The Unemployment Rate measures the percentage of the total work force that is not working, yet actively seeking employment.

A reading that is higher than forecast is generally negative (bearish) for the USD, while a lower than forecast reading is generally supportive (bullish) for the USD.

Learn More: USDJPY | EURUSD",,,,USD - Unemployment Rate (May),,,,,,,,,,,,,,,,,,,,,,,,,,,
,,Forecast:,4.2%,,,USDJPY.sd,,,,,,,,,,,,,,,,,,,,,,,,,,,,,,,,
,,Previous:,4.2%,,,,,,,,,,,,,,,,,,,,,,,,,,,,,,,,,,,
,,Time (GMT):,12:30,,,,,,,18:00,15:30,,,,,,,,,,,,,,,,,,,,,,,,,,,
,,Release Date,Actual,Forecast,Previous,Time,,,,Time IST,,,,,,,,,,,,,,,,,,,,,,,,,,,,
,,02-May-25,4.20%,4.20%,4.20%,12:30,,,,18:00,,,,,,,,,,,,,,,,,,,,,,,,,,,,
,,04-Apr-25,4.20%,4.10%,4.10%,12:30,,,,18:00,,,,,,,,,,,,,,,,,,,,,,,,,,,,
,,07-Mar-25,4.10%,4.00%,4.00%,13:30,,,,19:00,,,,,,,,,,,,,,,,,,,,,,,,,,,,
,,07-Feb-25,4.00%,4.10%,4.10%,13:30,,,,19:00,,,,,,,,,,,,,,,,,,,,,,,,,,,,
,,10-Jan-25,4.10%,4.20%,4.20%,13:30,,,,19:00,,,,,,,,,,,,,,,,,,,,,,,,,,,,
,,06-Dec-24,4.20%,4.20%,4.10%,13:30,,,,19:00,,,,,,,,,,,,,,,,,,,,,,,,,,,,
x,1,Event,JPY - GDP (QoQ) (Q1) P,,,Asset,Description,,,IST Time,MT5 server time,,,,,,,,,,,,,,,,,,,,,,,,,,,
,,Actual:,,,,C:EURJPY,"Gross Domestic Product (GDP) measures the change in the inflation-adjusted value of all goods and services produced by the economy. It is the broadest measure of economic activity and the primary indicator of the economy's health.

A reading that is stronger than forecast is generally supportive (bullish) for the JPY, while a weaker than forecast reading is generally negative (bearish) for the JPY.

Learn More: USDJPY | EURUSD",,,,JPY - GDP (QoQ) (Q1) P,,,,,,,,,,,,,,,,,,,,,,,,,,,
,,Forecast:, -   ,,,EURJPY.sd,,,,,,,,,,,,,,,,,,,,,,,,,,,,,,,,
,,Previous:, 0.01 ,,,,,,,,,,,,,,,,,,,,,,,,,,,,,,,,,,,
,,Time (GMT):,23:50,,,,,,,5:20,2:50,,,,,,,,,,,,,,,,,,,,,,,,,,,
,,Release Date,Actual,Forecast,Previous,Time,,,,Time IST,,,,,,,,,,,,,,,,,,,,,,,,,,,,
,,16-May-25, (0.00), (0.00), 0.01 ,23:50,,,,5:20,,,,,,,,,,,,,,,,,,,,,,,,,,,,
,,11-Mar-25, 0.01 , 0.01 , 0.00 ,23:50,,,,5:20,,,,,,,,,,,,,,,,,,,,,,,,,,,,
,,17-Feb-25, 0.01 , 0.00 , 0.00 ,23:50,,,,5:20,,,,,,,,,,,,,,,,,,,,,,,,,,,,
,,09-Dec-24, 0.00 , 0.00 , 0.01 ,23:50,,,,5:20,,,,,,,,,,,,,,,,,,,,,,,,,,,,
,,15-Nov-24, 0.00 , 0.00 , 0.01 ,23:50,,,,5:20,,,,,,,,,,,,,,,,,,,,,,,,,,,,
,,09-Sep-24, 0.01 , 0.01 , (0.01),23:50,,,,5:20,,,,,,,,,,,,,,,,,,,,,,,,,,,,
,1,Event,USD - Core CPI (MoM) (May),,,Asset,Description,,,IST Time,MT5 server time,,,,,,,,,,,,,,,,,,,,,,,,,,,
,,Actual:,,,,C:USDJPY,"The Core Consumer Price Index (CPI) measures the changes in the price of goods and services, excluding food and energy. The Central bank pays very close attention to this figure in its role of maintaining price stability. Because the Fed believes that core inflation is a better gauge of underlying price pressures, it is more closely watched than overall inflation which tends to be more volatile.

A reading that is stronger than forecast is generally supportive (bullish) for the USD, while a weaker than forecast reading is generally negative (bearish) for the USD.

Learn More: USDJPY | EURUSD",,,,USD - Core CPI (MoM) (May),,,,,,,,,,,,,,,,,,,,,,,,,,,
,,Forecast:, -   ,,,USDJPY.sd,,,,,,,,,,,,,,,,,,,,,,,,,,,,,,,,
,,Previous:, 0.00 ,,,,,,,,,,,,,,,,,,,,,,,,,,,,,,,,,,,
,,Time (GMT):,12:30,,,,,,,18:00,15:30,,,,,,,,,,,,,,,,,,,,,,,,,,,
,,Release Date,Actual,Forecast,Previous,Time,,,,Time IST,,,,,,,,,,,,,,,,,,,,,,,,,,,,
,,13-May-25, 0.00 , 0.00 , 0.00 ,12:30,,,,18:00,,,,,,,,,,,,,,,,,,,,,,,,,,,,
,,10-Apr-25, 0.00 , 0.00 , 0.00 ,12:30,,,,18:00,,,,,,,,,,,,,,,,,,,,,,,,,,,,
,,12-Mar-25, 0.00 , 0.00 , 0.00 ,12:30,,,,18:00,,,,,,,,,,,,,,,,,,,,,,,,,,,,
,,12-Feb-25, 0.00 , 0.00 , 0.00 ,13:30,,,,19:00,,,,,,,,,,,,,,,,,,,,,,,,,,,,
,,15-Jan-25, 0.00 , 0.00 , 0.00 ,13:30,,,,19:00,,,,,,,,,,,,,,,,,,,,,,,,,,,,
,,11-Dec-24, 0.00 , 0.00 , 0.00 ,13:30,,,,19:00,,,,,,,,,,,,,,,,,,,,,,,,,,,,
,1,Event,USD - CPI (MoM) (May),,,Asset,Description,,,IST Time,MT5 server time,,,,,,,,,,,,,,,,,,,,,,,,,,,
,,Actual:,,,,C:USDJPY,"The Consumer Price Index (CPI) measures the change in the prices of goods and services contained in a basket of consumer items. The Central bank pays very close attention to this figure in its role of maintaining price stability.

A reading that is stronger than forecast is generally supportive (bullish) for the USD, while a weaker than forecast reading is generally negative (bearish) for the USD.

Learn More: USDJPY | EURUSD",,,,USD - CPI (MoM) (May),,,,,,,,,,,,,,,,,,,,,,,,,,,
,,Forecast:, -   ,,,USDJPY.sd,,,,,,,,,,,,,,,,,,,,,,,,,,,,,,,,
,,Previous:, 0.00 ,,,,,,,,,,,,,,,,,,,,,,,,,,,,,,,,,,,
,,Time (GMT):,12:30,,,,,,,18:00,15:30,,,,,,,,,,,,,,,,,,,,,,,,,,,
,,Release Date,Actual,Forecast,Previous,Time,,,,Time IST,,,,,,,,,,,,,,,,,,,,,,,,,,,,
,,12-May-25, 0.00 , 0.00 , (0.00),12:30,,,,18:00,,,,,,,,,,,,,,,,,,,,,,,,,,,,
,,10-Apr-25, (0.00), 0.00 , 0.00 ,12:30,,,,18:00,,,,,,,,,,,,,,,,,,,,,,,,,,,,
,,12-Mar-25, 0.00 , 0.00 , 0.01 ,12:30,,,,18:00,,,,,,,,,,,,,,,,,,,,,,,,,,,,
,,12-Feb-25, 0.01 , 0.00 , 0.00 ,13:30,,,,19:00,,,,,,,,,,,,,,,,,,,,,,,,,,,,
,,15-Jan-25, 0.00 , 0.00 , 0.00 ,13:30,,,,19:00,,,,,,,,,,,,,,,,,,,,,,,,,,,,
,,10-Dec-24, 0.00 , 0.00 , 0.00 ,13:30,,,,19:00,,,,,,,,,,,,,,,,,,,,,,,,,,,,
,1,Event,USD - CPI (YoY) (May),,,Asset,Description,,,IST Time,MT5 server time,,,,,,,,,,,,,,,,,,,,,,,,,,,
,,Actual:,,,,C:USDJPY,"The Consumer Price Index (CPI) measures the change in the prices of goods and services contained in a basket of consumer items. The Central bank pays very close attention to this figure in its role of maintaining price stability.

A reading that is stronger than forecast is generally supportive (bullish) for the USD, while a weaker than forecast reading is generally negative (bearish) for the USD.

Learn More: USDJPY | EURUSD",,,,USD - CPI (YoY) (May),,,,,,,,,,,,,,,,,,,,,,,,,,,
,,Forecast:, -   ,,,USDJPY.sd,,,,,,,,,,,,,,,,,,,,,,,,,,,,,,,,
,,Previous:, 0.02 ,,,,,,,,,,,,,,,,,,,,,,,,,,,,,,,,,,,
,,Time (GMT):,12:30,,,,,,,18:00,15:30,,,,,,,,,,,,,,,,,,,,,,,,,,,
,,Release Date,Actual,Forecast,Previous,Time,,,,Time IST,,,,,,,,,,,,,,,,,,,,,,,,,,,,
,,13-May-25, 0.02 , 0.02 , 0.02 ,12:30,,,,18:00,,,,,,,,,,,,,,,,,,,,,,,,,,,,
,,10-Apr-25, 0.02 , 0.03 , 0.03 ,12:30,,,,18:00,,,,,,,,,,,,,,,,,,,,,,,,,,,,
,,12-Mar-25, 0.03 , 0.03 , 0.03 ,12:30,,,,18:00,,,,,,,,,,,,,,,,,,,,,,,,,,,,
,,12-Feb-25, 0.03 , 0.03 , 0.03 ,13:30,,,,19:00,,,,,,,,,,,,,,,,,,,,,,,,,,,,
,,15-Jan-25, 0.03 , 0.03 , 0.03 ,13:30,,,,19:00,,,,,,,,,,,,,,,,,,,,,,,,,,,,
,,11-Dec-24, 0.03 , 0.03 , 0.03 ,13:30,,,,19:00,,,,,,,,,,,,,,,,,,,,,,,,,,,,
,1,Event,USD - Crude Oil Inventories,,,Asset,Description,,,IST Time,MT5 server time,,,,,,,,,,,,,,,,,,,,,,,,,,,
,,Actual:,,,,USOILRoll,"The figures displayed in the calendar represent the yield on the Treasury Note auctioned.

U.S. Treasury Notes have maturities of two to ten years. Governments issue treasuries to borrow money to cover the gap between the amount they receive in taxes and the amount they spend to refinance existing debt and/or to raise capital. The rate on a Treasury Note represents the return an investor will receive by holding the note for its entire duration. All bidders receive the same rate at the highest accepted bid.

Yield fluctuations should be monitored closely as an indicator of the government debt situation. Investors compare the average rate at auction to the rate at previous auctions of the same security.

Learn More: USDJPY | EURUSD",,,,USD - Crude Oil Inventories,,,,,,,,,,,,,,,,,,,,,,,,,,,
,,Forecast:, -   ,,,USOILRoll,,,,,,,,,,,,,,,,,,,,,,,,,,,,,,,,
,,Previous:, -   ,,,,,,,,,,,,,,,,,,,,,,,,,,,,,,,,,,,
,,Time (GMT):,#REF!,,,,,,,#REF!,#REF!,,,,,,,,,,,,,,,,,,,,,,,,,,,
,,Release Date,Actual,Forecast,Previous,Time,,,,Time IST,,,,,,,,,,,,,,,,,,,,,,,,,,,,
,,04-Jun-25, -4.304 , -2.900 , -2.795 ,17:30,,,,20:00,,,,,,,,,,,,,,,,,,,,,,,,,,,,
,,04-Jun-25, -4.304 , -2.900 , -2.795 ,17:30,,,,20:00,,,,,,,,,,,,,,,,,,,,,,,,,,,,
,,04-Jun-25, -4.304 , -2.900 , -2.795 ,17:30,,,,20:00,,,,,,,,,,,,,,,,,,,,,,,,,,,,
,,29-May-25, -2.795 , 1.000 , 1.328 ,19:00,,,,21:30,,,,,,,,,,,,,,,,,,,,,,,,,,,,
,,21-May-25, 1.328 , -0.90 , 3.454 ,17:30,,,,20:00,,,,,,,,,,,,,,,,,,,,,,,,,,,,
,,14-May-25, 3.454 , -2.00 , -2.03 ,17:30,,,,20:00,,,,,,,,,,,,,,,,,,,,,,,,,,,,
,1,Event,USD - 10-Year Note Auction,,,Asset,Description,,,IST Time,MT5 server time,,,,,,,,,,,,,,,,,,,,,,,,,,,
,,Actual:,,,,C:USDJPY,"The figures displayed in the calendar represent the yield on the Treasury Note auctioned.

U.S. Treasury Notes have maturities of two to ten years. Governments issue treasuries to borrow money to cover the gap between the amount they receive in taxes and the amount they spend to refinance existing debt and/or to raise capital. The rate on a Treasury Note represents the return an investor will receive by holding the note for its entire duration. All bidders receive the same rate at the highest accepted bid.

Yield fluctuations should be monitored closely as an indicator of the government debt situation. Investors compare the average rate at auction to the rate at previous auctions of the same security.

Learn More: USDJPY | EURUSD",,,,USD - 10-Year Note Auction,,,,,,,,,,,,,,,,,,,,,,,,,,,
,,Forecast:,,,,USDJPY.sd,,,,,,,,,,,,,,,,,,,,,,,,,,,,,,,,
,,Previous:,4.34%,,,,,,,,,,,,,,,,,,,,,,,,,,,,,,,,,,,
,,Time (GMT):,17:00,,,,,,,22:30,20:00,,,,,,,,,,,,,,,,,,,,,,,,,,,
,,Release Date,Actual,Forecast,Previous,Time,,,,Time IST,,,,,,,,,,,,,,,,,,,,,,,,,,,,
,,06-May-25,4.34%,0.00%,4.44%,17:00,,,,22:30,,,,,,,,,,,,,,,,,,,,,,,,,,,,
,,09-Apr-25,4.44%,0.00%,4.31%,17:00,,,,22:30,,,,,,,,,,,,,,,,,,,,,,,,,,,,
,,12-Mar-25,4.31%,0.00%,4.63%,17:00,,,,22:30,,,,,,,,,,,,,,,,,,,,,,,,,,,,
,,12-Feb-25,4.63%,0.00%,4.68%,18:00,,,,23:30,,,,,,,,,,,,,,,,,,,,,,,,,,,,
,,07-Jan-25,4.68%,0.00%,4.24%,18:00,,,,23:30,,,,,,,,,,,,,,,,,,,,,,,,,,,,
,,11-Dec-24,4.24%,0.00%,4.35%,18:00,,,,23:30,,,,,,,,,,,,,,,,,,,,,,,,,,,,
,1,Event,GBP - GDP (MoM) (Apr),,,Asset,Description,,,IST Time,MT5 server time,,,,,,,,,,,,,,,,,,,,,,,,,,,
,,Actual:,,,,C:GBPJPY,"Gross Domestic Product (GDP) measures the annualized change in the inflation-adjusted value of all goods and services produced by the economy. It is the broadest measure of economic activity and the primary indicator of the economy's health. A higher than expected reading should be taken as positive/bullish for the GBP, while a lower than expected reading should be taken as negative/bearish for the GBP.

Learn More: GBPJPY | GBPUSD",,,,GBP - GDP (MoM) (Apr),,,,,,,,,,,,,,,,,,,,,,,,,,,
,,Forecast:,,,,GBPJPY.sd,,,,,,,,,,,,,,,,,,,,,,,,,,,,,,,,
,,Previous:,,,,,,,,,,,,,,,,,,,,,,,,,,,,,,,,,,,,
,,Time (GMT):,6:00,,,,,,,11:30,9:00,,,,,,,,,,,,,,,,,,,,,,,,,,,
,,Release Date,Actual,Forecast,Previous,Time,,,,Time IST,,,,,,,,,,,,,,,,,,,,,,,,,,,,
,,15-May-25,,0.00%,0.50%,6:00,,,,11:30,,,,,,,,,,,,,,,,,,,,,,,,,,,,
,,11-Apr-25,0.50%,0.10%,0.00%,6:00,,,,11:30,,,,,,,,,,,,,,,,,,,,,,,,,,,,
,,14-Mar-25,-0.10%,0.10%,0.40%,7:00,,,,12:30,,,,,,,,,,,,,,,,,,,,,,,,,,,,
,,13-Feb-25,0.40%,0.10%,0.10%,7:00,,,,12:30,,,,,,,,,,,,,,,,,,,,,,,,,,,,
,,16-Jan-25,0.10%,0.20%,-0.10%,7:00,,,,12:30,,,,,,,,,,,,,,,,,,,,,,,,,,,,
,,13-Dec-24,-0.10%,0.10%,-0.10%,7:00,,,,12:30,,,,,,,,,,,,,,,,,,,,,,,,,,,,
,1,Event,USD - Initial Jobless Claims,,,Asset,Description,,,IST Time,MT5 server time,,,,,,,,,,,,,,,,,,,,,,,,,,,
,,Actual:,,,,C:USDJPY,"
Initial Jobless Claims measures the number of people who filed for unemployment insurance for the first time during the past week. This is the most timely U.S. economic data, but the market impact varies from week to week.
A reading that is higher than forecast is generally negative (bearish) for the USD, while a lower than forecast reading is generally supportive (bullish) for the USD.

Learn More: USDJPY | EURUSD",,,,USD - Initial Jobless Claims,,,,,,,,,,,,,,,,,,,,,,,,,,,
,,Forecast:,,,,USDJPY.sd,,,,,,,,,,,,,,,,,,,,,,,,,,,,,,,,
,,Previous:, -   ,,,,,,,,,,,,,,,,,,,,,,,,,,,,,,,,,,,
,,Time (GMT):,12:30,,,,,,,18:00,15:30,,,,,,,,,,,,,,,,,,,,,,,,,,,
,,Release Date,Actual,Forecast,Previous,Time,,,,Time IST,,,,,,,,,,,,,,,,,,,,,,,,,,,,
,,05-Jun-25,, 236 , 23 ,12:30,,,,18:00,,,,,,,,,,,,,,,,,,,,,,,,,,,,
,,29-May-25, 24 , 229 , 226 ,12:30,,,,18:00,,,,,,,,,,,,,,,,,,,,,,,,,,,,
,,22-May-25, 227 , 230 , 229 ,12:30,,,,18:00,,,,,,,,,,,,,,,,,,,,,,,,,,,,
,,15-May-25, 229 , 229 , 229 ,12:30,,,,18:00,,,,,,,,,,,,,,,,,,,,,,,,,,,,
,,08-May-25, 228 , 231 , 241 ,12:30,,,,18:00,,,,,,,,,,,,,,,,,,,,,,,,,,,,
,,01-May-25, 241 , 224 , 223 ,12:30,,,,18:00,,,,,,,,,,,,,,,,,,,,,,,,,,,,
,1,Event,USD - PPI (MoM) (May),,,Asset,Description,,,IST Time,MT5 server time,,,,,,,,,,,,,,,,,,,,,,,,,,,
,,Actual:,,,,C:USDJPY,"
The Producer Price Index (PPI) measures a change in input prices of raw, semi-finished or finished goods and services. If input costs rise, some will be absorbed by the producer and some passed on to the consumer. Conversely, if input costs fall, some of the decline will be enjoyed as wider profit margins by the producer and some will be passed on to the consumer in the form of lower prices. Because PPI impacts consumer prices, it is watched by central bankers as part of fulfilling their mandate of price stability.

A reading that is stronger than forecast is generally supportive (bullish) for the USD, while a weaker than forecast reading is generally negative (bearish) for the USD.

Learn More: GBPJPY | GBPUSD",,,,USD - PPI (MoM) (May),,,,,,,,,,,,,,,,,,,,,,,,,,,
,,Forecast:,,,,USDJPY.sd,,,,,,,,,,,,,,,,,,,,,,,,,,,,,,,,
,,Previous:, (0.01),,,,,,,,,,,,,,,,,,,,,,,,,,,,,,,,,,,
,,Time (GMT):,12:30,,,,,,,18:00,15:30,,,,,,,,,,,,,,,,,,,,,,,,,,,
,,Release Date,Actual,Forecast,Previous,Time,,,,Time IST,,,,,,,,,,,,,,,,,,,,,,,,,,,,
,,15-May-25,, 0.00 , -   ,12:30,,,,18:00,,,,,,,,,,,,,,,,,,,,,,,,,,,,
,,11-Apr-25, (0.00), 0.00 , 0.00 ,12:30,,,,18:00,,,,,,,,,,,,,,,,,,,,,,,,,,,,
,,13-Mar-25, -   , 0.00 , 0.01 ,12:30,,,,18:00,,,,,,,,,,,,,,,,,,,,,,,,,,,,
,,13-Feb-25, 0.00 , 0.00 , 0.01 ,13:30,,,,19:00,,,,,,,,,,,,,,,,,,,,,,,,,,,,
,,14-Jan-25, 0.00 , 0.00 , 0.00 ,13:30,,,,19:00,,,,,,,,,,,,,,,,,,,,,,,,,,,,
,,12-Dec-24, 0.00 , 0.00 , 0.00 ,13:30,,,,19:00,,,,,,,,,,,,,,,,,,,,,,,,,,,,
,1,Event,USD - 30-Year Bond Auction,,,Asset,Description,,,IST Time,MT5 server time,,,,,,,,,,,,,,,,,,,,,,,,,,,
,,Actual:,,,,C:USDJPY,"
The figures displayed in the calendar represent the yield on the Treasury Bond auctioned.

U.S. Treasury Bonds have maturities from ten up to 30 years. Governments issue treasuries to borrow money to cover the gap between the amount they receive in taxes and the amount they spend to refinance existing debt and/or to raise capital. The rate on a Treasury Bond represents the return an investor will receive by holding the bond for its entire duration. All bidders receive the same rate at the highest accepted bid.

Yield fluctuations should be monitored closely as an indicator of the government debt situation. Investors compare the average rate at auction to the rate at previous auctions of the same security.

Learn More: GBPJPY | GBPUSD",,,,USD - 30-Year Bond Auction,,,,,,,,,,,,,,,,,,,,,,,,,,,
,,Forecast:,,,,USDJPY.sd,,,,,,,,,,,,,,,,,,,,,,,,,,,,,,,,
,,Previous:,,,,,,,,,,,,,,,,,,,,,,,,,,,,,,,,,,,,
,,Time (GMT):,17:00,,,,,,,22:30,20:00,,,,,,,,,,,,,,,,,,,,,,,,,,,
,,Release Date,Actual,Forecast,Previous,Time,,,,Time IST,,,,,,,,,,,,,,,,,,,,,,,,,,,,
,,12-Jun-25,,0.00%,4.82%,17:00,,,,22:30,,,,,,,,,,,,,,,,,,,,,,,,,,,,
,,08-May-25,4.82%,0.00%,4.81%,17:00,,,,22:30,,,,,,,,,,,,,,,,,,,,,,,,,,,,
,,10-Apr-25,4.81%,0.00%,4.62%,17:00,,,,22:30,,,,,,,,,,,,,,,,,,,,,,,,,,,,
,,13-Mar-25,4.62%,0.00%,4.75%,17:00,,,,22:30,,,,,,,,,,,,,,,,,,,,,,,,,,,,
,,13-Feb-25,4.75%,0.00%,4.91%,18:00,,,,23:30,,,,,,,,,,,,,,,,,,,,,,,,,,,,
,,08-Jan-25,4.91%,0.00%,4.54%,18:00,,,,23:30,,,,,,,,,,,,,,,,,,,,,,,,,,,,
,1,Event,EUR - German CPI (MoM) (May),,,Asset,Description,,,IST Time,MT5 server time,,,,,,,,,,,,,,,,,,,,,,,,,,,
,,Actual:,,,,C:EURJPY,"

The Consumer Price Index (CPI) measures the change in the prices of goods and services from the perspective of the consumer. As Germany has the largest output of any country in the euro-zone, the European Central bank pays very close attention to this figure in its role of maintaining price stability.

A reading that is stronger than forecast is generally supportive (bullish) for the EUR, while a weaker than forecast reading is generally negative (bearish) for the EUR.

Learn More: GBPJPY | GBPUSD",,,,EUR - German CPI (MoM) (May),,,,,,,,,,,,,,,,,,,,,,,,,,,
,,Forecast:,,,,EURJPY.sd,,,,,,,,,,,,,,,,,,,,,,,,,,,,,,,,
,,Previous:,,,,,,,,,,,,,,,,,,,,,,,,,,,,,,,,,,,,
,,Time (GMT):,6:00,,,,,,,11:30,9:00,,,,,,,,,,,,,,,,,,,,,,,,,,,
,,Release Date,Actual,Forecast,Previous,Time,,,,Time IST,,,,,,,,,,,,,,,,,,,,,,,,,,,,
,,13-Jun-25,,0.10%,0.40%,6:00,,,,11:30,,,,,,,,,,,,,,,,,,,,,,,,,,,,
,,30-May-25,0.10%,0.10%,0.40%,12:00,,,,17:30,,,,,,,,,,,,,,,,,,,,,,,,,,,,
,,14-May-25,0.40%,0.40%,0.30%,6:00,,,,11:30,,,,,,,,,,,,,,,,,,,,,,,,,,,,
,,30-Apr-25,0.40%,0.30%,0.30%,12:00,,,,17:30,,,,,,,,,,,,,,,,,,,,,,,,,,,,
,,11-Apr-25,0.30%,0.30%,0.40%,6:00,,,,11:30,,,,,,,,,,,,,,,,,,,,,,,,,,,,
,,31-Mar-25,0.30%,0.30%,0.40%,12:00,,,,17:30,,,,,,,,,,,,,,,,,,,,,,,,,,,,
x,1,Event,JPY - BoJ interest Rate Decision,,,Asset,Description,,,IST Time,MT5 server time,,,,,,,,,,,,,,,,,,,,,,,,,,,
,,Actual:,,,,C:EURJPY,"Bank of Japan (BOJ) policy board publishes its decision about where to set the target overnight rate. As short term interest rates are an important determinant of currency valuation, traders watch interest rate changes closely. A reading that is stronger than forecast is generally supportive (bullish) for the JPY, while a weaker than forecast reading is generally negative (bearish) for the JPY.

Learn More: EURJPY | USDJPY",,,,JPY - BoJ interest Rate Decision,,,,,,,,,,,,,,,,,,,,,,,,,,,
,,Forecast:,,,,EURJPY.sd,,,,,,,,,,,,,,,,,,,,,,,,,,,,,,,,
,,Previous:,0.50%,,,,,,,,,,,,,,,,,,,,,,,,,,,,,,,,,,,
,,Time (GMT):,3:00,,,,,,,8:30,6:00,,,,,,,,,,,,,,,,,,,,,,,,,,,
,,Release Date,Actual,Forecast,Previous,Time,,,,Time IST,,,,,,,,,,,,,,,,,,,,,,,,,,,,
,,01-May-25,0.50%,0.50%,0.50%,3:00,,,,8:30,,,,,,,,,,,,,,,,,,,,,,,,,,,,
,,19-Mar-25,0.50%,0.50%,0.50%,2:30,,,,8:00,,,,,,,,,,,,,,,,,,,,,,,,,,,,
,,24-Jan-25,0.50%,0.50%,0.25%,3:20,,,,8:50,,,,,,,,,,,,,,,,,,,,,,,,,,,,
,,19-Dec-24,0.25%,0.25%,0.25%,2:55,,,,8:25,,,,,,,,,,,,,,,,,,,,,,,,,,,,
,,31-Oct-24,0.25%,0.25%,0.25%,3:00,,,,8:30,,,,,,,,,,,,,,,,,,,,,,,,,,,,
,,20-Sep-24,0.25%,0.25%,0.25%,3:00,,,,8:30,,,,,,,,,,,,,,,,,,,,,,,,,,,,
,1,Event,USD - Core Retail Sales (MoM) (May),,,Asset,Description,,,IST Time,MT5 server time,,,,,,,,,,,,,,,,,,,,,,,,,,,
,,Actual:,,,,C:USDJPY,"Core Retail Sales measures the change in the total value of sales at the retail level in the U.S., excluding automobiles. It is an important indicator of consumer spending which accounts for a large percentage of US GDP.

A reading that is stronger than forecast is generally supportive (bullish) for the USD, while a weaker than forecast reading is generally negative (bearish) for the USD.

Learn More: USDJPY | EURUSD",,,,USD - Core Retail Sales (MoM) (May),,,,,,,,,,,,,,,,,,,,,,,,,,,
,,Forecast:,0.30%,,,USDJPY.sd,,,,,,,,,,,,,,,,,,,,,,,,,,,,,,,,
,,Previous:,0.10%,,,,,,,,,,,,,,,,,,,,,,,,,,,,,,,,,,,
,,Time (GMT):,12:30,,,,,,,18:00,15:30,,,,,,,,,,,,,,,,,,,,,,,,,,,
,,Release Date,Actual,Forecast,Previous,Time,,,,Time IST,,,,,,,,,,,,,,,,,,,,,,,,,,,,
,,15-May-25,0.1%,0.3%,0.8%,12:30,,,,18:00,,,,,,,,,,,,,,,,,,,,,,,,,,,,
,,16-Apr-25,0.5%,0.4%,0.7%,12:30,,,,18:00,,,,,,,,,,,,,,,,,,,,,,,,,,,,
,,17-Mar-25,0.3%,0.3%,-0.6%,12:30,,,,18:00,,,,,,,,,,,,,,,,,,,,,,,,,,,,
,,14-Feb-25,-0.4%,0.3%,0.7%,13:30,,,,19:00,,,,,,,,,,,,,,,,,,,,,,,,,,,,
,,16-Jan-25,0.4%,0.5%,0.2%,13:30,,,,19:00,,,,,,,,,,,,,,,,,,,,,,,,,,,,
,,17-Dec-24,0.2%,0.4%,0.2%,13:30,,,,19:00,,,,,,,,,,,,,,,,,,,,,,,,,,,,
,1,Event,USD - Retail Sales (MoM) (May),,,Asset,Description,,,IST Time,MT5 server time,,,,,,,,,,,,,,,,,,,,,,,,,,,
,,Actual:,,,,C:USDJPY,"Retail Sales gauges the change in the aggregate value of sales at the retail level across the country. It is an important indicator of consumer spending accounting for the majority of overall economic activity.

A reading that is stronger than forecast is generally supportive (bullish) for the USD, while a weaker than forecast reading is generally negative (bearish) for the USD.

Learn More: USDJPY | EURUSD",,,,USD - Retail Sales (MoM) (May),,,,,,,,,,,,,,,,,,,,,,,,,,,
,,Forecast:,0.10%,,,USDJPY.sd,,,,,,,,,,,,,,,,,,,,,,,,,,,,,,,,
,,Previous:,0.10%,,,,,,,,,,,,,,,,,,,,,,,,,,,,,,,,,,,
,,Time (GMT):,12:30,,,,,,,18:00,15:30,,,,,,,,,,,,,,,,,,,,,,,,,,,
,,Release Date,Actual,Forecast,Previous,Time,,,,Time IST,,,,,,,,,,,,,,,,,,,,,,,,,,,,
,,15-May-25,0.1%,0.0%,1.7%,12:30,,,,18:00,,,,,,,,,,,,,,,,,,,,,,,,,,,,
,,16-Apr-25,1.4%,1.3%,0.2%,12:30,,,,18:00,,,,,,,,,,,,,,,,,,,,,,,,,,,,
,,17-Mar-25,0.2%,0.6%,-1.2%,12:30,,,,18:00,,,,,,,,,,,,,,,,,,,,,,,,,,,,
,,14-Feb-25,-0.9%,-0.2%,0.7%,13:30,,,,19:00,,,,,,,,,,,,,,,,,,,,,,,,,,,,
,,16-Jan-25,0.4%,0.6%,0.8%,13:30,,,,19:00,,,,,,,,,,,,,,,,,,,,,,,,,,,,
,,17-Dec-24,0.7%,0.6%,0.5%,13:30,,,,19:00,,,,,,,,,,,,,,,,,,,,,,,,,,,,
,1,Event,GBP - CPI (YoY) (May),,,Asset,Description,,,IST Time,MT5 server time,,,,,,,,,,,,,,,,,,,,,,,,,,,
,,Actual:,,,,C:GBPJPY,"The Consumer Price Index (CPI) measures the change in the prices of goods and services contained in a basket of consumer items. The Central bank pays very close attention to this figure in its role of maintaining price stability.

A reading that is stronger than forecast is generally supportive (bullish) for the GBP, while a weaker than forecast reading is generally negative (bearish) for the GBP.

Learn More: USDJPY | EURUSD",,,,GBP - CPI (YoY) (May),,,,,,,,,,,,,,,,,,,,,,,,,,,
,,Forecast:,,,,GBPJPY.sd,,,,,,,,,,,,,,,,,,,,,,,,,,,,,,,,
,,Previous:,3.50%,,,,,,,,,,,,,,,,,,,,,,,,,,,,,,,,,,,
,,Time (GMT):,6:00,,,,,,,11:30,9:00,,,,,,,,,,,,,,,,,,,,,,,,,,,
,,Release Date,Actual,Forecast,Previous,Time,,,,Time IST,,,,,,,,,,,,,,,,,,,,,,,,,,,,
,,21-May-25,3.50%,3.30%,2.60%,6:00,,,,11:30,,,,,,,,,,,,,,,,,,,,,,,,,,,,
,,16-Apr-25,2.60%,2.70%,2.80%,6:00,,,,11:30,,,,,,,,,,,,,,,,,,,,,,,,,,,,
,,26-Mar-25,2.80%,3.00%,3.00%,7:00,,,,12:30,,,,,,,,,,,,,,,,,,,,,,,,,,,,
,,19-Feb-25,3.00%,2.80%,2.50%,7:00,,,,12:30,,,,,,,,,,,,,,,,,,,,,,,,,,,,
,,15-Jan-25,2.50%,2.60%,2.60%,7:00,,,,12:30,,,,,,,,,,,,,,,,,,,,,,,,,,,,
,,18-Dec-24,2.60%,2.60%,2.30%,7:00,,,,12:30,,,,,,,,,,,,,,,,,,,,,,,,,,,,
,1,Event,EUR - CPI (YoY) (May),,,Asset,Description,,,IST Time,MT5 server time,,,,,,,,,,,,,,,,,,,,,,,,,,,
,,Actual:,,,,C:EURJPY,"
The Consumer Price Index (CPI) measures the change in the prices of goods and services contained in a basket of consumer items. The Central bank pays very close attention to this figure in its role of maintaining price stability.

A reading that is stronger than forecast is generally supportive (bullish) for the EUR, while a weaker than forecast reading is generally negative (bearish) for the EUR.

Learn More: USDJPY | EURUSD",,,,EUR - CPI (YoY) (May),,,,,,,,,,,,,,,,,,,,,,,,,,,
,,Forecast:,1.90%,,,EURJPY.sd,,,,,,,,,,,,,,,,,,,,,,,,,,,,,,,,
,,Previous:,1.90%,,,,,,,,,,,,,,,,,,,,,,,,,,,,,,,,,,,
,,Time (GMT):,9:00,,,,,,,14:30,12:00,,,,,,,,,,,,,,,,,,,,,,,,,,,
,,Release Date,Actual,Forecast,Previous,Time,,,,Time IST,,,,,,,,,,,,,,,,,,,,,,,,,,,,
,,02-Jun-25,1.9%,2.0%,2.2%,9:00,,,,14:30,,,,,,,,,,,,,,,,,,,,,,,,,,,,
,,19-May-25,2.2%,2.2%,2.2%,9:00,,,,14:30,,,,,,,,,,,,,,,,,,,,,,,,,,,,
,,02-May-25,2.2%,2.1%,2.2%,9:00,,,,14:30,,,,,,,,,,,,,,,,,,,,,,,,,,,,
,,16-Apr-25,2.2%,2.2%,2.3%,9:00,,,,14:30,,,,,,,,,,,,,,,,,,,,,,,,,,,,
,,01-Apr-25,2.2%,2.2%,2.3%,9:00,,,,14:30,,,,,,,,,,,,,,,,,,,,,,,,,,,,
,,18-Mar-25,2.3%,2.4%,2.5%,10:00,,,,15:30,,,,,,,,,,,,,,,,,,,,,,,,,,,,
,1,Event,USD - Initial Jobless Claims,,,Asset,Description,,,IST Time,MT5 server time,,,,,,,,,,,,,,,,,,,,,,,,,,,
,,Actual:,,,,C:USDJPY,"
Initial Jobless Claims measures the number of people who filed for unemployment insurance for the first time during the past week. This is the most timely U.S. economic data, but the market impact varies from week to week.
A reading that is higher than forecast is generally negative (bearish) for the USD, while a lower than forecast reading is generally supportive (bullish) for the USD.

Learn More: USDJPY | EURUSD",,,,USD - Initial Jobless Claims,,,,,,,,,,,,,,,,,,,,,,,,,,,
,,Forecast:,,,,USDJPY.sd,,,,,,,,,,,,,,,,,,,,,,,,,,,,,,,,
,,Previous:,248K,,,,,,,,,,,,,,,,,,,,,,,,,,,,,,,,,,,
,,Time (GMT):,12:30,,,,,,,18:00,15:30,,,,,,,,,,,,,,,,,,,,,,,,,,,
,,Release Date,Actual,Forecast,Previous,Time,,,,Time IST,,,,,,,,,,,,,,,,,,,,,,,,,,,,
,,12-Jun-25,248,242,248,12:30,,,,18:00,,,,,,,,,,,,,,,,,,,,,,,,,,,,
,,05-Jun-25,247,236,239,12:30,,,,18:00,,,,,,,,,,,,,,,,,,,,,,,,,,,,
,,29-May-25,240,229,226,12:30,,,,18:00,,,,,,,,,,,,,,,,,,,,,,,,,,,,
,,22-May-25,227,230,229,12:30,,,,18:00,,,,,,,,,,,,,,,,,,,,,,,,,,,,
,,15-May-25,229,229,229,12:30,,,,18:00,,,,,,,,,,,,,,,,,,,,,,,,,,,,
,,08-May-25,228,231,241,12:30,,,,18:00,,,,,,,,,,,,,,,,,,,,,,,,,,,,
,1,Event,USD - Crude Oil Inventories,,,Asset,Description,,,IST Time,MT5 server time,,,,,,,,,,,,,,,,,,,,,,,,,,,
,,Actual:,,,,USOILRoll,"
The Energy Information Administration's (EIA) Crude Oil Inventories measures the weekly change in the number of barrels of commercial crude oil held by US firms. The level of inventories influences the price of petroleum products, which can have an impact on inflation.

If the increase in crude inventories is more than expected, it implies weaker demand and is bearish for crude prices. The same can be said if a decline in inventories is less than expected.
If the increase in crude is less than expected, it implies greater demand and is bullish for crude prices. The same can be said if a decline in inventories is more than expected.

Learn More: USOILRoll",,,,USD - Crude Oil Inventories,,,,,,,,,,,,,,,,,,,,,,,,,,,
,,Forecast:,,,,USOILRoll,,,,,,,,,,,,,,,,,,,,,,,,,,,,,,,,
,,Previous:,-3.644M,,,,,,,,,,,,,,,,,,,,,,,,,,,,,,,,,,,
,,Time (GMT):,14:30,,,,,,,20:00,17:30,,,,,,,,,,,,,,,,,,,,,,,,,,,
,,Release Date,Actual,Forecast,Previous,Time,,,,Time IST,,,,,,,,,,,,,,,,,,,,,,,,,,,,
,,11-Jun-25,-3.644,-2.400,-4.304,17:30,,,,20:00,,,,,,,,,,,,,,,,,,,,,,,,,,,,
,,04-Jun-25,-4.304,-2.900,-2.795,17:30,,,,20:00,,,,,,,,,,,,,,,,,,,,,,,,,,,,
,,29-May-25,-2.795,1.000,1.328,19:00,,,,21:30,,,,,,,,,,,,,,,,,,,,,,,,,,,,
,,21-May-25,1.328,-0.900,3.454,17:30,,,,20:00,,,,,,,,,,,,,,,,,,,,,,,,,,,,
,,14-May-25,3.454,-2.000,-2.032,17:30,,,,20:00,,,,,,,,,,,,,,,,,,,,,,,,,,,,
,,07-May-25,-2.032,-1.700,-2.696,17:30,,,,20:00,,,,,,,,,,,,,,,,,,,,,,,,,,,,
,1,Event,USD - FOMC Economic Projections,,,Asset,Description,,,IST Time,MT5 server time,,,,,,,,,,,,,,,,,,,,,,,,,,,
,,Actual:,,,,C:USDJPY,"
This report includes the Federal Open Market Committee's (FOMC) projection for inflation and economic growth over the next 2 years. An important part of the report is the breakdown of individual FOMC members' interest rate forecasts.

Learn More: USOILRoll",,,,USD - FOMC Economic Projections,,,,,,,,,,,,,,,,,,,,,,,,,,,
,,Forecast:,,,,USDJPY.sd,,,,,,,,,,,,,,,,,,,,,,,,,,,,,,,,
,,Previous:,,,,,,,,,,,,,,,,,,,,,,,,,,,,,,,,,,,,
,,Time (GMT):,18:30,,,,,,,0.00%,21:30,,,,,,,,,,,,,,,,,,,,,,,,,,,
,,Release Date,Actual,Forecast,Previous,Time,,,,Time IST,,,,,,,,,,,,,,,,,,,,,,,,,,,,
,,19-Mar-25,,,,18:00,,,,23:30,,,,,,,,,,,,,,,,,,,,,,,,,,,,
,,18-Dec-24,,,,19:00,,,,0:30,,,,,,,,,,,,,,,,,,,,,,,,,,,,
,,18-Sep-24,,,,18:00,,,,23:30,,,,,,,,,,,,,,,,,,,,,,,,,,,,
,,12-Jun-24,,,,18:00,,,,23:30,,,,,,,,,,,,,,,,,,,,,,,,,,,,
,,20-Mar-24,,,,18:00,,,,23:30,,,,,,,,,,,,,,,,,,,,,,,,,,,,
,,13-Dec-23,,,,19:00,,,,0:30,,,,,,,,,,,,,,,,,,,,,,,,,,,,
,1,Event,USD - Fed Interest Rate Decision,,,Asset,Description,,,IST Time,MT5 server time,,,,,,,,,,,,,,,,,,,,,,,,,,,
,,Actual:,,,,C:USDJPY,"
Federal Open Market Committee (FOMC) members vote on where to set the target interest rate. Traders watch interest rate changes closely as relative short term interest rates are a primary factor in currency valuation.

A reading that is stronger than forecast is generally supportive (bullish) for the USD, while a weaker than forecast reading is generally negative (bearish) for the USD.


Learn More: USDJPY | EURUSD",,,,USD - Fed Interest Rate Decision,,,,,,,,,,,,,,,,,,,,,,,,,,,
,,Forecast:,,,,USDJPY.sd,,,,,,,,,,,,,,,,,,,,,,,,,,,,,,,,
,,Previous:,4.50%,,,,,,,,,,,,,,,,,,,,,,,,,,,,,,,,,,,
,,Time (GMT):,18:00,,,,,,,23:30,21:00,,,,,,,,,,,,,,,,,,,,,,,,,,,
,,Release Date,Actual,Forecast,Previous,Time,,,,Time IST,,,,,,,,,,,,,,,,,,,,,,,,,,,,
,,19-Mar-25,4.50%,4.50%,4.50%,18:00,,,,23:30,,,,,,,,,,,,,,,,,,,,,,,,,,,,
,,29-Jan-25,4.50%,4.50%,4.50%,19:00,,,,0:30,,,,,,,,,,,,,,,,,,,,,,,,,,,,
,,18-Dec-24,4.50%,4.50%,4.75%,19:00,,,,0:30,,,,,,,,,,,,,,,,,,,,,,,,,,,,
,,07-Nov-24,4.75%,4.75%,5.00%,19:00,,,,0:30,,,,,,,,,,,,,,,,,,,,,,,,,,,,
,,18-Sep-24,5.00%,5.25%,5.50%,18:00,,,,23:30,,,,,,,,,,,,,,,,,,,,,,,,,,,,
,,31-Jul-24,5.50%,5.50%,5.50%,18:00,,,,23:30,,,,,,,,,,,,,,,,,,,,,,,,,,,,
,1,Event,Brazil - Corpus Christi Day,,,Asset,Description,,,IST Time,MT5 server time,,,,,,,,,,,,,,,,,,,,,,,,,,,
,,Actual:,,,,C:USDJPY,[],,,,Brazil - Corpus Christi Day,,,,,,,,,,,,,,,,,,,,,,,,,,,
,,Forecast:,,,,USDJPY.sd,,,,,,,,,,,,,,,,,,,,,,,,,,,,,,,,
,,Previous:,0.00%,,,,,,,,,,,,,,,,,,,,,,,,,,,,,,,,,,,
,,Time (GMT):,#VALUE!,,,,,,,All Day,#VALUE!,,,,,,,,,,,,,,,,,,,,,,,,,,,
,,Release Date,Actual,Forecast,Previous,Time,,,,Time IST,,,,,,,,,,,,,,,,,,,,,,,,,,,,
,,19-May-25,,2.20%,2.20%,9:00,,,,14:30,,,,,,,,,,,,,,,,,,,,,,,,,,,,
,,02-May-25,2.20%,2.10%,2.20%,9:00,,,,14:30,,,,,,,,,,,,,,,,,,,,,,,,,,,,
,,16-Apr-25,2.20%,2.20%,2.30%,9:00,,,,14:30,,,,,,,,,,,,,,,,,,,,,,,,,,,,
,,01-Apr-25,2.20%,2.20%,2.30%,9:00,,,,14:30,,,,,,,,,,,,,,,,,,,,,,,,,,,,
,,19-Mar-25,2.30%,2.40%,2.50%,10:00,,,,15:30,,,,,,,,,,,,,,,,,,,,,,,,,,,,
,,03-Mar-25,2.40%,2.30%,2.50%,10:00,,,,15:30,,,,,,,,,,,,,,,,,,,,,,,,,,,,
,1,Event,USD - Juneteenth,,,Asset,Description,,,IST Time,MT5 server time,,,,,,,,,,,,,,,,,,,,,,,,,,,
,,Actual:,,,,C:CADJPY,[],,,,USD - Juneteenth,,,,,,,,,,,,,,,,,,,,,,,,,,,
,,Forecast:,,,,CADJPY.sd,,,,,,,,,,,,,,,,,,,,,,,,,,,,,,,,
,,Previous:,,,,,,,,,,,,,,,,,,,,,,,,,,,,,,,,,,,,
,,Time (GMT):,#VALUE!,,,,,,,All Day,#VALUE!,,,,,,,,,,,,,,,,,,,,,,,,,,,
,,Release Date,Actual,Forecast,Previous,Time,,,,Time IST,,,,,,,,,,,,,,,,,,,,,,,,,,,,
,,29-Apr-25,,7.490,7.480,14:00,,,,19:30,,,,,,,,,,,,,,,,,,,,,,,,,,,,
,,01-Apr-25,7.568,7.690,7.762,14:00,,,,19:30,,,,,,,,,,,,,,,,,,,,,,,,,,,,
,,11-Mar-25,7.740,7.650,7.508,14:00,,,,19:30,,,,,,,,,,,,,,,,,,,,,,,,,,,,
,,04-Feb-25,7.600,8.010,8.156,15:00,,,,20:30,,,,,,,,,,,,,,,,,,,,,,,,,,,,
,,07-Jan-25,8.098,7.730,7.839,15:00,,,,20:30,,,,,,,,,,,,,,,,,,,,,,,,,,,,
,,03-Dec-24,7.744,7.510,7.372,15:00,,,,20:30,,,,,,,,,,,,,,,,,,,,,,,,,,,,
,1,Event,USD - FOMC Press Conference,,,Asset,Description,,,IST Time,MT5 server time,,,,,,,,,,,,,,,,,,,,,,,,,,,
,,Actual:,,,,C:USDJPY,"Swiss National Bank (SNB) governing board members come to a consensus on where to set the target range for the rate. Traders watch interest rate changes closely as short term interest rates are the primary factor in currency valuation.

A reading that is stronger than forecast is generally supportive (bullish) for the CHF, while a weaker than forecast reading is generally negative (bearish) for the CHF.

Learn More: CHFJPY | USDCHF",,,,USD - FOMC Press Conference,,,,,,,,,,,,,,,,,,,,,,,,,,,
,,Forecast:,,,,USDJPY.sd,,,,,,,,,,,,,,,,,,,,,,,,,,,,,,,,
,,Previous:,,,,,,,,,,,,,,,,,,,,,,,,,,,,,,,,,,,,
,,Time (GMT):,18:30,,,,,,,0:00,21:30,,,,,,,,,,,,,,,,,,,,,,,,,,,
,,Release Date,Actual,Forecast,Previous,Time,,,,Time IST,,,,,,,,,,,,,,,,,,,,,,,,,,,,
,,07-May-25,,,,18:30,,,,0:00,,,,,,,,,,,,,,,,,,,,,,,,,,,,
,,19-Mar-25,,,,18:30,,,,0:00,,,,,,,,,,,,,,,,,,,,,,,,,,,,
,,29-Jan-25,,,,19:30,,,,1:00,,,,,,,,,,,,,,,,,,,,,,,,,,,,
,,18-Dec-24,,,,19:30,,,,1:00,,,,,,,,,,,,,,,,,,,,,,,,,,,,
,,07-Nov-24,,,,19:30,,,,1:00,,,,,,,,,,,,,,,,,,,,,,,,,,,,
,,18-Sep-24,,,,18:30,,,,0:00,,,,,,,,,,,,,,,,,,,,,,,,,,,,
,1,Event,CHF - SNB Interest Rate Decision (Q2),,,Asset,Description,,,IST Time,MT5 server time,,,,,,,,,,,,,,,,,,,,,,,,,,,
,,Actual:,,,,C: CHFJPY,"Swiss National Bank (SNB) governing board members come to a consensus on where to set the target range for the rate. Traders watch interest rate changes closely as short term interest rates are the primary factor in currency valuation.

A reading that is stronger than forecast is generally supportive (bullish) for the CHF, while a weaker than forecast reading is generally negative (bearish) for the CHF.

Learn More: CHFJPY | USDCHF",,,,CHF - SNB Interest Rate Decision (Q2),,,,,,,,,,,,,,,,,,,,,,,,,,,
,,Forecast:,,,,CHFJPY.sd,,,,,,,,,,,,,,,,,,,,,,,,,,,,,,,,
,,Previous:,0.25%,,,,,,,,,,,,,,,,,,,,,,,,,,,,,,,,,,,
,,Time (GMT):,7:30,,,,,,,13:00,10:30,,,,,,,,,,,,,,,,,,,,,,,,,,,
,,Release Date,Actual,Forecast,Previous,Time,,,,Time IST,,,,,,,,,,,,,,,,,,,,,,,,,,,,
,,12-Dec-24,0.50%,0.75%,1.00%,8:30,,,,14:00,,,,,,,,,,,,,,,,,,,,,,,,,,,,
,,26-Sep-24,1.00%,1.00%,1.25%,7:30,,,,13:00,,,,,,,,,,,,,,,,,,,,,,,,,,,,
,,20-Jun-24,1.25%,1.50%,1.50%,7:30,,,,13:00,,,,,,,,,,,,,,,,,,,,,,,,,,,,
,,21-Mar-24,1.50%,1.75%,1.75%,8:30,,,,14:00,,,,,,,,,,,,,,,,,,,,,,,,,,,,
,,14-Dec-23,1.75%,1.75%,1.75%,8:30,,,,14:00,,,,,,,,,,,,,,,,,,,,,,,,,,,,
,,21-Sep-23,1.75%,2.00%,1.75%,7:30,,,,13:00,,,,,,,,,,,,,,,,,,,,,,,,,,,,
,1,Event,GBP - BoE Interest Rate Decision (Jun),,,Asset,Description,,,IST Time,MT5 server time,,,,,,,,,,,,,,,,,,,,,,,,,,,
,,Actual:,,,,C: GBPJPY,"
Bank of England (BOE) monetary policy committee members vote on where to set the Bank Rate. Traders watch interest rate changes closely because short term interest rates are the primary factor in currency valuation.

A reading that is stronger than forecast is generally supportive (bullish) for the GBP, while a weaker than forecast reading is generally negative (bearish) for the GBP.

Learn More: GBPJPY | GBPUSD",,,,GBP - BoE Interest Rate Decision (Jun),,,,,,,,,,,,,,,,,,,,,,,,,,,
,,Forecast:,,,,GBPJPY.sd,,,,,,,,,,,,,,,,,,,,,,,,,,,,,,,,
,,Previous:,4.25%,,,,,,,,,,,,,,,,,,,,,,,,,,,,,,,,,,,
,,Time (GMT):,11:00,,,,,,,16:30,14:00,,,,,,,,,,,,,,,,,,,,,,,,,,,
,,Release Date,Actual,Forecast,Previous,Time,,,,Time IST,,,,,,,,,,,,,,,,,,,,,,,,,,,,
,,08-May-25,4.25%,4.25%,4.50%,11:02,,,,16:32,,,,,,,,,,,,,,,,,,,,,,,,,,,,
,,20-Mar-25,4.50%,4.50%,4.50%,12:00,,,,17:30,,,,,,,,,,,,,,,,,,,,,,,,,,,,
,,06-Feb-25,4.50%,4.50%,4.75%,12:00,,,,17:30,,,,,,,,,,,,,,,,,,,,,,,,,,,,
,,19-Dec-24,4.75%,4.75%,4.75%,12:00,,,,17:30,,,,,,,,,,,,,,,,,,,,,,,,,,,,
,,07-Nov-24,4.75%,4.75%,5.00%,12:00,,,,17:30,,,,,,,,,,,,,,,,,,,,,,,,,,,,
,,19-Sep-24,5.00%,5.00%,5.00%,11:00,,,,16:30,,,,,,,,,,,,,,,,,,,,,,,,,,,,
,1,Event,USD - Initial Jobless Claims,,,Asset,Description,,,IST Time,MT5 server time,,,,,,,,,,,,,,,,,,,,,,,,,,,
,,Actual:,,,,C:USDJPY,"
Initial Jobless Claims measures the number of people who filed for unemployment insurance for the first time during the past week. This is the most timely U.S. economic data, but the market impact varies from week to week.
A reading that is higher than forecast is generally negative (bearish) for the USD, while a lower than forecast reading is generally supportive (bullish) for the USD.

Learn More: USDJPY | EURUSD",,,,USD - Initial Jobless Claims,,,,,,,,,,,,,,,,,,,,,,,,,,,
,,Forecast:,,,,USDJPY.sd,,,,,,,,,,,,,,,,,,,,,,,,,,,,,,,,
,,Previous:,248K,,,,,,,,,,,,,,,,,,,,,,,,,,,,,,,,,,,
,,Time (GMT):,12:30,,,,,,,18:00,15:30,,,,,,,,,,,,,,,,,,,,,,,,,,,
,,Release Date,Actual,Forecast,Previous,Time,,,,Time IST,,,,,,,,,,,,,,,,,,,,,,,,,,,,
,,12-Jun-25,248,242,248,12:30,,,,18:00,,,,,,,,,,,,,,,,,,,,,,,,,,,,
,,05-Jun-25,247,236,239,12:30,,,,18:00,,,,,,,,,,,,,,,,,,,,,,,,,,,,
,,29-May-25,240,229,226,12:30,,,,18:00,,,,,,,,,,,,,,,,,,,,,,,,,,,,
,,22-May-25,227,230,229,12:30,,,,18:00,,,,,,,,,,,,,,,,,,,,,,,,,,,,
,,15-May-25,229,229,229,12:30,,,,18:00,,,,,,,,,,,,,,,,,,,,,,,,,,,,
,,08-May-25,228,231,241,12:30,,,,18:00,,,,,,,,,,,,,,,,,,,,,,,,,,,,
,1,Event,NZD - New Year's Day,,,Asset,Description,,,IST Time,MT5 server time,,,,,,,,,,,,,,,,,,,,,,,,,,,
,,Actual:,,,,C:EURJPY,"
Initial Jobless Claims measures the number of people who filed for unemployment insurance for the first time during the past week. This is the most timely U.S. economic data, but the market impact varies from week to week.
A reading that is higher than forecast is generally negative (bearish) for the USD, while a lower than forecast reading is generally supportive (bullish) for the USD.

Learn More: USDJPY | EURUSD",,,,NZD - New Year's Day,,,,,,,,,,,,,,,,,,,,,,,,,,,
,,Forecast:,,,,EURJPY.sd,,,,,,,,,,,,,,,,,,,,,,,,,,,,,,,,
,,Previous:, -   ,,,,,,,,,,,,,,,,,,,,,,,,,,,,,,,,,,,
,,Time (GMT):,#VALUE!,,,,,,,All Day,#VALUE!,,,,,,,,,,,,,,,,,,,,,,,,,,,
,,Release Date,Actual,Forecast,Previous,Time,,,,Time IST,,,,,,,,,,,,,,,,,,,,,,,,,,,,
,,05-May-25,51.6,50.2,50.8,14:00,,,,19:30,,,,,,,,,,,,,,,,,,,,,,,,,,,,
,,03-Apr-25,50.8,53,53.5,14:00,,,,19:30,,,,,,,,,,,,,,,,,,,,,,,,,,,,
,,05-Mar-25,53.5,52.5,52.8,15:00,,,,20:30,,,,,,,,,,,,,,,,,,,,,,,,,,,,
,,05-Feb-25,52.8,54.2,54,15:00,,,,20:30,,,,,,,,,,,,,,,,,,,,,,,,,,,,
,,07-Jan-25,54.1,53.5,52.1,15:00,,,,20:30,,,,,,,,,,,,,,,,,,,,,,,,,,,,
,,04-Dec-24,52.1,55.5,56,15:00,,,,20:30,,,,,,,,,,,,,,,,,,,,,,,,,,,,
,1,Event,USD - Philadelphia Fed Manufacturing Index (Jun),,,Asset,Description,,,IST Time,MT5 server time,,,,,,,,,,,,,,,,,,,,,,,,,,,
,,Actual:,,,,C:USDJPY,"The Philadelphia Federal Reserve Manufacturing Index measures the relative level of business conditions amongst manufacturers in the Federal reserve district. A level above zero on the index indicates improving conditions; below indicates worsening conditions. The data is compiled from a survey of about 250 manufacturers in the Philadelphia Federal Reserve district.

A reading that is stronger than forecast is generally supportive (bullish) for the USD, while a weaker than forecast reading is generally negative (bearish) for the USD.

Learn More: USDJPY | EURUSD",,,,USD - Philadelphia Fed Manufacturing Index (Jun),,,,,,,,,,,,,,,,,,,,,,,,,,,
,,Forecast:,,,,USDJPY.sd,,,,,,,,,,,,,,,,,,,,,,,,,,,,,,,,
,,Previous:, (4.00),,,,,,,,,,,,,,,,,,,,,,,,,,,,,,,,,,,
,,Time (GMT):,12:30,,,,,,,18:00,15:30,,,,,,,,,,,,,,,,,,,,,,,,,,,
,,Release Date,Actual,Forecast,Previous,Time,,,,Time IST,,,,,,,,,,,,,,,,,,,,,,,,,,,,
,,15-May-25, (4.00), (11.30), (26.40),12:30,,,,18:00,,,,,,,,,,,,,,,,,,,,,,,,,,,,
,,17-Apr-25, (26.40), 2.20 , 12.50 ,12:30,,,,18:00,,,,,,,,,,,,,,,,,,,,,,,,,,,,
,,20-Mar-25, 12.50 , 8.80 , 18.10 ,12:30,,,,18:00,,,,,,,,,,,,,,,,,,,,,,,,,,,,
,,20-Feb-25, 18.10 , 19.40 , 44.30 ,13:30,,,,19:00,,,,,,,,,,,,,,,,,,,,,,,,,,,,
,,16-Jan-25, 44.30 , (5.00), (10.90),13:30,,,,19:00,,,,,,,,,,,,,,,,,,,,,,,,,,,,
,,19-Dec-24, (16.40), 2.90 , (5.50),13:30,,,,19:00,,,,,,,,,,,,,,,,,,,,,,,,,,,,
x,x,Event,USD - Manufacturing PMI (Jun),0,0,Asset,Description,,,IST Time,,,,,,,,,,,,,,,,,,,,,,,,,,,,
,,Actual:,,,,C:USDJPY,,,,,,,,,,,,,,,,,,,,,,,,,,,,,,,,
,,Forecast:,,,,USDJPY.sd,,,,,,,,,,,,,,,,,,,,,,,,,,,,,,,,
,,Previous:, 52.00 , -   , -   ,,,,,,,,,,,,,,,,,,,,,,,,,,,,,,,,,
,,Time (GMT):,13:45,0:00,0:00,,,,,,,,,,,,,,,,,,,,,,,,,,,,,,,,,
,,Release Date,Actual,Forecast,Previous,Time,,,,Time IST,,,,,,,,,,,,,,,,,,,,,,,,,,,,
,,00-Jan-00, -   , -   , -   ,#REF!,,,,#REF!,,,,,,,,,,,,,,,,,,,,,,,,,,,,
,,00-Jan-00, -   , -   , -   ,#REF!,,,,#REF!,,,,,,,,,,,,,,,,,,,,,,,,,,,,
,,00-Jan-00, -   , -   , -   ,#REF!,,,,#REF!,,,,,,,,,,,,,,,,,,,,,,,,,,,,
,,00-Jan-00, -   , -   , -   ,#REF!,,,,#REF!,,,,,,,,,,,,,,,,,,,,,,,,,,,,
,,00-Jan-00, -   , -   , -   ,#REF!,,,,#REF!,,,,,,,,,,,,,,,,,,,,,,,,,,,,
,,00-Jan-00, -   , -   , -   ,#REF!,,,,#REF!,,,,,,,,,,,,,,,,,,,,,,,,,,,,
,1,Event,USD - Services PMI (Jun),0,0,Asset,Description,,,IST Time,,,,,,,,,,,,,,,,,,,,,,,,,,,,
,,Actual:,,,,C:USDJPY,,,,,,,,,,,,,,,,,,,,,,,,,,,,,,,,
,,Forecast:,,,,USDJPY.sd,,,,,,,,,,,,,,,,,,,,,,,,,,,,,,,,
,,Previous:, 53.70 , -   , -   ,,,,,,,,,,,,,,,,,,,,,,,,,,,,,,,,,
,,Time (GMT):,14:00,0:00,0:00,,,,,,,,,,,,,,,,,,,,,,,,,,,,,,,,,
,,Release Date,Actual,Forecast,Previous,Time,,,,Time IST,,,,,,,,,,,,,,,,,,,,,,,,,,,,
,,00-Jan-00, -   , -   , -   ,#REF!,,,,#REF!,,,,,,,,,,,,,,,,,,,,,,,,,,,,
,,00-Jan-00, -   , -   , -   ,#REF!,,,,#REF!,,,,,,,,,,,,,,,,,,,,,,,,,,,,
,,00-Jan-00, -   , -   , -   ,#REF!,,,,#REF!,,,,,,,,,,,,,,,,,,,,,,,,,,,,
,,00-Jan-00, -   , -   , -   ,#REF!,,,,#REF!,,,,,,,,,,,,,,,,,,,,,,,,,,,,
,,00-Jan-00, -   , -   , -   ,#REF!,,,,#REF!,,,,,,,,,,,,,,,,,,,,,,,,,,,,
,,00-Jan-00, -   , -   , -   ,#REF!,,,,#REF!,,,,,,,,,,,,,,,,,,,,,,,,,,,,
,1,Event,USD - Existing Home Sales (May),0,0,Asset,Description,,,IST Time,,,,,,,,,,,,,,,,,,,,,,,,,,,,
,,Actual:,,,,C:USDJPY,,,,,,,,,,,,,,,,,,,,,,,,,,,,,,,,
,,Forecast:,,,,USDJPY.sd,,,,,,,,,,,,,,,,,,,,,,,,,,,,,,,,
,,Previous:, 4.00M , -   , -   ,,,,,,,,,,,,,,,,,,,,,,,,,,,,,,,,,
,,Time (GMT):,14:00,0:00,0:00,,,,,,,,,,,,,,,,,,,,,,,,,,,,,,,,,
,,Release Date,Actual,Forecast,Previous,Time,,,,Time IST,,,,,,,,,,,,,,,,,,,,,,,,,,,,
,,00-Jan-00,#REF!,#REF!,#REF!,#REF!,,,,#REF!,,,,,,,,,,,,,,,,,,,,,,,,,,,,
,,00-Jan-00,#REF!,#REF!,#REF!,#REF!,,,,#REF!,,,,,,,,,,,,,,,,,,,,,,,,,,,,
,,00-Jan-00,#REF!,#REF!,#REF!,#REF!,,,,#REF!,,,,,,,,,,,,,,,,,,,,,,,,,,,,
,,00-Jan-00,#REF!,#REF!,#REF!,#REF!,,,,#REF!,,,,,,,,,,,,,,,,,,,,,,,,,,,,
,,00-Jan-00,#REF!,#REF!,#REF!,#REF!,,,,#REF!,,,,,,,,,,,,,,,,,,,,,,,,,,,,
,,00-Jan-00,#REF!,#REF!,#REF!,#REF!,,,,#REF!,,,,,,,,,,,,,,,,,,,,,,,,,,,,
,1,Event,USD CB Consumer Confidence (Jun),0,0,Asset,Description,,,IST Time,,,,,,,,,,,,,,,,,,,,,,,,,,,,
,,Actual:,,,,C:USDJPY,,,,,,,,,,,,,,,,,,,,,,,,,,,,,,,,
,,Forecast:,,,,USDJPY.sd,,,,,,,,,,,,,,,,,,,,,,,,,,,,,,,,
,,Previous:, 98.40 , -   , -   ,,,,,,,,,,,,,,,,,,,,,,,,,,,,,,,,,
,,Time (GMT):,13:30,0:00,0:00,,,,,,,,,,,,,,,,,,,,,,,,,,,,,,,,,
,,Release Date,Actual,Forecast,Previous,Time,,,,Time IST,,,,,,,,,,,,,,,,,,,,,,,,,,,,
,,00-Jan-00, -   , -   , -   ,#REF!,,,,#REF!,,,,,,,,,,,,,,,,,,,,,,,,,,,,
,,00-Jan-00, -   , -   , -   ,#REF!,,,,#REF!,,,,,,,,,,,,,,,,,,,,,,,,,,,,
,,00-Jan-00, -   , -   , -   ,#REF!,,,,#REF!,,,,,,,,,,,,,,,,,,,,,,,,,,,,
,,00-Jan-00, -   , -   , -   ,#REF!,,,,#REF!,,,,,,,,,,,,,,,,,,,,,,,,,,,,
,,00-Jan-00, -   , -   , -   ,#REF!,,,,#REF!,,,,,,,,,,,,,,,,,,,,,,,,,,,,
,,00-Jan-00, -   , -   , -   ,#REF!,,,,#REF!,,,,,,,,,,,,,,,,,,,,,,,,,,,,
,1,Event,USD Fed Chair Powell Speaks,0,0,Asset,Description,,,IST Time,,,,,,,,,,,,,,,,,,,,,,,,,,,,
,,Actual:,,,,C:USDJPY,,,,,,,,,,,,,,,,,,,,,,,,,,,,,,,,
,,Forecast:,,,,USDJPY.sd,,,,,,,,,,,,,,,,,,,,,,,,,,,,,,,,
,,Previous:, -   , -   , -   ,,,,,,,,,,,,,,,,,,,,,,,,,,,,,,,,,
,,Time (GMT):,14:00,0:00,0:00,,,,,,,,,,,,,,,,,,,,,,,,,,,,,,,,,
,,Release Date,Actual,Forecast,Previous,Time,,,,Time IST,,,,,,,,,,,,,,,,,,,,,,,,,,,,
,,00-Jan-00, -   , -   , -   ,#REF!,,,,#REF!,,,,,,,,,,,,,,,,,,,,,,,,,,,,
,,00-Jan-00, -   , -   , -   ,#REF!,,,,#REF!,,,,,,,,,,,,,,,,,,,,,,,,,,,,
,,00-Jan-00, -   , -   , -   ,#REF!,,,,#REF!,,,,,,,,,,,,,,,,,,,,,,,,,,,,
,,00-Jan-00, -   , -   , -   ,#REF!,,,,#REF!,,,,,,,,,,,,,,,,,,,,,,,,,,,,
,,00-Jan-00, -   , -   , -   ,#REF!,,,,#REF!,,,,,,,,,,,,,,,,,,,,,,,,,,,,
,,00-Jan-00, -   , -   , -   ,#REF!,,,,#REF!,,,,,,,,,,,,,,,,,,,,,,,,,,,,
,1,Event,USD Fed Chair Powell Speaks,0,0,Asset,Description,,,IST Time,,,,,,,,,,,,,,,,,,,,,,,,,,,,
,,Actual:,,,,C:USDJPY,,,,,,,,,,,,,,,,,,,,,,,,,,,,,,,,
,,Forecast:,,,,USDJPY.sd,,,,,,,,,,,,,,,,,,,,,,,,,,,,,,,,
,,Previous:, -   , -   , -   ,,,,,,,,,,,,,,,,,,,,,,,,,,,,,,,,,
,,Time (GMT):,14:00,0:00,0:00,,,,,,,,,,,,,,,,,,,,,,,,,,,,,,,,,
,,Release Date,Actual,Forecast,Previous,Time,,,,Time IST,,,,,,,,,,,,,,,,,,,,,,,,,,,,
,,00-Jan-00, -   , -   , -   ,#REF!,,,,#REF!,,,,,,,,,,,,,,,,,,,,,,,,,,,,
,,00-Jan-00, -   , -   , -   ,#REF!,,,,#REF!,,,,,,,,,,,,,,,,,,,,,,,,,,,,
,,00-Jan-00, -   , -   , -   ,#REF!,,,,#REF!,,,,,,,,,,,,,,,,,,,,,,,,,,,,
,,00-Jan-00, -   , -   , -   ,#REF!,,,,#REF!,,,,,,,,,,,,,,,,,,,,,,,,,,,,
,,00-Jan-00, -   , -   , -   ,#REF!,,,,#REF!,,,,,,,,,,,,,,,,,,,,,,,,,,,,
,,00-Jan-00, -   , -   , -   ,#REF!,,,,#REF!,,,,,,,,,,,,,,,,,,,,,,,,,,,,
,1,Event,USD New Home Sales (May),0,0,Asset,Description,,,IST Time,,,,,,,,,,,,,,,,,,,,,,,,,,,,
,,Actual:,,,,C:USDJPY,,,,,,,,,,,,,,,,,,,,,,,,,,,,,,,,
,,Forecast:,,,,USDJPY.sd,,,,,,,,,,,,,,,,,,,,,,,,,,,,,,,,
,,Previous:, 722K , -   , -   ,,,,,,,,,,,,,,,,,,,,,,,,,,,,,,,,,
,,Time (GMT):,14:00,0:00,0:00,,,,,,,,,,,,,,,,,,,,,,,,,,,,,,,,,
,,Release Date,Actual,Forecast,Previous,Time,,,,Time IST,,,,,,,,,,,,,,,,,,,,,,,,,,,,
,,00-Jan-00,#REF!,#REF!,#REF!,#REF!,,,,#REF!,,,,,,,,,,,,,,,,,,,,,,,,,,,,
,,00-Jan-00,#REF!,#REF!,#REF!,#REF!,,,,#REF!,,,,,,,,,,,,,,,,,,,,,,,,,,,,
,,00-Jan-00,#REF!,#REF!,#REF!,#REF!,,,,#REF!,,,,,,,,,,,,,,,,,,,,,,,,,,,,
,,00-Jan-00,#REF!,#REF!,#REF!,#REF!,,,,#REF!,,,,,,,,,,,,,,,,,,,,,,,,,,,,
,,00-Jan-00,#REF!,#REF!,#REF!,#REF!,,,,#REF!,,,,,,,,,,,,,,,,,,,,,,,,,,,,
,,00-Jan-00,#REF!,#REF!,#REF!,#REF!,,,,#REF!,,,,,,,,,,,,,,,,,,,,,,,,,,,,
,1,Event,USD Crude Oil Inventories,0,0,Asset,Description,,,IST Time,,,,,,,,,,,,,,,,,,,,,,,,,,,,
,,Actual:,,,,C:USDJPY,,,,,,,,,,,,,,,,,,,,,,,,,,,,,,,,
,,Forecast:,,,,USDJPY.sd,,,,,,,,,,,,,,,,,,,,,,,,,,,,,,,,
,,Previous:, -   , -   , -   ,,,,,,,,,,,,,,,,,,,,,,,,,,,,,,,,,
,,Time (GMT):,14:30,0:00,0:00,,,,,,,,,,,,,,,,,,,,,,,,,,,,,,,,,
,,Release Date,Actual,Forecast,Previous,Time,,,,Time IST,,,,,,,,,,,,,,,,,,,,,,,,,,,,
,,00-Jan-00,#REF!,#REF!,#REF!,#REF!,,,,#REF!,,,,,,,,,,,,,,,,,,,,,,,,,,,,
,,00-Jan-00,#REF!,#REF!,#REF!,#REF!,,,,#REF!,,,,,,,,,,,,,,,,,,,,,,,,,,,,
,,00-Jan-00,#REF!,#REF!,#REF!,#REF!,,,,#REF!,,,,,,,,,,,,,,,,,,,,,,,,,,,,
,,00-Jan-00,#REF!,#REF!,#REF!,#REF!,,,,#REF!,,,,,,,,,,,,,,,,,,,,,,,,,,,,
,,00-Jan-00,#REF!,#REF!,#REF!,#REF!,,,,#REF!,,,,,,,,,,,,,,,,,,,,,,,,,,,,
,,00-Jan-00,#REF!,#REF!,#REF!,#REF!,,,,#REF!,,,,,,,,,,,,,,,,,,,,,,,,,,,,
,1,Event,USD Durable Goods Orders (May),0,0,Asset,Description,,,IST Time,,,,,,,,,,,,,,,,,,,,,,,,,,,,
,,Actual:,,,,C:USDJPY,,,,,,,,,,,,,,,,,,,,,,,,,,,,,,,,
,,Forecast:,,,,USDJPY.sd,,,,,,,,,,,,,,,,,,,,,,,,,,,,,,,,
,,Previous:, (0.07), -   , -   ,,,,,,,,,,,,,,,,,,,,,,,,,,,,,,,,,
,,Time (GMT):,12:30,0:00,0:00,,,,,,,,,,,,,,,,,,,,,,,,,,,,,,,,,
,,Release Date,Actual,Forecast,Previous,Time,,,,Time IST,,,,,,,,,,,,,,,,,,,,,,,,,,,,
,,00-Jan-00, -   ,#REF!,#REF!,#REF!,,,,#REF!,,,,,,,,,,,,,,,,,,,,,,,,,,,,
,,00-Jan-00, -   ,#REF!,#REF!,#REF!,,,,#REF!,,,,,,,,,,,,,,,,,,,,,,,,,,,,
,,00-Jan-00, -   ,#REF!,#REF!,#REF!,,,,#REF!,,,,,,,,,,,,,,,,,,,,,,,,,,,,
,,00-Jan-00, -   ,#REF!,#REF!,#REF!,,,,#REF!,,,,,,,,,,,,,,,,,,,,,,,,,,,,
,,00-Jan-00, -   ,#REF!,#REF!,#REF!,,,,#REF!,,,,,,,,,,,,,,,,,,,,,,,,,,,,
,,00-Jan-00, -   ,#REF!,#REF!,#REF!,,,,#REF!,,,,,,,,,,,,,,,,,,,,,,,,,,,,
,1,Event,USD GDP (QoQ) (Q1),0,0,Asset,Description,,,IST Time,,,,,,,,,,,,,,,,,,,,,,,,,,,,
,,Actual:,,,,C:USDJPY,,,,,,,,,,,,,,,,,,,,,,,,,,,,,,,,
,,Forecast:,,,,USDJPY.sd,,,,,,,,,,,,,,,,,,,,,,,,,,,,,,,,
,,Previous:, 0.02 , -   , -   ,,,,,,,,,,,,,,,,,,,,,,,,,,,,,,,,,
,,Time (GMT):,12:30,0:00,0:00,,,,,,,,,,,,,,,,,,,,,,,,,,,,,,,,,
,,Release Date,Actual,Forecast,Previous,Time,,,,Time IST,,,,,,,,,,,,,,,,,,,,,,,,,,,,
,,00-Jan-00, -   , -   , -   ,#REF!,,,,#REF!,,,,,,,,,,,,,,,,,,,,,,,,,,,,
,,00-Jan-00, -   , -   , -   ,#REF!,,,,#REF!,,,,,,,,,,,,,,,,,,,,,,,,,,,,
,,00-Jan-00, -   , -   , -   ,#REF!,,,,#REF!,,,,,,,,,,,,,,,,,,,,,,,,,,,,
,,00-Jan-00, -   , -   , -   ,#REF!,,,,#REF!,,,,,,,,,,,,,,,,,,,,,,,,,,,,
,,00-Jan-00, -   , -   , -   ,#REF!,,,,#REF!,,,,,,,,,,,,,,,,,,,,,,,,,,,,
,,00-Jan-00, -   , -   , -   ,#REF!,,,,#REF!,,,,,,,,,,,,,,,,,,,,,,,,,,,,
,1,Event,USD Initial Jobless Claims,0,0,Asset,Description,,,IST Time,,,,,,,,,,,,,,,,,,,,,,,,,,,,
,,Actual:,,,,C:USDJPY,,,,,,,,,,,,,,,,,,,,,,,,,,,,,,,,
,,Forecast:,,,,USDJPY.sd,,,,,,,,,,,,,,,,,,,,,,,,,,,,,,,,
,,Previous:, 246K , -   , -   ,,,,,,,,,,,,,,,,,,,,,,,,,,,,,,,,,
,,Time (GMT):,12:30,0:00,0:00,,,,,,,,,,,,,,,,,,,,,,,,,,,,,,,,,
,,Release Date,Actual,Forecast,Previous,Time,,,,Time IST,,,,,,,,,,,,,,,,,,,,,,,,,,,,
,,00-Jan-00,#REF!,#REF!,#REF!,#REF!,,,,#REF!,,,,,,,,,,,,,,,,,,,,,,,,,,,,
,,00-Jan-00,#REF!,#REF!,#REF!,#REF!,,,,#REF!,,,,,,,,,,,,,,,,,,,,,,,,,,,,
,,00-Jan-00,#REF!,#REF!,#REF!,#REF!,,,,#REF!,,,,,,,,,,,,,,,,,,,,,,,,,,,,
,,00-Jan-00,#REF!,#REF!,#REF!,#REF!,,,,#REF!,,,,,,,,,,,,,,,,,,,,,,,,,,,,
,,00-Jan-00,#REF!,#REF!,#REF!,#REF!,,,,#REF!,,,,,,,,,,,,,,,,,,,,,,,,,,,,
,,00-Jan-00,#REF!,#REF!,#REF!,#REF!,,,,#REF!,,,,,,,,,,,,,,,,,,,,,,,,,,,,
,1,Event,USD Core PCE Price Index (YoY),0,0,Asset,Description,,,IST Time,,,,,,,,,,,,,,,,,,,,,,,,,,,,
,,Actual:,,,,C:USDJPY,,,,,,,,,,,,,,,,,,,,,,,,,,,,,,,,
,,Forecast:,,,,USDJPY.sd,,,,,,,,,,,,,,,,,,,,,,,,,,,,,,,,
,,Previous:, 0.03 , -   , -   ,,,,,,,,,,,,,,,,,,,,,,,,,,,,,,,,,
,,Time (GMT):,12:30,0:00,0:00,,,,,,,,,,,,,,,,,,,,,,,,,,,,,,,,,
,,Release Date,Actual,Forecast,Previous,Time,,,,Time IST,,,,,,,,,,,,,,,,,,,,,,,,,,,,
,,00-Jan-00, -   , -   , -   ,#REF!,,,,#REF!,,,,,,,,,,,,,,,,,,,,,,,,,,,,
,,00-Jan-00, -   , -   , -   ,#REF!,,,,#REF!,,,,,,,,,,,,,,,,,,,,,,,,,,,,
,,00-Jan-00, -   , -   , -   ,#REF!,,,,#REF!,,,,,,,,,,,,,,,,,,,,,,,,,,,,
,,00-Jan-00, -   , -   , -   ,#REF!,,,,#REF!,,,,,,,,,,,,,,,,,,,,,,,,,,,,
,,00-Jan-00, -   , -   , -   ,#REF!,,,,#REF!,,,,,,,,,,,,,,,,,,,,,,,,,,,,
,,00-Jan-00, -   , -   , -   ,#REF!,,,,#REF!,,,,,,,,,,,,,,,,,,,,,,,,,,,,
,1,Event,USD Core PCE Price Index (MoM),0,0,Asset,Description,,,IST Time,,,,,,,,,,,,,,,,,,,,,,,,,,,,
,,Actual:,,,,C:USDJPY,,,,,,,,,,,,,,,,,,,,,,,,,,,,,,,,
,,Forecast:,,,,USDJPY.sd,,,,,,,,,,,,,,,,,,,,,,,,,,,,,,,,
,,Previous:, 0.00 , -   , -   ,,,,,,,,,,,,,,,,,,,,,,,,,,,,,,,,,
,,Time (GMT):,12:30,0:00,0:00,,,,,,,,,,,,,,,,,,,,,,,,,,,,,,,,,
,,Release Date,Actual,Forecast,Previous,Time,,,,Time IST,,,,,,,,,,,,,,,,,,,,,,,,,,,,
,,00-Jan-00, -   , -   , -   ,#REF!,,,,#REF!,,,,,,,,,,,,,,,,,,,,,,,,,,,,
,,00-Jan-00, -   , -   , -   ,#REF!,,,,#REF!,,,,,,,,,,,,,,,,,,,,,,,,,,,,
,,00-Jan-00, -   , -   , -   ,#REF!,,,,#REF!,,,,,,,,,,,,,,,,,,,,,,,,,,,,
,,00-Jan-00, -   , -   , -   ,#REF!,,,,#REF!,,,,,,,,,,,,,,,,,,,,,,,,,,,,
,,00-Jan-00, -   , -   , -   ,#REF!,,,,#REF!,,,,,,,,,,,,,,,,,,,,,,,,,,,,
,,00-Jan-00, -   , -   , -   ,#REF!,,,,#REF!,,,,,,,,,,,,,,,,,,,,,,,,,,,,
x,1,Event,CNY - Manufacturing PMI (Jun),,,Asset,Description,,,IST Time,,,,,,,,,,,,,,,,,,,,,,,,,,,,
,,Actual:,,,,C:USDCNY,"China Manufacturing Purchasing Managers Index (PMI) provides an early indication each month of economic activities in the Chinese manufacturing sector. It is compiled by China Federation of Logistics & Purchasing (CFLP) and China Logistics Information Centre (CLIC), based on data collected by the National Bureau of Statistics (NBS).Li & Fung Research Centre is responsible for drafting and disseminating the English PMI report. Every month questionnaires are sent to over 700 manufacturing enterprises all over China. The data presented here is compiled from the enterprises responses about their purchasing activities and supply situations. The PMI should be compared to other economic data sources when used in decision-making.
A reading that is stronger than forecast is generally supportive (bullish) for the CNY , while a weaker than forecast reading is generally negative (bearish) for the CNY.

Learn More: USDCNY | USDCNH",,,,,,,,,,,,,,,,,,,,,,,,,,,,,,,
,,Forecast:,,,,USDCNY.sd,,,,,,,,,,,,,,,,,,,,,,,,,,,,,,,,
,,Previous:, 49.50 ,,,,,,,,,,,,,,,,,,,,,,,,,,,,,,,,,,,
,,Time (GMT):,1:30,,,,,,,7:00,,,,,,,,,,,,,,,,,,,,,,,,,,,,
,,Release Date,Actual,Forecast,Previous,Time,,,,Time IST,,,,,,,,,,,,,,,,,,,,,,,,,,,,
,,31-May-25, 49.50 , 49.50 , 49.00 ,1:30,,,,7:00,,,,,,,,,,,,,,,,,,,,,,,,,,,,
,,30-Apr-25, 49.00 , 49.70 , 50.50 ,1:30,,,,7:00,,,,,,,,,,,,,,,,,,,,,,,,,,,,
,,31-Mar-25, 50.50 , 50.40 , 50.20 ,1:30,,,,7:00,,,,,,,,,,,,,,,,,,,,,,,,,,,,
,,01-Mar-25, 50.20 , 50.00 , 49.10 ,1:30,,,,7:00,,,,,,,,,,,,,,,,,,,,,,,,,,,,
,,27-Jan-25, 49.10 , 50.10 , 50.10 ,1:30,,,,7:00,,,,,,,,,,,,,,,,,,,,,,,,,,,,
,,31-Dec-24, 50.10 , 50.30 , 50.30 ,1:30,,,,7:00,,,,,,,,,,,,,,,,,,,,,,,,,,,,
,1,Event,GBP - GDP (YoY) (Q1),,,Asset,Description,,,IST Time,,,,,,,,,,,,,,,,,,,,,,,,,,,,
,,Actual:,,,,C:GBPJPY,"
Gross Domestic Product (GDP) gauges the inflation-adjusted value of all goods and services produced within the economy. It is the most comprehensive measure of economic activity and an important indicator of economic health.

A reading that is stronger than forecast is generally supportive (bullish) for the GBP, while a weaker than forecast reading is generally negative (bearish) for the GBP.

Learn More: GBPJPY | GBPUSD",,,,,,,,,,,,,,,,,,,,,,,,,,,,,,,
,,Forecast:,,,,GBPJPY.sd,,,,,,,,,,,,,,,,,,,,,,,,,,,,,,,,
,,Previous:,0.70%,,,,,,,,,,,,,,,,,,,,,,,,,,,,,,,,,,,
,,Time (GMT):,6:00,,,,,,,11:30,,,,,,,,,,,,,,,,,,,,,,,,,,,,
,,Release Date,Actual,Forecast,Previous,Time,,,,Time IST,,,,,,,,,,,,,,,,,,,,,,,,,,,,
,,15-May-25,1.3%,1.2%,1.5%,6:00,,,,11:30,,,,,,,,,,,,,,,,,,,,,,,,,,,,
,,28-Mar-25,1.5%,1.4%,0.9%,7:00,,,,12:30,,,,,,,,,,,,,,,,,,,,,,,,,,,,
,,13-Feb-25,1.4%,1.1%,1.0%,7:00,,,,12:30,,,,,,,,,,,,,,,,,,,,,,,,,,,,
,,23-Dec-24,0.9%,1.0%,0.7%,7:00,,,,12:30,,,,,,,,,,,,,,,,,,,,,,,,,,,,
,,15-Nov-24,1.0%,0.1%,0.7%,7:00,,,,12:30,,,,,,,,,,,,,,,,,,,,,,,,,,,,
,,30-Sep-24,0.7%,0.9%,0.3%,6:00,,,,11:30,,,,,,,,,,,,,,,,,,,,,,,,,,,,
,1,Event,GBP - GDP (QoQ) (Q1),,,Asset,Description,,,IST Time,,,,,,,,,,,,,,,,,,,,,,,,,,,,
,,Actual:,,,,C:GBPJPY,"

Gross Domestic Product (GDP) gauges the inflation-adjusted value of all goods and services produced within the economy. It is the most comprehensive measure of economic activity and an important indicator of economic health.

A reading that is stronger than forecast is generally supportive (bullish) for the GBP, while a weaker than forecast reading is generally negative (bearish) for the GBP.

Learn More: GBPJPY | GBPUSD",,,,,,,,,,,,,,,,,,,,,,,,,,,,,,,
,,Forecast:,,,,GBPJPY.sd,,,,,,,,,,,,,,,,,,,,,,,,,,,,,,,,
,,Previous:, 0.01 ,,,,,,,,,,,,,,,,,,,,,,,,,,,,,,,,,,,
,,Time (GMT):,6:00,,,,,,,11:30,,,,,,,,,,,,,,,,,,,,,,,,,,,,
,,Release Date,Actual,Forecast,Previous,Time,,,,Time IST,,,,,,,,,,,,,,,,,,,,,,,,,,,,
,,15-May-25,0.70%,0.60%,0.10%,7:00,,,,12:30,,,,,,,,,,,,,,,,,,,,,,,,,,,,
,,28-Mar-25,0.10%,0.10%,0.00%,7:00,,,,12:30,,,,,,,,,,,,,,,,,,,,,,,,,,,,
,,13-Feb-25,0.10%,-0.10%,0.00%,7:00,,,,12:30,,,,,,,,,,,,,,,,,,,,,,,,,,,,
,,23-Dec-24,0.00%,0.10%,0.40%,7:00,,,,12:30,,,,,,,,,,,,,,,,,,,,,,,,,,,,
,,15-Nov-24,0.10%,0.20%,0.50%,6:00,,,,11:30,,,,,,,,,,,,,,,,,,,,,,,,,,,,
,,30-Sep-24,0.50%,0.60%,0.70%,6:00,,,,11:30,,,,,,,,,,,,,,,,,,,,,,,,,,,,
,1,Event,EUR - German CPI (MoM) (Jun) P,,,Asset,Description,,,IST Time,,,,,,,,,,,,,,,,,,,,,,,,,,,,
,,Actual:,,,,C:EURJPY,"

The Consumer Price Index (CPI) measures the change in the prices of goods and services from the perspective of the consumer. As Germany has the largest output of any country in the euro-zone, the European Central bank pays very close attention to this figure in its role of maintaining price stability.

A reading that is stronger than forecast is generally supportive (bullish) for the EUR, while a weaker than forecast reading is generally negative (bearish) for the EUR.

Learn More: EURJPY | EURUSD",,,,,,,,,,,,,,,,,,,,,,,,,,,,,,,
,,Forecast:,,,,EURJPY.sd,,,,,,,,,,,,,,,,,,,,,,,,,,,,,,,,
,,Previous:, 0.00 ,,,,,,,,,,,,,,,,,,,,,,,,,,,,,,,,,,,
,,Time (GMT):,12:00,,,,,,,17:30,,,,,,,,,,,,,,,,,,,,,,,,,,,,
,,Release Date,Actual,Forecast,Previous,Time,,,,Time IST,,,,,,,,,,,,,,,,,,,,,,,,,,,,
,,13-Jun-25,0.10%,0.10%,0.40%,6:00,,,,11:30,,,,,,,,,,,,,,,,,,,,,,,,,,,,
,,30-May-25,0.10%,0.10%,0.40%,12:00,,,,17:30,,,,,,,,,,,,,,,,,,,,,,,,,,,,
,,14-May-25,0.40%,0.40%,0.30%,6:00,,,,11:30,,,,,,,,,,,,,,,,,,,,,,,,,,,,
,,30-Apr-25,0.40%,0.30%,0.30%,12:00,,,,17:30,,,,,,,,,,,,,,,,,,,,,,,,,,,,
,,11-Apr-25,0.30%,0.30%,0.40%,6:00,,,,11:30,,,,,,,,,,,,,,,,,,,,,,,,,,,,
,,31-Mar-25,0.30%,0.30%,0.40%,12:00,,,,17:30,,,,,,,,,,,,,,,,,,,,,,,,,,,,
,1,Event,USD - Chicago PMI (Jun),,,Asset,Description,,,IST Time,,,,,,,,,,,,,,,,,,,,,,,,,,,,
,,Actual:,,,,C:USDJPY,"

The Chicago Purchasing Managers' Index (PMI) is a diffusion index incorporating survey results provided by manufacturing firms around the Chicago area. A reading above fifty suggests the manufacturing sector is expanding, while a reading below fifty suggests the manufacturing sector is in contraction. The Chicago PMI can be of some assistance in forecasting the ISM manufacturing PMI.

A reading that is stronger than forecast is generally supportive (bullish) for the USD, while a weaker than forecast reading is generally negative (bearish) for the USD.

Learn More: USDJPY | EURUSD",,,,,,,,,,,,,,,,,,,,,,,,,,,,,,,
,,Forecast:,,,,USDJPY.sd,,,,,,,,,,,,,,,,,,,,,,,,,,,,,,,,
,,Previous:, -   ,,,,,,,,,,,,,,,,,,,,,,,,,,,,,,,,,,,
,,Time (GMT):,13:45,,,,,,,19:15,,,,,,,,,,,,,,,,,,,,,,,,,,,,
,,Release Date,Actual,Forecast,Previous,Time,,,,Time IST,,,,,,,,,,,,,,,,,,,,,,,,,,,,
,,29-May-25, 40.50 , 45.10 , 44.60 ,13:45,,,,19:15,,,,,,,,,,,,,,,,,,,,,,,,,,,,
,,30-Apr-25, 44.60 , 45.90 , 47.60 ,13:45,,,,19:15,,,,,,,,,,,,,,,,,,,,,,,,,,,,
,,31-Mar-25, 47.60 , 45.50 , 45.50 ,14:45,,,,20:15,,,,,,,,,,,,,,,,,,,,,,,,,,,,
,,28-Feb-25, 45.50 , 40.50 , 39.50 ,14:45,,,,20:15,,,,,,,,,,,,,,,,,,,,,,,,,,,,
,,31-Jan-25, 39.50 , 40.30 , 36.90 ,14:45,,,,20:15,,,,,,,,,,,,,,,,,,,,,,,,,,,,
,,29-Dec-24, 36.90 , 42.70 , 40.20 ,14:45,,,,20:15,,,,,,,,,,,,,,,,,,,,,,,,,,,,
,1,Event,CAD - Canada Day,,,Asset,Description,,,IST Time,,,,,,,,,,,,,,,,,,,,,,,,,,,,
,,Actual:,,,,C:USDJPY,"

[]

Learn More: []",,,,,,,,,,,,,,,,,,,,,,,,,,,,,,,
,,Forecast:,,,,USDJPY.sd,,,,,,,,,,,,,,,,,,,,,,,,,,,,,,,,
,,Previous:, -   ,,,,,,,,,,,,,,,,,,,,,,,,,,,,,,,,,,,
,,Time (GMT):,#VALUE!,,,,,,,All Day,,,,,,,,,,,,,,,,,,,,,,,,,,,,
,,Release Date,Actual,Forecast,Previous,Time,,,,Time IST,,,,,,,,,,,,,,,,,,,,,,,,,,,,
,,24-Jun-25, -   , -   , -   ,17:00,,,,22:30,,,,,,,,,,,,,,,,,,,,,,,,,,,,
,,01-Jun-25, -   , -   , -   ,18:40,,,,0:10,,,,,,,,,,,,,,,,,,,,,,,,,,,,
,,26-May-25, -   , -   , -   ,12:40,,,,18:10,,,,,,,,,,,,,,,,,,,,,,,,,,,,
,,15-May-25, -   , -   , -   ,17:30,,,,23:00,,,,,,,,,,,,,,,,,,,,,,,,,,,,
,,16-Apr-25, -   , -   , -   ,15:25,,,,20:55,,,,,,,,,,,,,,,,,,,,,,,,,,,,
,,04-Apr-25, -   , -   , -   ,17:30,,,,23:00,,,,,,,,,,,,,,,,,,,,,,,,,,,,
,1,Event,Hong Kong - Hong Kong Special Administrative Region Establishment Day,,,Asset,Description,,,IST Time,,,,,,,,,,,,,,,,,,,,,,,,,,,,
,,Actual:,,,,C:USDJPY,"

[]

Learn More: []",,,,,,,,,,,,,,,,,,,,,,,,,,,,,,,
,,Forecast:,,,,USDJPY.sd,,,,,,,,,,,,,,,,,,,,,,,,,,,,,,,,
,,Previous:, -   ,,,,,,,,,,,,,,,,,,,,,,,,,,,,,,,,,,,
,,Time (GMT):,#VALUE!,,,,,,,All Day,,,,,,,,,,,,,,,,,,,,,,,,,,,,
,,Release Date,Actual,Forecast,Previous,Time,,,,Time IST,,,,,,,,,,,,,,,,,,,,,,,,,,,,
,,23-May-25, 743 , 694 , 670 ,14:00,,,,19:30,,,,,,,,,,,,,,,,,,,,,,,,,,,,
,,23-Apr-25, 724 , 684 , 674 ,14:00,,,,19:30,,,,,,,,,,,,,,,,,,,,,,,,,,,,
,,25-Mar-25, 676 , 682 , 664 ,15:00,,,,20:30,,,,,,,,,,,,,,,,,,,,,,,,,,,,
,,26-Feb-25, 657 , 679 , 734 ,15:00,,,,20:30,,,,,,,,,,,,,,,,,,,,,,,,,,,,
,,27-Jan-25, 698 , 669 , 674 ,15:00,,,,20:30,,,,,,,,,,,,,,,,,,,,,,,,,,,,
,,23-Dec-24, 664 , 666 , 627 ,17:30,,,,23:00,,,,,,,,,,,,,,,,,,,,,,,,,,,,
,1,Event,EUR - CPI (YoY) (Jun) P,,,Asset,Description,,,IST Time,,,,,,,,,,,,,,,,,,,,,,,,,,,,
,,Actual:,,,,C:EURJPY,"
The Consumer Price Index (CPI) measures the change in the prices of goods and services contained in a basket of consumer items. The Central bank pays very close attention to this figure in its role of maintaining price stability.

A reading that is stronger than forecast is generally supportive (bullish) for the EUR, while a weaker than forecast reading is generally negative (bearish) for the EUR.

Learn More: EURJPY | EURUSD",,,,,,,,,,,,,,,,,,,,,,,,,,,,,,,
,,Forecast:,,,,EURJPY.sd,,,,,,,,,,,,,,,,,,,,,,,,,,,,,,,,
,,Previous:,1.9%,,,,,,,,,,,,,,,,,,,,,,,,,,,,,,,,,,,
,,Time (GMT):,9:00,,,,,,,14:30,,,,,,,,,,,,,,,,,,,,,,,,,,,,
,,Release Date,Actual,Forecast,Previous,Time,,,,Time IST,,,,,,,,,,,,,,,,,,,,,,,,,,,,
,,18-Jun-25,1.90%,1.90%,2.20%,12:00,,,,14:30,,,,,,,,,,,,,,,,,,,,,,,,,,,,
,,03-Jun-25,1.90%,2.00%,2.20%,12:00,,,,14:30,,,,,,,,,,,,,,,,,,,,,,,,,,,,
,,19-May-25,2.20%,2.20%,2.20%,12:00,,,,14:30,,,,,,,,,,,,,,,,,,,,,,,,,,,,
,,02-May-25,2.20%,2.10%,2.20%,12:00,,,,14:30,,,,,,,,,,,,,,,,,,,,,,,,,,,,
,,16-Apr-25,2.20%,2.20%,2.30%,12:00,,,,14:30,,,,,,,,,,,,,,,,,,,,,,,,,,,,
,,01-Apr-25,2.20%,2.20%,2.30%,13:00,,,,15:30,,,,,,,,,,,,,,,,,,,,,,,,,,,,
,1,Event,USD - Fed Chair Powell Speaks,,,Asset,Description,,,IST Time,,,,,,,,,,,,,,,,,,,,,,,,,,,,
,,Actual:,,,,C:USDJPY,"
Federal Reserve Chair Jerome Powell (Feb. 2018 – Feb. 2026) is to speak. As head of the Fed, which controls short term interest rates, he has more influence over the U.S. dollar's value than any other person. Traders closely watch his speeches as they are often used to drop hints regarding future monetary policy.

Learn More: USDJPY | EURUSD",,,,,,,,,,,,,,,,,,,,,,,,,,,,,,,
,,Forecast:,,,,USDJPY.sd,,,,,,,,,,,,,,,,,,,,,,,,,,,,,,,,
,,Previous:,,,,,,,,,,,,,,,,,,,,,,,,,,,,,,,,,,,,
,,Time (GMT):,13:30,,,,,,,19:00,,,,,,,,,,,,,,,,,,,,,,,,,,,,
,,Release Date,Actual,Forecast,Previous,Time,,,,Time IST,,,,,,,,,,,,,,,,,,,,,,,,,,,,
,,02-Jun-25,,,,18:40,,,,0:10,,,,,,,,,,,,,,,,,,,,,,,,,,,,
,,25-May-25,,,,12:40,,,,18:10,,,,,,,,,,,,,,,,,,,,,,,,,,,,
,,15-May-25,,,,17:30,,,,23:00,,,,,,,,,,,,,,,,,,,,,,,,,,,,
,,16-Apr-25,,,,15:25,,,,20:55,,,,,,,,,,,,,,,,,,,,,,,,,,,,
,,04-Apr-25,,,,17:30,,,,23:00,,,,,,,,,,,,,,,,,,,,,,,,,,,,
,,07-Mar-25,,,,18:45,,,,0:15,,,,,,,,,,,,,,,,,,,,,,,,,,,,
,1,Event,USD - Manufacturing PMI (Jun),,,Asset,Description,,,IST Time,,,,,,,,,,,,,,,,,,,,,,,,,,,,
,,Actual:,,,,C:USDJPY,"
The Manufacturing Purchasing Managers' Index (PMI) is a diffusion index incorporating survey results provided by manufacturing firms throughout the country. A reading above fifty suggests the manufacturing sector is expanding, while a reading below fifty suggests the manufacturing sector is in contraction. Policymakers and traders watch these surveys closely as purchasing managers usually have early access to data about their company’s performance, rather than waiting for the hard data to emerge. While manufacturing accounts for a far smaller percentage of economic output than services, it is far more cyclical and is therefore a useful indicator of where in the economic cycle the economy is currently situated. A reading that is stronger than forecast is generally supportive (bullish) for the USD while a weaker than forecast reading is generally negative (bearish) for the USD.

Learn More: USDJPY | EURUSD",,,,,,,,,,,,,,,,,,,,,,,,,,,,,,,
,,Forecast:,,,,USDJPY.sd,,,,,,,,,,,,,,,,,,,,,,,,,,,,,,,,
,,Previous:, 52.00 ,,,,,,,,,,,,,,,,,,,,,,,,,,,,,,,,,,,
,,Time (GMT):,13:45,,,,,,,19:15,,,,,,,,,,,,,,,,,,,,,,,,,,,,
,,Release Date,Actual,Forecast,Previous,Time,,,,Time IST,,,,,,,,,,,,,,,,,,,,,,,,,,,,
,,23-Jun-25, 52.00 , 51.10 , 52.00 ,13:45,,,,19:15,,,,,,,,,,,,,,,,,,,,,,,,,,,,
,,02-Jun-25, 52.00 , 52.30 , 50.20 ,13:45,,,,19:15,,,,,,,,,,,,,,,,,,,,,,,,,,,,
,,22-May-25, 52.30 , 49.90 , 50.20 ,13:45,,,,19:15,,,,,,,,,,,,,,,,,,,,,,,,,,,,
,,23-Jun-25, 52.00 , 51.10 , 52.00 ,13:45,,,,19:15,,,,,,,,,,,,,,,,,,,,,,,,,,,,
,,02-Jun-25, 52.00 , 52.30 , 50.20 ,13:45,,,,19:15,,,,,,,,,,,,,,,,,,,,,,,,,,,,
,,22-May-25, 52.30 , 49.90 , 50.20 ,13:45,,,,19:15,,,,,,,,,,,,,,,,,,,,,,,,,,,,
,1,Event,USD - ISM Manufacturing PMI (Jun),,,Asset,Description,,,IST Time,,,,,,,,,,,,,,,,,,,,,,,,,,,,
,,Actual:,,,,C:USDJPY,"
The Institute of Supply Management (ISM) Manufacturing Purchasing Managers Index (PMI) Report on Business is based on data compiled from monthly replies to questions asked of purchasing and supply executives in over 400 industrial companies across the United States. For each of the indicators measured (New Orders, Backlog of Orders, New Export Orders, Imports, Production, Supplier Deliveries, Inventories, Customers Inventories, Employment, and Prices), a diffusion index is calculated by adding the percent of positive responses plus one-half of those responding the same (considered positive). The resulting single index number is then seasonally adjusted.

The PMI is a composite index based on the seasonally adjusted diffusion indices for five of the indicators with differing weights: New Orders --30% Production --25% Employment --20% Supplier Deliveries --15% and Inventories -- 10%.

A reading that is stronger than forecast is generally supportive (bullish) for the USD, while a weaker than forecast reading is generally negative (bearish) for the USD.

Learn More: USDJPY | EURUSD",,,,,,,,,,,,,,,,,,,,,,,,,,,,,,,
,,Forecast:,,,,USDJPY.sd,,,,,,,,,,,,,,,,,,,,,,,,,,,,,,,,
,,Previous:, 48.50 ,,,,,,,,,,,,,,,,,,,,,,,,,,,,,,,,,,,
,,Time (GMT):,14:00,,,,,,,19:30,,,,,,,,,,,,,,,,,,,,,,,,,,,,
,,Release Date,Actual,Forecast,Previous,Time,,,,Time IST,,,,,,,,,,,,,,,,,,,,,,,,,,,,
,,02-Jun-25, 48.50 , 49.30 , 48.70 ,14:00,,,,19:30,,,,,,,,,,,,,,,,,,,,,,,,,,,,
,,01-May-25, 48.70 , 48.00 , 49.00 ,14:00,,,,19:30,,,,,,,,,,,,,,,,,,,,,,,,,,,,
,,01-Apr-25, 49.00 , 49.50 , 50.30 ,15:00,,,,20:30,,,,,,,,,,,,,,,,,,,,,,,,,,,,
,,03-Mar-25, 50.30 , 50.60 , 50.90 ,15:00,,,,20:30,,,,,,,,,,,,,,,,,,,,,,,,,,,,
,,03-Feb-25, 50.90 , 49.30 , 49.20 ,15:00,,,,20:30,,,,,,,,,,,,,,,,,,,,,,,,,,,,
,,03-Jan-25, 49.30 , 48.20 , 48.40 ,15:00,,,,20:30,,,,,,,,,,,,,,,,,,,,,,,,,,,,
,1,Event,USD - ISM Manufacturing Prices (Jun),,,Asset,Description,,,IST Time,,,,,,,,,,,,,,,,,,,,,,,,,,,,
,,Actual:,,,,C:USDJPY,"

The Institute of Supply Management (ISM) Manufacturing Purchasing Managers Index (PMI) Report on Business is based on data compiled from monthly replies to questions asked of purchasing and supply executives in over 400 industrial companies. For each of the indicators measured (New Orders, Backlog of Orders, New Export Orders, Imports, Production, Supplier Deliveries, Inventories, Customers Inventories, Employment, and Prices), this report shows the percentage reporting each response, the net difference between the number of responses in the positive economic direction and the negative economic direction and the diffusion index. Responses are raw data and are never changed.

The diffusion index includes the percent of positive responses plus one-half of those responding the same (considered positive). The resulting single index number is then seasonally adjusted to allow for the effects of repetitive intra-year variations resulting primarily from normal differences in weather conditions, various institutional arrangements, and differences attributable to non-moveable holidays. All seasonal adjustment factors are supplied by the U.S. Department of Commerce and are subject annually to relatively minor changes when conditions warrant them.

The PMI is a composite index based on the seasonally adjusted diffusion indices for five of the indicators with varying weights: New Orders --30% Production --25% Employment --20% Supplier Deliveries --15% and Inventories -- 10%.

The Prices Paid subcategory is a diffusion index calculated by adding the percent of responses indicating they paid more for inputs plus one-half of those responding that they paid the same for inputs. The resulting single index number is then seasonally adjusted.

The Prices Paid diffusion index is one of a number of indicators pointing to the degree of inflationary pressures in the economy.

A higher than expected reading should be taken as positive/bullish for the USD, while a lower than expected reading should be taken as negative/bearish for the USD.

Learn More: USDJPY | EURUSD",,,,,,,,,,,,,,,,,,,,,,,,,,,,,,,
,,Forecast:,,,,USDJPY.sd,,,,,,,,,,,,,,,,,,,,,,,,,,,,,,,,
,,Previous:, 69.40 ,,,,,,,,,,,,,,,,,,,,,,,,,,,,,,,,,,,
,,Time (GMT):,14:00,,,,,,,19:30,,,,,,,,,,,,,,,,,,,,,,,,,,,,
,,Release Date,Actual,Forecast,Previous,Time,,,,Time IST,,,,,,,,,,,,,,,,,,,,,,,,,,,,
,,02-Jun-25, 69.40 , 70.20 , 69.80 ,14:00,,,,19:30,,,,,,,,,,,,,,,,,,,,,,,,,,,,
,,01-May-25, 69.80 , 72.90 , 69.40 ,14:00,,,,19:30,,,,,,,,,,,,,,,,,,,,,,,,,,,,
,,01-Apr-25, 69.40 , 64.60 , 62.40 ,15:00,,,,20:30,,,,,,,,,,,,,,,,,,,,,,,,,,,,
,,03-Mar-25, 62.40 , 56.20 , 54.90 ,15:00,,,,20:30,,,,,,,,,,,,,,,,,,,,,,,,,,,,
,,03-Feb-25, 54.90 , 52.60 , 52.50 ,15:00,,,,20:30,,,,,,,,,,,,,,,,,,,,,,,,,,,,
,,03-Jan-25, 52.50 , 51.50 , 50.30 ,15:00,,,,20:30,,,,,,,,,,,,,,,,,,,,,,,,,,,,
,1,Event,USD - JOLTS Job Openings (May),,,Asset,Description,,,IST Time,,,,,,,,,,,,,,,,,,,,,,,,,,,,
,,Actual:,,,,C:USDJPY,"

A survey done by the US Bureau of Labor Statistics to help measure job vacancies. It collects data from employers about their businesses' employment, job openings, recruitment, hires and separations.
JOLTS defines Job Openings as all positions that are open (not filled) on the last business day of the month. A job is ""open"" only if it meets all three of the following conditions:
1. A specific position exists and there is work available for that position.
2. The job could start within 30 days, whether or not the establishment finds a suitable candidate during that time.
3. There is active recruiting for workers from outside the establishment location that has the opening.
A reading that is stronger than forecast is generally supportive (bullish) for the USD, while a weaker than forecast reading is generally negative (bearish) for the USD.

Learn More: USDJPY | EURUSD",,,,,,,,,,,,,,,,,,,,,,,,,,,,,,,
,,Forecast:,,,,USDJPY.sd,,,,,,,,,,,,,,,,,,,,,,,,,,,,,,,,
,,Previous:,7.391M,,,,,,,,,,,,,,,,,,,,,,,,,,,,,,,,,,,
,,Time (GMT):,14:00,,,,,,,19:30,,,,,,,,,,,,,,,,,,,,,,,,,,,,
,,Release Date,Actual,Forecast,Previous,Time,,,,Time IST,,,,,,,,,,,,,,,,,,,,,,,,,,,,
,,03-Jun-25,7.391,7.110,7.200,14:00,,,,19:30,,,,,,,,,,,,,,,,,,,,,,,,,,,,
,,29-Apr-25,7.192,7.490,7.480,14:00,,,,19:30,,,,,,,,,,,,,,,,,,,,,,,,,,,,
,,01-Apr-25,7.568,7.690,7.762,14:00,,,,19:30,,,,,,,,,,,,,,,,,,,,,,,,,,,,
,,11-Mar-25,7.740,7.650,7.508,15:00,,,,20:30,,,,,,,,,,,,,,,,,,,,,,,,,,,,
,,04-Feb-25,7.600,8.010,8.156,15:00,,,,20:30,,,,,,,,,,,,,,,,,,,,,,,,,,,,
,,07-Jan-25,8.098,7.730,7.839,15:00,,,,20:30,,,,,,,,,,,,,,,,,,,,,,,,,,,,
,1,Event,USD - ADP Nonfarm Employment Change (Jun),,,Asset,Description,,,IST Time,,,,,,,,,,,,,,,,,,,,,,,,,,,,
,,Actual:,,,,C:USDJPY,"

ADP is performs payroll services for its clients. The ADP National Employment Report is a measure of the monthly change in non-farm, private employment, based on the payroll data of approximately 400,000 U.S. business clients. The release, two days ahead of government data, is used as a predictor of the government's Labour Market Report.

A reading that is stronger than forecast is generally supportive (bullish) for the USD, while a weaker than forecast reading is generally negative (bearish) for the USD.

Learn More: USDJPY | EURUSD",,,,,,,,,,,,,,,,,,,,,,,,,,,,,,,
,,Forecast:,,,,USDJPY.sd,,,,,,,,,,,,,,,,,,,,,,,,,,,,,,,,
,,Previous:,37K,,,,,,,,,,,,,,,,,,,,,,,,,,,,,,,,,,,
,,Time (GMT):,12:15,,,,,,,17:45,,,,,,,,,,,,,,,,,,,,,,,,,,,,
,,Release Date,Actual,Forecast,Previous,Time,,,,Time IST,,,,,,,,,,,,,,,,,,,,,,,,,,,,
,,04-Jun-25,37,111,60,12:15,,,,17:45,,,,,,,,,,,,,,,,,,,,,,,,,,,,
,,30-Apr-25,62,114,147,12:15,,,,17:45,,,,,,,,,,,,,,,,,,,,,,,,,,,,
,,02-Apr-25,155,118,84,13:15,,,,18:45,,,,,,,,,,,,,,,,,,,,,,,,,,,,
,,05-Mar-25,77,141,186,13:15,,,,18:45,,,,,,,,,,,,,,,,,,,,,,,,,,,,
,,05-Feb-25,183,148,176,13:15,,,,18:45,,,,,,,,,,,,,,,,,,,,,,,,,,,,
,,08-Jan-25,122,139,146,14:30,,,,20:00,,,,,,,,,,,,,,,,,,,,,,,,,,,,
,1,Event,USD - Crude Oil Inventories,,,Asset,Description,,,IST Time,,,,,,,,,,,,,,,,,,,,,,,,,,,,
,,Actual:,,,,USOILRoll,"


The Energy Information Administration's (EIA) Crude Oil Inventories measures the weekly change in the number of barrels of commercial crude oil held by US firms. The level of inventories influences the price of petroleum products, which can have an impact on inflation.

If the increase in crude inventories is more than expected, it implies weaker demand and is bearish for crude prices. The same can be said if a decline in inventories is less than expected.
If the increase in crude is less than expected, it implies greater demand and is bullish for crude prices. The same can be said if a decline in inventories is more than expected.

Learn More: USOILRoll",,,,,,,,,,,,,,,,,,,,,,,,,,,,,,,
,,Forecast:,,,,USOILRoll,,,,,,,,,,,,,,,,,,,,,,,,,,,,,,,,
,,Previous:,-5.836M,,,,,,,,,,,,,,,,,,,,,,,,,,,,,,,,,,,
,,Time (GMT):,14:30,,,,,,,20:00,,,,,,,,,,,,,,,,,,,,,,,,,,,,
,,Release Date,Actual,Forecast,Previous,Time,,,,Time IST,,,,,,,,,,,,,,,,,,,,,,,,,,,,
,,25-Jun-25,-5.83,-1.20,-11.4,14:30,,,,20:00,,,,,,,,,,,,,,,,,,,,,,,,,,,,
,,18-Jun-25,-11.4,-2.30,-3.64,14:30,,,,20:00,,,,,,,,,,,,,,,,,,,,,,,,,,,,
,,11-Jun-25,-3.64,-2.40,-4.30,14:30,,,,20:00,,,,,,,,,,,,,,,,,,,,,,,,,,,,
,,04-Jun-25,-4.30,-2.90,-2.79,16:00,,,,21:30,,,,,,,,,,,,,,,,,,,,,,,,,,,,
,,29-May-25,-2.79,1.000,1.328,14:30,,,,20:00,,,,,,,,,,,,,,,,,,,,,,,,,,,,
,,21-May-25,1.328,-0.90,3.454,15:00,,,,20:30,,,,,,,,,,,,,,,,,,,,,,,,,,,,
,1,Event,United States - Independence Day - Early close at 13:00,,,Asset,Description,,,IST Time,,,,,,,,,,,,,,,,,,,,,,,,,,,,
,,Actual:,,,,USOILRoll,"

A survey done by the US Bureau of Labor Statistics to help measure job vacancies. It collects data from employers about their businesses' employment, job openings, recruitment, hires and separations.
JOLTS defines Job Openings as all positions that are open (not filled) on the last business day of the month. A job is ""open"" only if it meets all three of the following conditions:
1. A specific position exists and there is work available for that position.
2. The job could start within 30 days, whether or not the establishment finds a suitable candidate during that time.
3. There is active recruiting for workers from outside the establishment location that has the opening.
A reading that is stronger than forecast is generally supportive (bullish) for the USD, while a weaker than forecast reading is generally negative (bearish) for the USD.

Learn More: USDJPY | EURUSD",,,,,,,,,,,,,,,,,,,,,,,,,,,,,,,
,,Forecast:,,,,USOILRoll,,,,,,,,,,,,,,,,,,,,,,,,,,,,,,,,
,,Previous:,0.00%,,,,,,,,,,,,,,,,,,,,,,,,,,,,,,,,,,,
,,Time (GMT):,#VALUE!,,,,,,,All Day,,,,,,,,,,,,,,,,,,,,,,,,,,,,
,,Release Date,Actual,Forecast,Previous,Time,,,,Time IST,,,,,,,,,,,,,,,,,,,,,,,,,,,,
,,30-May-25,0.10%,0.10%,0.10%,14:00,,,,19:30,,,,,,,,,,,,,,,,,,,,,,,,,,,,
,,30-Apr-25,0.00%,0.10%,0.50%,12:30,,,,18:00,,,,,,,,,,,,,,,,,,,,,,,,,,,,
,,28-Mar-25,0.40%,0.30%,0.30%,13:30,,,,19:00,,,,,,,,,,,,,,,,,,,,,,,,,,,,
,,28-Feb-25,0.30%,0.30%,0.20%,13:30,,,,19:00,,,,,,,,,,,,,,,,,,,,,,,,,,,,
,,31-Jan-25,0.20%,0.20%,0.10%,13:30,,,,19:00,,,,,,,,,,,,,,,,,,,,,,,,,,,,
,,20-Dec-24,0.10%,0.20%,0.30%,13:30,,,,19:00,,,,,,,,,,,,,,,,,,,,,,,,,,,,
,1,Event,USD - Average Hourly Earnings (MoM) (May),,,Asset,Description,,,IST Time,,,,,,,,,,,,,,,,,,,,,,,,,,,,
,,Actual:,,,,C:USDJPY,"


Average Hourly Earnings measures the change in the amount of money businesses pay for labour, excluding the agricultural sector.

A reading that is stronger than forecast is generally supportive (bullish) for the USD, while a weaker than forecast reading is generally negative (bearish) for the USD.

Learn More: USDJPY | EURUSD2",,,,,,,,,,,,,,,,,,,,,,,,,,,,,,,
,,Forecast:,,,,USDJPY.sd,,,,,,,,,,,,,,,,,,,,,,,,,,,,,,,,
,,Previous:,0.40%,,,,,,,,,,,,,,,,,,,,,,,,,,,,,,,,,,,
,,Time (GMT):,12:30,,,,,,,18:00,,,,,,,,,,,,,,,,,,,,,,,,,,,,
,,Release Date,Actual,Forecast,Previous,Time,,,,Time IST,,,,,,,,,,,,,,,,,,,,,,,,,,,,
,,06-Jun-25,0.40%,0.30%,0.20%,12:30,,,,18:00,,,,,,,,,,,,,,,,,,,,,,,,,,,,
,,02-May-25,0.20%,0.30%,0.30%,12:30,,,,18:00,,,,,,,,,,,,,,,,,,,,,,,,,,,,
,,04-Apr-25,0.30%,0.30%,0.20%,13:30,,,,19:00,,,,,,,,,,,,,,,,,,,,,,,,,,,,
,,07-Mar-25,0.30%,0.30%,0.40%,13:30,,,,19:00,,,,,,,,,,,,,,,,,,,,,,,,,,,,
,,07-Feb-25,0.50%,0.30%,0.30%,13:30,,,,19:00,,,,,,,,,,,,,,,,,,,,,,,,,,,,
,,10-Jan-25,0.30%,0.30%,0.40%,13:30,,,,19:00,,,,,,,,,,,,,,,,,,,,,,,,,,,,
,1,Event,USD - Initial Jobless Claims,,,Asset,Description,,,IST Time,,,,,,,,,,,,,,,,,,,,,,,,,,,,
,,Actual:,,,,C:USDJPY,"


Initial Jobless Claims measures the number of people who filed for unemployment insurance for the first time during the past week. This is the most timely U.S. economic data, but the market impact varies from week to week.
A reading that is higher than forecast is generally negative (bearish) for the USD, while a lower than forecast reading is generally supportive (bullish) for the USD.

Learn More: USDJPY | EURUSD2",,,,,,,,,,,,,,,,,,,,,,,,,,,,,,,
,,Forecast:,,,,USDJPY.sd,,,,,,,,,,,,,,,,,,,,,,,,,,,,,,,,
,,Previous:,236K,,,,,,,,,,,,,,,,,,,,,,,,,,,,,,,,,,,
,,Time (GMT):,12:30,,,,,,,18:00,,,,,,,,,,,,,,,,,,,,,,,,,,,,
,,Release Date,Actual,Forecast,Previous,Time,,,,Time IST,,,,,,,,,,,,,,,,,,,,,,,,,,,,
,,26-Jun-25,236,244,246,12:30,,,,18:00,,,,,,,,,,,,,,,,,,,,,,,,,,,,
,,18-Jun-25,245,246,250,12:30,,,,18:00,,,,,,,,,,,,,,,,,,,,,,,,,,,,
,,12-Jun-25,248,242,248,12:30,,,,18:00,,,,,,,,,,,,,,,,,,,,,,,,,,,,
,,05-Jun-25,247,236,239,12:30,,,,18:00,,,,,,,,,,,,,,,,,,,,,,,,,,,,
,,29-May-25,240,229,226,12:30,,,,18:00,,,,,,,,,,,,,,,,,,,,,,,,,,,,
,,22-May-25,227,230,229,13:30,,,,19:00,,,,,,,,,,,,,,,,,,,,,,,,,,,,
,1,Event,USD - Nonfarm Payrolls (May),,,Asset,Description,,,IST Time,,,,,,,,,,,,,,,,,,,,,,,,,,,,
,,Actual:,,,,USOILRoll,"


Nonfarm Payrolls measures the change in the number of people employed during the prior month, excluding workers in the farming industry. Given that full employment is one of the Federal Reserves mandates, it is very closely watched.

A reading that is stronger than forecast is generally supportive (bullish) for the USD, while a weaker than forecast reading is generally negative (bearish) for the USD.

Learn More: USDJPY | EURUSD2",,,,,,,,,,,,,,,,,,,,,,,,,,,,,,,
,,Forecast:,,,,USOILRoll,,,,,,,,,,,,,,,,,,,,,,,,,,,,,,,,
,,Previous:,139K,,,,,,,,,,,,,,,,,,,,,,,,,,,,,,,,,,,
,,Time (GMT):,12:30,,,,,,,18:00,,,,,,,,,,,,,,,,,,,,,,,,,,,,
,,Release Date,Actual,Forecast,Previous,Time,,,,Time IST,,,,,,,,,,,,,,,,,,,,,,,,,,,,
,,06-Jun-25,139,126,147,12:30,,,,18:00,,,,,,,,,,,,,,,,,,,,,,,,,,,,
,,02-May-25,177,138,185,12:30,,,,18:00,,,,,,,,,,,,,,,,,,,,,,,,,,,,
,,04-Apr-25,228,137,117,13:30,,,,19:00,,,,,,,,,,,,,,,,,,,,,,,,,,,,
,,07-Mar-25,151,159,125,13:30,,,,19:00,,,,,,,,,,,,,,,,,,,,,,,,,,,,
,,07-Feb-25,143,169,307,13:30,,,,19:00,,,,,,,,,,,,,,,,,,,,,,,,,,,,
,,10-Jan-25,256,164,212,13:30,,,,19:00,,,,,,,,,,,,,,,,,,,,,,,,,,,,
,1,Event,USD - Unemployment Rate (Jun),,,Asset,Description,,,IST Time,,,,,,,,,,,,,,,,,,,,,,,,,,,,
,,Actual:,,,,USOILRoll,"


The Unemployment Rate measures the percentage of the total work force that is not working, yet actively seeking employment.

A reading that is higher than forecast is generally negative (bearish) for the USD, while a lower than forecast reading is generally supportive (bullish) for the USD.

Learn More: USDJPY | EURUSD2",,,,,,,,,,,,,,,,,,,,,,,,,,,,,,,
,,Forecast:,,,,USOILRoll,,,,,,,,,,,,,,,,,,,,,,,,,,,,,,,,
,,Previous:,4.20%,,,,,,,,,,,,,,,,,,,,,,,,,,,,,,,,,,,
,,Time (GMT):,12:30,,,,,,,18:00,,,,,,,,,,,,,,,,,,,,,,,,,,,,
,,Release Date,Actual,Forecast,Previous,Time,,,,Time IST,,,,,,,,,,,,,,,,,,,,,,,,,,,,
,,06-Jun-25,4.20%,4.20%,4.20%,12:30,,,,18:00,,,,,,,,,,,,,,,,,,,,,,,,,,,,
,,02-May-25,4.20%,4.20%,4.20%,12:30,,,,18:00,,,,,,,,,,,,,,,,,,,,,,,,,,,,
,,04-Apr-25,4.20%,4.10%,4.10%,13:30,,,,19:00,,,,,,,,,,,,,,,,,,,,,,,,,,,,
,,07-Mar-25,4.10%,4.00%,4.00%,13:30,,,,19:00,,,,,,,,,,,,,,,,,,,,,,,,,,,,
,,07-Feb-25,4.00%,4.10%,4.10%,13:30,,,,19:00,,,,,,,,,,,,,,,,,,,,,,,,,,,,
,,10-Jan-25,4.10%,4.20%,4.20%,13:45,,,,19:15,,,,,,,,,,,,,,,,,,,,,,,,,,,,
,1,Event,USD - Services PMI (Jun),,,Asset,Description,,,IST Time,,,,,,,,,,,,,,,,,,,,,,,,,,,,
,,Actual:,,,,C:USDJPY,"The Service PMI release is published monthly by Markit Economics. The data are based on surveys of over 400 executives in private sector service companies. The surveys cover transport and communication, financial intermediaries, business and personal services, computing & IT, hotels and restaurants. 
An index level of 50 denotes no change since the previous month, while a level above 50 signals an improvement, and below 50 indicates a deterioration. A reading that is stronger than forecast is generally supportive (bullish) for the USD, while a weaker than forecast reading is generally negative (bearish) for the USD.

Learn More: USDJPY | EURUSD2",,,,,,,,,,,,,,,,,,,,,,,,,,,,,,,
,,Forecast:,,,,USDJPY.sd,,,,,,,,,,,,,,,,,,,,,,,,,,,,,,,,
,,Previous:,5310.00%,,,,,,,,,,,,,,,,,,,,,,,,,,,,,,,,,,,
,,Time (GMT):,13:45,,,,,,,19:15,,,,,,,,,,,,,,,,,,,,,,,,,,,,
,,Release Date,Actual,Forecast,Previous,Time,,,,Time IST,,,,,,,,,,,,,,,,,,,,,,,,,,,,
,,23-Jun-25,53.1,52.9,53.7,13:45,,,,19:15,,,,,,,,,,,,,,,,,,,,,,,,,,,,
,,04-Jun-25,53.7,52.3,50.8,13:45,,,,19:15,,,,,,,,,,,,,,,,,,,,,,,,,,,,
,,22-May-25,52.3,51,50.8,13:45,,,,19:15,,,,,,,,,,,,,,,,,,,,,,,,,,,,
,,03-Jul-25,0,53.1,53.1,13:45,,,,19:15,,,,,,,,,,,,,,,,,,,,,,,,,,,,
,,23-Jun-25,53.1,52.9,53.7,13:45,,,,19:15,,,,,,,,,,,,,,,,,,,,,,,,,,,,
,,04-Jun-25,53.7,52.3,50.8,13:45,,,,19:15,,,,,,,,,,,,,,,,,,,,,,,,,,,,
,1,Event,USD - ISM Non-Manufacturing PMI (Jun),,,Asset,Description,,,IST Time,,,,,,,,,,,,,,,,,,,,,,,,,,,,
,,Actual:,,,,C:USDJPY,"The Institute of Supply Management (ISM) Non-Manufacturing Purchasing Managers' Index (PMI) (also known as the ISM Services PMI) report on Business, is based on data compiled from monthly replies to questions asked of more than 370 purchasing and supply executives in over 62 different industries.

The NMI is a composite index based on the diffusion indexes for four of the indicators with equal weights: Business Activity (seasonally adjusted), New Orders (seasonally adjusted), Employment (seasonally adjusted) and Supplier Deliveries.

A reading above 50 percent indicates the non-manufacturing sector economy is generally expanding; below 50 percent indicates the non-manufacturing sector is generally contracting. Given the large proportion of the US economy engaged in the services sector, this report offers insights into the health of the overall US economy.

A reading that is stronger than forecast is generally supportive (bullish) for the USD, while a weaker than forecast reading is generally negative (bearish) for the USD.


Learn More: USDJPY | EURUSD2",,,,,,,,,,,,,,,,,,,,,,,,,,,,,,,
,,Forecast:, 50.80 ,,,USDJPY.sd,,,,,,,,,,,,,,,,,,,,,,,,,,,,,,,,
,,Previous:, 49.90 ,,,,,,,,,,,,,,,,,,,,,,,,,,,,,,,,,,,
,,Time (GMT):,14:00,,,,,,,19:30,,,,,,,,,,,,,,,,,,,,,,,,,,,,
,,Release Date,Actual,Forecast,Previous,Time,,,,Time IST,,,,,,,,,,,,,,,,,,,,,,,,,,,,
,,04-Jun-25, 49.90 , 52.00 , 51.60 ,14:00,,,,19:30,,,,,,,,,,,,,,,,,,,,,,,,,,,,
,,05-May-25, 51.60 , 50.20 , 50.80 ,14:00,,,,19:30,,,,,,,,,,,,,,,,,,,,,,,,,,,,
,,03-Apr-25, 50.80 , 53.00 , 53.50 ,15:00,,,,20:30,,,,,,,,,,,,,,,,,,,,,,,,,,,,
,,05-Mar-25, 53.50 , 52.50 , 52.80 ,15:00,,,,20:30,,,,,,,,,,,,,,,,,,,,,,,,,,,,
,,05-Feb-25, 52.80 , 54.20 , 54.00 ,15:00,,,,20:30,,,,,,,,,,,,,,,,,,,,,,,,,,,,
,,07-Jan-25, 54.10 , 53.50 , 52.10 ,15:00,,,,20:30,,,,,,,,,,,,,,,,,,,,,,,,,,,,
,1,Event,USD - ISM Non-Manufacturing Prices (Jun),,,Asset,Description,,,IST Time,,,,,,,,,,,,,,,,,,,,,,,,,,,,
,,Actual:,,,,C:USDJPY,"The Institute of Supply Management (ISM) Non-Manufacturing Purchasing Managers' Index (PMI) (also known as the ISM Services PMI) report on Business, is based on data compiled from monthly replies to questions asked of more than 370 purchasing and supply executives in over 62 different industries.

The Prices Paid subcategory is a diffusion index calculated by adding the percent of responses indicating they paid more for inputs plus one-half of those responding that they paid the same for inputs. The resulting single index number is then seasonally adjusted.

The Prices Paid diffusion index is one of a number of indicators pointing to the degree of inflationary pressures in the economy.

A reading that is stronger than forecast is generally supportive (bullish) for the USD, while a weaker than forecast reading is generally negative (bearish) for the USD.


Learn More: USDJPY | EURUSD2",,,,,,,,,,,,,,,,,,,,,,,,,,,,,,,
,,Forecast:, -   ,,,USDJPY.sd,,,,,,,,,,,,,,,,,,,,,,,,,,,,,,,,
,,Previous:, 68.70 ,,,,,,,,,,,,,,,,,,,,,,,,,,,,,,,,,,,
,,Time (GMT):,14:00,,,,,,,19:30,,,,,,,,,,,,,,,,,,,,,,,,,,,,
,,Release Date,Actual,Forecast,Previous,Time,,,,Time IST,,,,,,,,,,,,,,,,,,,,,,,,,,,,
,,04-Jun-25, 68.70 , 65.10 , 65.10 ,14:00,,,,19:30,,,,,,,,,,,,,,,,,,,,,,,,,,,,
,,05-May-25, 65.10 , 61.20 , 60.90 ,14:00,,,,19:30,,,,,,,,,,,,,,,,,,,,,,,,,,,,
,,03-Apr-25, 60.90 , 63.10 , 62.60 ,15:00,,,,20:30,,,,,,,,,,,,,,,,,,,,,,,,,,,,
,,05-Mar-25, 62.60 , 60.00 , 60.40 ,15:00,,,,20:30,,,,,,,,,,,,,,,,,,,,,,,,,,,,
,,05-Feb-25, 60.40 , -   , 64.40 ,15:00,,,,20:30,,,,,,,,,,,,,,,,,,,,,,,,,,,,
,,07-Jan-25, 64.40 , 57.50 , 58.20 ,12:30,,,,18:00,,,,,,,,,,,,,,,,,,,,,,,,,,,,
x,1,Event,AUD - RBA Interest Rate Decision (Jul),,,Asset,Description,,,IST Time,,,,,,,,,,,,,,,,,,,,,,,,,,,,
,,Actual:,,,,C:AUDJPY,"The Reserve Bank of Australia (RBA) reports its decision on where to set the benchmark interest rate. As short term interest rates are an important determinant of currency valuation, traders watch interest rate changes closely.

A reading that is stronger than forecast is generally supportive (bullish) for the AUD, while a weaker than forecast reading is generally negative (bearish) for the AUD.

Learn More: AUDJPY | AUDUSD",,,,,,,,,,,,,,,,,,,,,,,,,,,,,,,
,,Forecast:,,,,AUDJPY.sd,,,,,,,,,,,,,,,,,,,,,,,,,,,,,,,,
,,Previous:,3.85%,,,,,,,,,,,,,,,,,,,,,,,,,,,,,,,,,,,
,,Time (GMT):,4:30,,,,,,,10:00,,,,,,,,,,,,,,,,,,,,,,,,,,,,
,,Release Date,Actual,Forecast,Previous,Time,,,,Time IST,,,,,,,,,,,,,,,,,,,,,,,,,,,,
,,20-May-25,3.85%,3.85%,4.10%,4:30,,,,10:00,,,,,,,,,,,,,,,,,,,,,,,,,,,,
,,01-Apr-25,4.10%,4.10%,4.10%,3:30,,,,9:00,,,,,,,,,,,,,,,,,,,,,,,,,,,,
,,18-Feb-25,4.10%,4.10%,4.35%,3:30,,,,9:00,,,,,,,,,,,,,,,,,,,,,,,,,,,,
,,10-Dec-24,4.35%,4.35%,4.35%,3:30,,,,9:00,,,,,,,,,,,,,,,,,,,,,,,,,,,,
,,05-Nov-24,4.35%,4.35%,4.35%,3:30,,,,9:00,,,,,,,,,,,,,,,,,,,,,,,,,,,,
,,21-May-25,4.35%,4.35%,4.35%,14:30,,,,20:00,,,,,,,,,,,,,,,,,,,,,,,,,,,,
,1,Event,USD - 10-Year Note Auction,,,Asset,Description,,,IST Time,,,,,,,,,,,,,,,,,,,,,,,,,,,,
,,Actual:,,,,C:USDJPY,"The Reserve Bank of Australia (RBA) reports its decision on where to set the benchmark interest rate. As short term interest rates are an important determinant of currency valuation, traders watch interest rate changes closely.

A reading that is stronger than forecast is generally supportive (bullish) for the AUD, while a weaker than forecast reading is generally negative (bearish) for the AUD.

Learn More: AUDJPY | AUDUSD",,,,,,,,,,,,,,,,,,,,,,,,,,,,,,,
,,Forecast:,,,,USDJPY.sd,,,,,,,,,,,,,,,,,,,,,,,,,,,,,,,,
,,Previous:,4.42%,,,,,,,,,,,,,,,,,,,,,,,,,,,,,,,,,,,
,,Time (GMT):,17:00,,,,,,,22:30,,,,,,,,,,,,,,,,,,,,,,,,,,,,
,,Release Date,Actual,Forecast,Previous,Time,,,,Time IST,,,,,,,,,,,,,,,,,,,,,,,,,,,,
,,11-Jun-25,4.42%,,4.34%,18:00,,,,23:30,,,,,,,,,,,,,,,,,,,,,,,,,,,,
,,06-May-25,4.34%,,4.44%,17:00,,,,22:30,,,,,,,,,,,,,,,,,,,,,,,,,,,,
,,09-Apr-25,4.44%,,4.31%,17:00,,,,22:30,,,,,,,,,,,,,,,,,,,,,,,,,,,,
,,12-Mar-25,4.31%,,4.63%,17:00,,,,22:30,,,,,,,,,,,,,,,,,,,,,,,,,,,,
,,12-Feb-25,4.63%,,4.68%,18:00,,,,23:30,,,,,,,,,,,,,,,,,,,,,,,,,,,,
,,07-Jan-25,4.35%,,4.35%,4:30,,,,10:00,,,,,,,,,,,,,,,,,,,,,,,,,,,,
,1,Event,NZD - RBNZ Interest Rate Decision,,,Asset,Description,,,IST Time,,,,,,,,,,,,,,,,,,,,,,,,,,,,
,,Actual:,,,,C:NZDJPY,"
The figures displayed in the calendar represent the yield on the Treasury Note auctioned.

U.S. Treasury Notes have maturities of two to ten years. Governments issue treasuries to borrow money to cover the gap between the amount they receive in taxes and the amount they spend to refinance existing debt and/or to raise capital. The rate on a Treasury Note represents the return an investor will receive by holding the note for its entire duration. All bidders receive the same rate at the highest accepted bid.

Yield fluctuations should be monitored closely as an indicator of the government debt situation. Investors compare the average rate at auction to the rate at previous auctions of the same security.

Learn More: USDJPY | EURUSD",,,,,,,,,,,,,,,,,,,,,,,,,,,,,,,
,,Forecast:,,,,NZDJPY.sd,,,,,,,,,,,,,,,,,,,,,,,,,,,,,,,,
,,Previous:,3.25%,,,,,,,,,,,,,,,,,,,,,,,,,,,,,,,,,,,
,,Time (GMT):,2:00,,,,,,,7:30,,,,,,,,,,,,,,,,,,,,,,,,,,,,
,,Release Date,Actual,Forecast,Previous,Time,,,,Time IST,,,,,,,,,,,,,,,,,,,,,,,,,,,,
,,28-May-25,3.25%,3.25%,3.50%,2:00,,,,7:30,,,,,,,,,,,,,,,,,,,,,,,,,,,,
,,09-Apr-25,3.50%,3.50%,3.75%,1:00,,,,6:30,,,,,,,,,,,,,,,,,,,,,,,,,,,,
,,19-Feb-25,3.75%,3.75%,4.25%,1:00,,,,6:30,,,,,,,,,,,,,,,,,,,,,,,,,,,,
,,27-Nov-24,4.25%,4.25%,4.75%,1:00,,,,6:30,,,,,,,,,,,,,,,,,,,,,,,,,,,,
,,09-Oct-24,4.75%,4.75%,5.25%,2:00,,,,7:30,,,,,,,,,,,,,,,,,,,,,,,,,,,,
,,14-Aug-24,5.25%,5.50%,5.50%,18:00,,,,23:30,,,,,,,,,,,,,,,,,,,,,,,,,,,,
,1,Event,USD - Crude Oil Inventories,,,Asset,Description,,,IST Time,,,,,,,,,,,,,,,,,,,,,,,,,,,,
,,Actual:,,,,USOILRoll,"
The Energy Information Administration's (EIA) Crude Oil Inventories measures the weekly change in the number of barrels of commercial crude oil held by US firms. The level of inventories influences the price of petroleum products, which can have an impact on inflation.

If the increase in crude inventories is more than expected, it implies weaker demand and is bearish for crude prices. The same can be said if a decline in inventories is less than expected.
If the increase in crude is less than expected, it implies greater demand and is bullish for crude prices. The same can be said if a decline in inventories is more than expected.

Learn More: USOILRoll",,,,,,,,,,,,,,,,,,,,,,,,,,,,,,,
,,Forecast:,,,,USOILRoll,,,,,,,,,,,,,,,,,,,,,,,,,,,,,,,,
,,Previous:,3.845M,,,,,,,,,,,,,,,,,,,,,,,,,,,,,,,,,,,
,,Time (GMT):,14:30,,,,,,,20:00,,,,,,,,,,,,,,,,,,,,,,,,,,,,
,,Release Date,Actual,Forecast,Previous,Time,,,,Time IST,,,,,,,,,,,,,,,,,,,,,,,,,,,,
,,02-Jul-25,3.845,-3.50,-5.83,17:30,,,,20:00,,,,,,,,,,,,,,,,,,,,,,,,,,,,
,,25-Jun-25,-5.83,-1.20,-11.4,17:30,,,,20:00,,,,,,,,,,,,,,,,,,,,,,,,,,,,
,,18-Jun-25,-11.4,-2.30,-3.64,17:30,,,,20:00,,,,,,,,,,,,,,,,,,,,,,,,,,,,
,,11-Jun-25,-3.64,-2.40,-4.30,17:30,,,,20:00,,,,,,,,,,,,,,,,,,,,,,,,,,,,
,,04-Jun-25,-4.30,-2.90,-2.79,19:00,,,,21:30,,,,,,,,,,,,,,,,,,,,,,,,,,,,
,,29-May-25,-2.79,1.000,1.328,21:00,,,,23:30,,,,,,,,,,,,,,,,,,,,,,,,,,,,
,1,Event,USD - FOMC Meeting Minutes,,,Asset,Description,,,IST Time,,,,,,,,,,,,,,,,,,,,,,,,,,,,
,,Actual:,,,,C:USDJPY,"The Federal Open Market Committee (FOMC) Meeting Minutes are a detailed record of the committee's policy-setting meeting held about three weeks earlier. The minutes offer detailed insights regarding the FOMC's stance on monetary policy, so currency traders carefully examine them for clues regarding the outcome of future interest rate decisions.

Learn More: USDJPY | EURUSD",,,,,,,,,,,,,,,,,,,,,,,,,,,,,,,
,,Forecast:,,,,USDJPY.sd,,,,,,,,,,,,,,,,,,,,,,,,,,,,,,,,
,,Previous:,,,,,,,,,,,,,,,,,,,,,,,,,,,,,,,,,,,,
,,Time (GMT):,18:00,,,,,,,23:30,,,,,,,,,,,,,,,,,,,,,,,,,,,,
,,Release Date,Actual,Forecast,Previous,Time,,,,Time IST,,,,,,,,,,,,,,,,,,,,,,,,,,,,
,,09-Apr-25,,,,18:00,,,,23:30,,,,,,,,,,,,,,,,,,,,,,,,,,,,
,,19-Feb-25,,,,19:00,,,,0:30,,,,,,,,,,,,,,,,,,,,,,,,,,,,
,,08-Jan-25,,,,19:00,,,,0:30,,,,,,,,,,,,,,,,,,,,,,,,,,,,
,,26-Nov-24,,,,19:00,,,,0:30,,,,,,,,,,,,,,,,,,,,,,,,,,,,
,,09-Oct-24,,,,18:00,,,,23:30,,,,,,,,,,,,,,,,,,,,,,,,,,,,
,,21-Aug-24,,,,18:00,,,,23:30,,,,,,,,,,,,,,,,,,,,,,,,,,,,
,1,Event,USD - Initial Jobless Claims,,,Asset,Description,,,IST Time,,,,,,,,,,,,,,,,,,,,,,,,,,,,
,,Actual:,,,,C:USDJPY,"
Initial Jobless Claims measures the number of people who filed for unemployment insurance for the first time during the past week. This is the most timely U.S. economic data, but the market impact varies from week to week.
A reading that is higher than forecast is generally negative (bearish) for the USD, while a lower than forecast reading is generally supportive (bullish) for the USD.

Learn More: USDJPY | EURUSD",,,,,,,,,,,,,,,,,,,,,,,,,,,,,,,
,,Forecast:,,,,USDJPY.sd,,,,,,,,,,,,,,,,,,,,,,,,,,,,,,,,
,,Previous:, 233K ,,,,,,,,,,,,,,,,,,,,,,,,,,,,,,,,,,,
,,Time (GMT):,12:30,,,,,,,18:00,,,,,,,,,,,,,,,,,,,,,,,,,,,,
,,Release Date,Actual,Forecast,Previous,Time,,,,Time IST,,,,,,,,,,,,,,,,,,,,,,,,,,,,
,,02-Jul-25,0,0,0,12:30,,,,18:00,,,,,,,,,,,,,,,,,,,,,,,,,,,,
,,26-Jun-25,0,0,0,12:30,,,,18:00,,,,,,,,,,,,,,,,,,,,,,,,,,,,
,,18-Jun-25,0,0,0,12:30,,,,18:00,,,,,,,,,,,,,,,,,,,,,,,,,,,,
,,12-Jun-25,0,0,0,12:30,,,,18:00,,,,,,,,,,,,,,,,,,,,,,,,,,,,
,,05-Jun-25,0,0,0,12:30,,,,18:00,,,,,,,,,,,,,,,,,,,,,,,,,,,,
,,28-May-25,0,0,0,12:30,,,,18:00,,,,,,,,,,,,,,,,,,,,,,,,,,,,
,1,Event,USD - 30-Year Bond Auction,,,Asset,Description,,,IST Time,,,,,,,,,,,,,,,,,,,,,,,,,,,,
,,Actual:,,,,C:USDJPY,"The figures displayed in the calendar represent the yield on the Treasury Bond auctioned.

U.S. Treasury Bonds have maturities from ten up to 30 years. Governments issue treasuries to borrow money to cover the gap between the amount they receive in taxes and the amount they spend to refinance existing debt and/or to raise capital. The rate on a Treasury Bond represents the return an investor will receive by holding the bond for its entire duration. All bidders receive the same rate at the highest accepted bid.

Yield fluctuations should be monitored closely as an indicator of the government debt situation. Investors compare the average rate at auction to the rate at previous auctions of the same security.

Learn More: USDJPY | EURUSD",,,,,,,,,,,,,,,,,,,,,,,,,,,,,,,
,,Forecast:,,,,USDJPY.sd,,,,,,,,,,,,,,,,,,,,,,,,,,,,,,,,
,,Previous:,4.844%,,,,,,,,,,,,,,,,,,,,,,,,,,,,,,,,,,,
,,Time (GMT):,17:00,,,,,,,22:30,,,,,,,,,,,,,,,,,,,,,,,,,,,,
,,Release Date,Actual,Forecast,Previous,Time,,,,Time IST,,,,,,,,,,,,,,,,,,,,,,,,,,,,
,,12-Jun-25,4.8440%,,4.8190%,17:00,,,,22:30,,,,,,,,,,,,,,,,,,,,,,,,,,,,
,,07-May-25,4.8190%,,4.8130%,17:00,,,,22:30,,,,,,,,,,,,,,,,,,,,,,,,,,,,
,,10-Apr-25,4.8130%,,4.6230%,17:00,,,,22:30,,,,,,,,,,,,,,,,,,,,,,,,,,,,
,,13-Mar-25,4.6230%,,4.7480%,18:00,,,,23:30,,,,,,,,,,,,,,,,,,,,,,,,,,,,
,,13-Feb-25,4.7480%,,4.9130%,18:00,,,,23:30,,,,,,,,,,,,,,,,,,,,,,,,,,,,
,,08-Jan-25,4.9130%,,4.5350%,18:00,,,,23:30,,,,,,,,,,,,,,,,,,,,,,,,,,,,
,1,Event,GBP - GDP (MoM) (May),,,Asset,Description,,,IST Time,,,,,,,,,,,,,,,,,,,,,,,,,,,,
,,Actual:,,,,C:GBPJPY,"Gross Domestic Product (GDP) measures the annualized change in the inflation-adjusted value of all goods and services produced by the economy. It is the broadest measure of economic activity and the primary indicator of the economy's health. A higher than expected reading should be taken as positive/bullish for the GBP, while a lower than expected reading should be taken as negative/bearish for the GBP.

Learn More: GBPJPY | GBPUSD",,,,,,,,,,,,,,,,,,,,,,,,,,,,,,,
,,Forecast:,,,,GBPJPY.sd,,,,,,,,,,,,,,,,,,,,,,,,,,,,,,,,
,,Previous:,-0.30%,,,,,,,,,,,,,,,,,,,,,,,,,,,,,,,,,,,
,,Time (GMT):,6:00,,,,,,,11:30,,,,,,,,,,,,,,,,,,,,,,,,,,,,
,,Release Date,Actual,Forecast,Previous,Time,,,,Time IST,,,,,,,,,,,,,,,,,,,,,,,,,,,,
,,12-Jun-25,-0.30%,-0.10%,0.20%,6:00,,,,11:30,,,,,,,,,,,,,,,,,,,,,,,,,,,,
,,15-May-25,0.20%,0.00%,0.50%,6:00,,,,11:30,,,,,,,,,,,,,,,,,,,,,,,,,,,,
,,11-Apr-25,0.50%,0.10%,0.00%,7:00,,,,12:30,,,,,,,,,,,,,,,,,,,,,,,,,,,,
,,14-Mar-25,-0.10%,0.10%,0.40%,7:00,,,,12:30,,,,,,,,,,,,,,,,,,,,,,,,,,,,
,,13-Feb-25,0.40%,0.10%,0.10%,7:00,,,,12:30,,,,,,,,,,,,,,,,,,,,,,,,,,,,
,,16-Jan-25,0.10%,0.20%,-0.10%,7:00,,,,12:30,,,,,,,,,,,,,,,,,,,,,,,,,,,,
,1,Event,EUR - German CPI (MoM) (Jun),,,Asset,Description,,,IST Time,,,,,,,,,,,,,,,,,,,,,,,,,,,,
,,Actual:,,,,C:EURJPY,"The Consumer Price Index (CPI) measures the change in the prices of goods and services from the perspective of the consumer. As Germany has the largest output of any country in the euro-zone, the European Central bank pays very close attention to this figure in its role of maintaining price stability.

A reading that is stronger than forecast is generally supportive (bullish) for the EUR, while a weaker than forecast reading is generally negative (bearish) for the EUR.

Learn More: EURJPY | EURUSD",,,,,,,,,,,,,,,,,,,,,,,,,,,,,,,
,,Forecast:,,,,EURJPY.sd,,,,,,,,,,,,,,,,,,,,,,,,,,,,,,,,
,,Previous:,0.00%,,,,,,,,,,,,,,,,,,,,,,,,,,,,,,,,,,,
,,Time (GMT):,6:00,,,,,,,11:30,,,,,,,,,,,,,,,,,,,,,,,,,,,,
,,Release Date,Actual,Forecast,Previous,Time,,,,Time IST,,,,,,,,,,,,,,,,,,,,,,,,,,,,
,,30-Jun-25,0.00%,0.20%,0.10%,9:00,,,,11:30,,,,,,,,,,,,,,,,,,,,,,,,,,,,
,,13-Jun-25,0.10%,0.10%,0.40%,15:00,,,,17:30,,,,,,,,,,,,,,,,,,,,,,,,,,,,
,,30-May-25,0.10%,0.10%,0.40%,9:00,,,,11:30,,,,,,,,,,,,,,,,,,,,,,,,,,,,
,,14-May-25,0.40%,0.40%,0.30%,15:00,,,,17:30,,,,,,,,,,,,,,,,,,,,,,,,,,,,
,,30-Apr-25,0.40%,0.30%,0.30%,9:00,,,,11:30,,,,,,,,,,,,,,,,,,,,,,,,,,,,
,,11-Apr-25,0.30%,0.30%,0.40%,15:00,,,,17:30,,,,,,,,,,,,,,,,,,,,,,,,,,,,
x,1,Event,CNY - GDP (YoY) (Q2),,,Asset,Description,,,IST Time,MT5 server time,,,,,,,,,,,,,,,,,,,,,,,,,,,
,,Actual:,,,,C:USDCNY,"

Gross Domestic Product (GDP) gauges the inflation-adjusted value of all goods and services produced within the economy. It is the most comprehensive measure of economic activity and an important indicator of economic health.

A reading that is stronger than forecast is generally supportive (bullish) for the CNY, while a weaker than forecast reading is generally negative (bearish) for the CNY.

Learn More: USDCNY |USDCNH",,,,CNY - GDP (YoY) (Q2),,,,,,,,,,,,,,,,,,,,,,,,,,,
,,Forecast:,,,,USDCNY.sd,,,,,,,,,,,,,,,,,,,,,,,,,,,,,,,,
,,Previous:, 0.05 ,,,,,,,,,,,,,,,,,,,,,,,,,,,,,,,,,,,
,,Time (GMT):,2:00,,,,,,,7:30,5:00,,,,,,,,,,,,,,,,,,,,,,,,,,,
,,Release Date,Actual,Forecast,Previous,Time,,,,Time IST,,,,,,,,,,,,,,,,,,,,,,,,,,,,
,,16-Apr-25, 0.05 , 0.05 , 0.05 ,2:00,,,,7:30,,,,,,,,,,,,,,,,,,,,,,,,,,,,
,,17-Jan-25, 0.05 , 0.05 , 0.05 ,2:00,,,,7:30,,,,,,,,,,,,,,,,,,,,,,,,,,,,
,,18-Oct-24, 0.05 , 0.05 , 0.05 ,2:00,,,,7:30,,,,,,,,,,,,,,,,,,,,,,,,,,,,
,,15-Jul-24, 0.05 , 0.05 , 0.05 ,2:00,,,,7:30,,,,,,,,,,,,,,,,,,,,,,,,,,,,
,,16-Apr-24, 0.05 , 0.05 , 0.05 ,2:00,,,,7:30,,,,,,,,,,,,,,,,,,,,,,,,,,,,
,,11-Dec-24, 0.05 , 0.05 , 0.05 ,2:00,,,,7:30,,,,,,,,,,,,,,,,,,,,,,,,,,,,
,1,Event,USD - Core CPI (MoM) (Jun),,,Asset,Description,,,IST Time,MT5 server time,,,,,,,,,,,,,,,,,,,,,,,,,,,
,,Actual:,,,,C:USDJPY,"
The Consumer Price Index (CPI) measures the change in the prices of goods and services contained in a basket of consumer items. The Central bank pays very close attention to this figure in its role of maintaining price stability.

A reading that is stronger than forecast is generally supportive (bullish) for the USD, while a weaker than forecast reading is generally negative (bearish) for the USD.

Learn More: USDJPY |EURUSD",,,,USD - Core CPI (MoM) (Jun),,,,,,,,,,,,,,,,,,,,,,,,,,,
,,Forecast:,,,,USDJPY.sd,,,,,,,,,,,,,,,,,,,,,,,,,,,,,,,,
,,Previous:, 0.00 ,,,,,,,,,,,,,,,,,,,,,,,,,,,,,,,,,,,
,,Time (GMT):,12:30,,,,,,,18:00,15:30,,,,,,,,,,,,,,,,,,,,,,,,,,,
,,Release Date,Actual,Forecast,Previous,Time,,,,Time IST,,,,,,,,,,,,,,,,,,,,,,,,,,,,
,,11-Jun-25,0.10%,0.30%,0.20%,12:30,,,,18:00,,,,,,,,,,,,,,,,,,,,,,,,,,,,
,,13-May-25,0.20%,0.30%,0.10%,12:30,,,,18:00,,,,,,,,,,,,,,,,,,,,,,,,,,,,
,,10-Apr-25,0.10%,0.30%,0.20%,12:30,,,,18:00,,,,,,,,,,,,,,,,,,,,,,,,,,,,
,,12-Mar-25,0.20%,0.30%,0.40%,13:30,,,,19:00,,,,,,,,,,,,,,,,,,,,,,,,,,,,
,,12-Feb-25,0.40%,0.30%,0.20%,13:30,,,,19:00,,,,,,,,,,,,,,,,,,,,,,,,,,,,
,,15-Jan-25,0.20%,0.30%,0.30%,13:30,,,,19:00,,,,,,,,,,,,,,,,,,,,,,,,,,,,
,1,Event,USD - CPI (MoM) (Jun),,,Asset,Description,,,IST Time,MT5 server time,,,,,,,,,,,,,,,,,,,,,,,,,,,
,,Actual:,,,,C:USDJPY,"
The Consumer Price Index (CPI) measures the change in the prices of goods and services contained in a basket of consumer items. The Central bank pays very close attention to this figure in its role of maintaining price stability.

A reading that is stronger than forecast is generally supportive (bullish) for the USD, while a weaker than forecast reading is generally negative (bearish) for the USD.

Learn More: USDJPY |EURUSD",,,,USD - CPI (MoM) (Jun),,,,,,,,,,,,,,,,,,,,,,,,,,,
,,Forecast:,,,,USDJPY.sd,,,,,,,,,,,,,,,,,,,,,,,,,,,,,,,,
,,Previous:,0.10%,,,,,,,,,,,,,,,,,,,,,,,,,,,,,,,,,,,
,,Time (GMT):,12:30,,,,,,,18:00,15:30,,,,,,,,,,,,,,,,,,,,,,,,,,,
,,Release Date,Actual,Forecast,Previous,Time,,,,Time IST,,,,,,,,,,,,,,,,,,,,,,,,,,,,
,,11-Jun-25, 0.00 , 0.00 , 0.00 ,12:30,,,,18:00,,,,,,,,,,,,,,,,,,,,,,,,,,,,
,,13-May-25, 0.00 , 0.00 , (0.00),12:30,,,,18:00,,,,,,,,,,,,,,,,,,,,,,,,,,,,
,,10-Apr-25, (0.00), 0.00 , 0.00 ,12:30,,,,18:00,,,,,,,,,,,,,,,,,,,,,,,,,,,,
,,12-Mar-25, 0.00 , 0.00 , 0.01 ,13:30,,,,19:00,,,,,,,,,,,,,,,,,,,,,,,,,,,,
,,12-Feb-25, 0.01 , 0.00 , 0.00 ,13:30,,,,19:00,,,,,,,,,,,,,,,,,,,,,,,,,,,,
,,15-Jan-25, 0.00 , 0.00 , 0.00 ,13:30,,,,19:00,,,,,,,,,,,,,,,,,,,,,,,,,,,,
,1,Event,USD - CPI (YoY) (Jun),,,Asset,Description,,,IST Time,MT5 server time,,,,,,,,,,,,,,,,,,,,,,,,,,,
,,Actual:,,,,C:USDJPY,"
The Core Consumer Price Index (CPI) measures the changes in the price of goods and services, excluding food and energy. The Central bank pays very close attention to this figure in its role of maintaining price stability. Because the Fed believes that core inflation is a better gauge of underlying price pressures, it is more closely watched than overall inflation which tends to be more volatile.

A reading that is stronger than forecast is generally supportive (bullish) for the USD, while a weaker than forecast reading is generally negative (bearish) for the USD.

Learn More: USDJPY |EURUSD",,,,USD - CPI (YoY) (Jun),,,,,,,,,,,,,,,,,,,,,,,,,,,
,,Forecast:,,,,USDJPY.sd,,,,,,,,,,,,,,,,,,,,,,,,,,,,,,,,
,,Previous:,2.40%,,,,,,,,,,,,,,,,,,,,,,,,,,,,,,,,,,,
,,Time (GMT):,12:30,,,,,,,18:00,15:30,,,,,,,,,,,,,,,,,,,,,,,,,,,
,,Release Date,Actual,Forecast,Previous,Time,,,,Time IST,,,,,,,,,,,,,,,,,,,,,,,,,,,,
,,11-Jun-25, 0.02 , 0.03 , 0.02 ,12:30,,,,18:00,,,,,,,,,,,,,,,,,,,,,,,,,,,,
,,13-May-25, 0.02 , 0.02 , 0.02 ,12:30,,,,18:00,,,,,,,,,,,,,,,,,,,,,,,,,,,,
,,10-Apr-25, 0.02 , 0.03 , 0.03 ,12:30,,,,18:00,,,,,,,,,,,,,,,,,,,,,,,,,,,,
,,12-Mar-25, 0.03 , 0.03 , 0.03 ,12:30,,,,18:00,,,,,,,,,,,,,,,,,,,,,,,,,,,,
,,12-Feb-25, 0.03 , 0.03 , 0.03 ,13:30,,,,19:00,,,,,,,,,,,,,,,,,,,,,,,,,,,,
,,15-Jan-25, 0.05 , 0.05 , 0.05 ,13:30,,,,19:00,,,,,,,,,,,,,,,,,,,,,,,,,,,,
,1,Event,GBP - CPI (YoY) (Jun),,,Asset,Description,,,IST Time,MT5 server time,,,,,,,,,,,,,,,,,,,,,,,,,,,
,,Actual:,,,,C:GBPJPY,"
The Consumer Price Index (CPI) measures the change in the prices of goods and services contained in a basket of consumer items. The Central bank pays very close attention to this figure in its role of maintaining price stability.

A reading that is stronger than forecast is generally supportive (bullish) for the GBP, while a weaker than forecast reading is generally negative (bearish) for the GBP.

Learn More: GBPJPY | GBPUSD",,,,GBP - CPI (YoY) (Jun),,,,,,,,,,,,,,,,,,,,,,,,,,,
,,Forecast:,,,,GBPJPY.sd,,,,,,,,,,,,,,,,,,,,,,,,,,,,,,,,
,,Previous:,3.40%,,,,,,,,,,,,,,,,,,,,,,,,,,,,,,,,,,,
,,Time (GMT):,6:00,,,,,,,11:30,9:00,,,,,,,,,,,,,,,,,,,,,,,,,,,
,,Release Date,Actual,Forecast,Previous,Time,,,,Time IST,,,,,,,,,,,,,,,,,,,,,,,,,,,,
,,18-Jun-25, 0.03 , 0.03 , 0.04 ,6:00,,,,11:30,,,,,,,,,,,,,,,,,,,,,,,,,,,,
,,21-May-25, 0.04 , 0.03 , 0.03 ,6:00,,,,11:30,,,,,,,,,,,,,,,,,,,,,,,,,,,,
,,16-Apr-25, 0.03 , 0.03 , 0.03 ,7:00,,,,12:30,,,,,,,,,,,,,,,,,,,,,,,,,,,,
,,26-Mar-25, 0.03 , 0.03 , 0.03 ,7:00,,,,12:30,,,,,,,,,,,,,,,,,,,,,,,,,,,,
,,19-Feb-25, 0.03 , 0.03 , 0.03 ,7:00,,,,12:30,,,,,,,,,,,,,,,,,,,,,,,,,,,,
,,15-Jan-25, 0.03 , 0.03 , 0.03 ,16:00,,,,21:30,,,,,,,,,,,,,,,,,,,,,,,,,,,,
,1,Event,USD - PPI (MoM) (Jun),,,Asset,Description,,,IST Time,MT5 server time,,,,,,,,,,,,,,,,,,,,,,,,,,,
,,Actual:,,,,C:USDJPY,"
The Producer Price Index (PPI) measures a change in input prices of raw, semi-finished or finished goods and services. If input costs rise, some will be absorbed by the producer and some passed on to the consumer. Conversely, if input costs fall, some of the decline will be enjoyed as wider profit margins by the producer and some will be passed on to the consumer in the form of lower prices. Because PPI impacts consumer prices, it is watched by central bankers as part of fulfilling their mandate of price stability.

A reading that is stronger than forecast is generally supportive (bullish) for the USD, while a weaker than forecast reading is generally negative (bearish) for the USD.

Learn More: GBPJPY | GBPUSD",,,,USD - PPI (MoM) (Jun),,,,,,,,,,,,,,,,,,,,,,,,,,,
,,Forecast:,,,,USDJPY.sd,,,,,,,,,,,,,,,,,,,,,,,,,,,,,,,,
,,Previous:,0.10%,,,,,,,,,,,,,,,,,,,,,,,,,,,,,,,,,,,
,,Time (GMT):,12:30,,,,,,,18:00,15:30,,,,,,,,,,,,,,,,,,,,,,,,,,,
,,Release Date,Actual,Forecast,Previous,Time,,,,Time IST,,,,,,,,,,,,,,,,,,,,,,,,,,,,
,,12-Jun-25, 0.00 , 0.00 , (0.00),12:30,,,,18:00,,,,,,,,,,,,,,,,,,,,,,,,,,,,
,,15-May-25, (0.01), 0.00 , -   ,12:30,,,,18:00,,,,,,,,,,,,,,,,,,,,,,,,,,,,
,,11-Apr-25, (0.00), 0.00 , 0.00 ,12:30,,,,18:00,,,,,,,,,,,,,,,,,,,,,,,,,,,,
,,13-Mar-25, -   , 0.00 , 0.01 ,13:30,,,,19:00,,,,,,,,,,,,,,,,,,,,,,,,,,,,
,,13-Feb-25, 0.00 , 0.00 , 0.01 ,13:30,,,,19:00,,,,,,,,,,,,,,,,,,,,,,,,,,,,
,,14-Jan-25, 0.00 , 0.00 , 0.00 ,13:30,,,,19:00,,,,,,,,,,,,,,,,,,,,,,,,,,,,
,1,Event,USD - Crude Oil Inventories,,,Asset,Description,,,IST Time,MT5 server time,,,,,,,,,,,,,,,,,,,,,,,,,,,
,,Actual:,,,,USOILRoll,"
The Energy Information Administration's (EIA) Crude Oil Inventories measures the weekly change in the number of barrels of commercial crude oil held by US firms. The level of inventories influences the price of petroleum products, which can have an impact on inflation.

If the increase in crude inventories is more than expected, it implies weaker demand and is bearish for crude prices. The same can be said if a decline in inventories is less than expected.
If the increase in crude is less than expected, it implies greater demand and is bullish for crude prices. The same can be said if a decline in inventories is more than expected.

Learn More: GBPJPY | GBPUSD",,,,USD - Crude Oil Inventories,,,,,,,,,,,,,,,,,,,,,,,,,,,
,,Forecast:,,,,USOILRoll,,,,,,,,,,,,,,,,,,,,,,,,,,,,,,,,
,,Previous:,7.070M,,,,,,,,,,,,,,,,,,,,,,,,,,,,,,,,,,,
,,Time (GMT):,14:30,,,,,,,20:00,17:30,,,,,,,,,,,,,,,,,,,,,,,,,,,
,,Release Date,Actual,Forecast,Previous,Time,,,,Time IST,,,,,,,,,,,,,,,,,,,,,,,,,,,,
,,09-Jul-25, 7.070 , -1.70 , 3.845 ,17:30,,,,20:00,,,,,,,,,,,,,,,,,,,,,,,,,,,,
,,02-Jul-25, 3.845 , -3.50 , -5.83 ,17:30,,,,20:00,,,,,,,,,,,,,,,,,,,,,,,,,,,,
,,25-Jun-25, -5.83 , -1.20 , -11.4 ,17:30,,,,20:00,,,,,,,,,,,,,,,,,,,,,,,,,,,,
,,18-Jun-25, -11.4 , -2.30 , -3.64 ,17:30,,,,20:00,,,,,,,,,,,,,,,,,,,,,,,,,,,,
,,11-Jun-25, -3.64 , -2.40 , -4.30 ,17:30,,,,20:00,,,,,,,,,,,,,,,,,,,,,,,,,,,,
,,04-Jun-25, -4.30 , -2.90 , -2.79 ,12:00,,,,14:30,,,,,,,,,,,,,,,,,,,,,,,,,,,,
,1,Event,EUR - CPI (YoY) (Jun),,,Asset,Description,,,IST Time,MT5 server time,,,,,,,,,,,,,,,,,,,,,,,,,,,
,,Actual:,,,,C:EURJPY,"The Consumer Price Index (CPI) measures the change in the prices of goods and services contained in a basket of consumer items. The Central bank pays very close attention to this figure in its role of maintaining price stability.

A reading that is stronger than forecast is generally supportive (bullish) for the EUR, while a weaker than forecast reading is generally negative (bearish) for the EUR.

Learn More: EURJPY | EURUSD",,,,EUR - CPI (YoY) (Jun),,,,,,,,,,,,,,,,,,,,,,,,,,,
,,Forecast:,,,,EURJPY.sd,,,,,,,,,,,,,,,,,,,,,,,,,,,,,,,,
,,Previous:,2.00%,,,,,,,,,,,,,,,,,,,,,,,,,,,,,,,,,,,
,,Time (GMT):,9:00,,,,,,,14:30,12:00,,,,,,,,,,,,,,,,,,,,,,,,,,,
,,Release Date,Actual,Forecast,Previous,Time,,,,Time IST,,,,,,,,,,,,,,,,,,,,,,,,,,,,
,,01-Jul-25, 0.02 , 0.02 , 0.02 ,9:00,,,,14:30,,,,,,,,,,,,,,,,,,,,,,,,,,,,
,,18-Jun-25, 0.02 , 0.02 , 0.02 ,9:00,,,,14:30,,,,,,,,,,,,,,,,,,,,,,,,,,,,
,,03-Jun-25, 0.02 , 0.02 , 0.02 ,9:00,,,,14:30,,,,,,,,,,,,,,,,,,,,,,,,,,,,
,,19-May-25, 0.02 , 0.02 , 0.02 ,9:00,,,,14:30,,,,,,,,,,,,,,,,,,,,,,,,,,,,
,,02-May-25, 0.02 , 0.02 , 0.02 ,9:00,,,,14:30,,,,,,,,,,,,,,,,,,,,,,,,,,,,
,,16-Apr-25, 0.02 , 0.02 , 0.02 ,9:00,,,,14:30,,,,,,,,,,,,,,,,,,,,,,,,,,,,
,1,Event,USD - Core Retail Sales (MoM) (Jun),,,Asset,Description,,,IST Time,MT5 server time,,,,,,,,,,,,,,,,,,,,,,,,,,,
,,Actual:,,,,C:USDJPY,"Core Retail Sales measures the change in the total value of sales at the retail level in the U.S., excluding automobiles. It is an important indicator of consumer spending which accounts for a large percentage of US GDP.

A reading that is stronger than forecast is generally supportive (bullish) for the USD, while a weaker than forecast reading is generally negative (bearish) for the USD.

Learn More: USDJPY | EURUSD",,,,USD - Core Retail Sales (MoM) (Jun),,,,,,,,,,,,,,,,,,,,,,,,,,,
,,Forecast:,,,,USDJPY.sd,,,,,,,,,,,,,,,,,,,,,,,,,,,,,,,,
,,Previous:,-0.30%,,,,,,,,,,,,,,,,,,,,,,,,,,,,,,,,,,,
,,Time (GMT):,12:30,,,,,,,18:00,15:30,,,,,,,,,,,,,,,,,,,,,,,,,,,
,,Release Date,Actual,Forecast,Previous,Time,,,,Time IST,,,,,,,,,,,,,,,,,,,,,,,,,,,,
,,17-Jun-25, (0.00), 0.00 , -   ,15:30,,,,18:00,,,,,,,,,,,,,,,,,,,,,,,,,,,,
,,15-May-25, 0.00 , 0.00 , 0.01 ,15:30,,,,18:00,,,,,,,,,,,,,,,,,,,,,,,,,,,,
,,16-Apr-25, 0.01 , 0.00 , 0.01 ,15:30,,,,18:00,,,,,,,,,,,,,,,,,,,,,,,,,,,,
,,17-Mar-25, 0.00 , 0.00 , (0.01),16:30,,,,19:00,,,,,,,,,,,,,,,,,,,,,,,,,,,,
,,14-Feb-25, (0.00), 0.00 , 0.01 ,16:30,,,,19:00,,,,,,,,,,,,,,,,,,,,,,,,,,,,
,,16-Jan-25, 0.00 , 0.01 , 0.00 ,16:30,,,,19:00,,,,,,,,,,,,,,,,,,,,,,,,,,,,
,1,Event,USD - Initial Jobless Claims,,,Asset,Description,,,IST Time,MT5 server time,,,,,,,,,,,,,,,,,,,,,,,,,,,
,,Actual:,,,,C:USDJPY,"Initial Jobless Claims measures the number of people who filed for unemployment insurance for the first time during the past week. This is the most timely U.S. economic data, but the market impact varies from week to week.
A reading that is higher than forecast is generally negative (bearish) for the USD, while a lower than forecast reading is generally supportive (bullish) for the USD.

Learn More: USDJPY | EURUSD",,,,USD - Initial Jobless Claims,,,,,,,,,,,,,,,,,,,,,,,,,,,
,,Forecast:,,,,USDJPY.sd,,,,,,,,,,,,,,,,,,,,,,,,,,,,,,,,
,,Previous:,227K,,,,,,,,,,,,,,,,,,,,,,,,,,,,,,,,,,,
,,Time (GMT):,12:30,,,,,,,18:00,15:30,,,,,,,,,,,,,,,,,,,,,,,,,,,
,,Release Date,Actual,Forecast,Previous,Time,,,,Time IST,,,,,,,,,,,,,,,,,,,,,,,,,,,,
,,10-Jul-25,0.0%,235K,233K,12:30,,,,18:00,,,,,,,,,,,,,,,,,,,,,,,,,,,,
,,03-Jul-25,233K,240K,237K,12:30,,,,18:00,,,,,,,,,,,,,,,,,,,,,,,,,,,,
,,26-Jun-25,236K,244K,246K,12:30,,,,18:00,,,,,,,,,,,,,,,,,,,,,,,,,,,,
,,18-Jun-25,245K,246K,250K,12:30,,,,18:00,,,,,,,,,,,,,,,,,,,,,,,,,,,,
,,12-Jun-25,248K,242K,248K,12:30,,,,18:00,,,,,,,,,,,,,,,,,,,,,,,,,,,,
,,05-Jun-25,247K,236K,239K,12:30,,,,18:00,,,,,,,,,,,,,,,,,,,,,,,,,,,,
,1,Event,USD - Philadelphia Fed Manufacturing Index (Jul),,,Asset,Description,,,IST Time,MT5 server time,,,,,,,,,,,,,,,,,,,,,,,,,,,
,,Actual:,,,,C:USDJPY,"

The Philadelphia Federal Reserve Manufacturing Index measures the relative level of business conditions amongst manufacturers in the Federal reserve district. A level above zero on the index indicates improving conditions; below indicates worsening conditions. The data is compiled from a survey of about 250 manufacturers in the Philadelphia Federal Reserve district.

A reading that is stronger than forecast is generally supportive (bullish) for the USD, while a weaker than forecast reading is generally negative (bearish) for the USD.

Learn More: USDJPY | EURUSD",,,,USD - Philadelphia Fed Manufacturing Index (Jul),,,,,,,,,,,,,,,,,,,,,,,,,,,
,,Forecast:,,,,USDJPY.sd,,,,,,,,,,,,,,,,,,,,,,,,,,,,,,,,
,,Previous:,0.00%,,,,,,,,,,,,,,,,,,,,,,,,,,,,,,,,,,,
,,Time (GMT):,12:30,,,,,,,18:00,15:30,,,,,,,,,,,,,,,,,,,,,,,,,,,
,,Release Date,Actual,Forecast,Previous,Time,,,,Time IST,,,,,,,,,,,,,,,,,,,,,,,,,,,,
,,20-Jun-25,-400.00%,-170.00%,-400.00%,12:30,,,,18:00,,,,,,,,,,,,,,,,,,,,,,,,,,,,
,,15-May-25,-400.00%,-1130.00%,-2640.00%,12:30,,,,18:00,,,,,,,,,,,,,,,,,,,,,,,,,,,,
,,17-Apr-25,-2640.00%,220.00%,1250.00%,12:30,,,,18:00,,,,,,,,,,,,,,,,,,,,,,,,,,,,
,,20-Mar-25,1250.00%,880.00%,1810.00%,12:30,,,,18:00,,,,,,,,,,,,,,,,,,,,,,,,,,,,
,,20-Feb-25,1810.00%,1940.00%,4430.00%,13:30,,,,19:00,,,,,,,,,,,,,,,,,,,,,,,,,,,,
,,16-Jan-25,4430.00%,-500.00%,-1090.00%,13:30,,,,19:00,,,,,,,,,,,,,,,,,,,,,,,,,,,,
,1,Event,USD - Retail Sales (MoM) (Jun),,,Asset,Description,,,IST Time,MT5 server time,,,,,,,,,,,,,,,,,,,,,,,,,,,
,,Actual:,,,,C:USDJPY,"
Retail Sales gauges the change in the aggregate value of sales at the retail level across the country. It is an important indicator of consumer spending accounting for the majority of overall economic activity.

A reading that is stronger than forecast is generally supportive (bullish) for the USD, while a weaker than forecast reading is generally negative (bearish) for the USD.

Learn More: USDJPY | EURUSD",,,,USD - Retail Sales (MoM) (Jun),,,,,,,,,,,,,,,,,,,,,,,,,,,
,,Forecast:,,,,USDJPY.sd,,,,,,,,,,,,,,,,,,,,,,,,,,,,,,,,
,,Previous:,-0.90%,,,,,,,,,,,,,,,,,,,,,,,,,,,,,,,,,,,
,,Time (GMT):,12:30,,,,,,,18:00,15:30,,,,,,,,,,,,,,,,,,,,,,,,,,,
,,Release Date,Actual,Forecast,Previous,Time,,,,Time IST,,,,,,,,,,,,,,,,,,,,,,,,,,,,
,,17-Jun-25, (0.01), (0.01), (0.00),12:30,,,,18:00,,,,,,,,,,,,,,,,,,,,,,,,,,,,
,,15-May-25, 0.00 , -   , 0.02 ,12:30,,,,18:00,,,,,,,,,,,,,,,,,,,,,,,,,,,,
,,16-Apr-25, 0.01 , 0.01 , 0.00 ,12:30,,,,18:00,,,,,,,,,,,,,,,,,,,,,,,,,,,,
,,17-Mar-25, 0.00 , 0.01 , (0.01),13:30,,,,19:00,,,,,,,,,,,,,,,,,,,,,,,,,,,,
,,14-Feb-25, (0.01), (0.00), 0.01 ,13:30,,,,19:00,,,,,,,,,,,,,,,,,,,,,,,,,,,,
,,16-Jan-25, 0.00 , 0.01 , 0.01 ,13:30,,,,19:00,,,,,,,,,,,,,,,,,,,,,,,,,,,,
x,1,Event,Japan - Marine Day,,,Asset,Description,,,IST Time,MT5 server time,,,,,,,,,,,,,,,,,,,,,,,,,,,
,,Actual:,,,,C:USDCNY,"[]

Learn More: []",,,,Japan - Marine Day,,,,,,,,,,,,,,,,,,,,,,,,,,,
,,Forecast:,,,,USDCNY.sd,,,,,,,,,,,,,,,,,,,,,,,,,,,,,,,,
,,Previous:, -   ,,,,,,,,,,,,,,,,,,,,,,,,,,,,,,,,,,,
,,Time (GMT):,#VALUE!,,,,,,,All Day,#VALUE!,,,,,,,,,,,,,,,,,,,,,,,,,,,
,,Release Date,Actual,Forecast,Previous,Time,,,,Time IST,,,,,,,,,,,,,,,,,,,,,,,,,,,,
,,16-Apr-25, 0.05 , 0.05 , 0.05 ,2:00,,,,7:30,,,,,,,,,,,,,,,,,,,,,,,,,,,,
,,17-Jan-25, 0.05 , 0.05 , 0.05 ,2:00,,,,7:30,,,,,,,,,,,,,,,,,,,,,,,,,,,,
,,18-Oct-24, 0.05 , 0.05 , 0.05 ,2:00,,,,7:30,,,,,,,,,,,,,,,,,,,,,,,,,,,,
,,15-Jul-24, 0.05 , 0.05 , 0.05 ,2:00,,,,7:30,,,,,,,,,,,,,,,,,,,,,,,,,,,,
,,16-Apr-24, 0.05 , 0.05 , 0.05 ,2:00,,,,7:30,,,,,,,,,,,,,,,,,,,,,,,,,,,,
,,17-Jan-24, 0.05 , 0.05 , 0.05 ,2:00,,,,7:30,,,,,,,,,,,,,,,,,,,,,,,,,,,,
,1,Event,USD - Fed Chair Powell Speaks,,,Asset,Description,,,IST Time,MT5 server time,,,,,,,,,,,,,,,,,,,,,,,,,,,
,,Actual:,,,,C:USDJPY,"Federal Reserve Chair Jerome Powell (Feb. 2018 – Feb. 2026) is to speak. As head of the Fed, which controls short term interest rates, he has more influence over the U.S. dollar's value than any other person. Traders closely watch his speeches as they are often used to drop hints regarding future monetary policy.

Learn More: USDJPY | EURUSD",,,,USD - Fed Chair Powell Speaks,,,,,,,,,,,,,,,,,,,,,,,,,,,
,,Forecast:,,,,USDJPY.sd,,,,,,,,,,,,,,,,,,,,,,,,,,,,,,,,
,,Previous:, -   ,,,,,,,,,,,,,,,,,,,,,,,,,,,,,,,,,,,
,,Time (GMT):,12:30,,,,,,,18:00,15:30,,,,,,,,,,,,,,,,,,,,,,,,,,,
,,Release Date,Actual,Forecast,Previous,Time,,,,Time IST,,,,,,,,,,,,,,,,,,,,,,,,,,,,
,,01-Jul-25,,,,13:30,,,,19:00,,,,,,,,,,,,,,,,,,,,,,,,,,,,
,,02-Jun-25,,,,17:00,,,,22:30,,,,,,,,,,,,,,,,,,,,,,,,,,,,
,,25-May-25,,,,18:40,,,,0:10,,,,,,,,,,,,,,,,,,,,,,,,,,,,
,,15-May-25,,,,12:40,,,,18:10,,,,,,,,,,,,,,,,,,,,,,,,,,,,
,,16-Apr-25,,,,17:30,,,,23:00,,,,,,,,,,,,,,,,,,,,,,,,,,,,
,,04-Apr-25,,,,15:25,,,,20:55,,,,,,,,,,,,,,,,,,,,,,,,,,,,
,1,Event,USD - Existing Home Sales (Jun),,,Asset,Description,,,IST Time,MT5 server time,,,,,,,,,,,,,,,,,,,,,,,,,,,
,,Actual:,,,,C:USDJPY,"


The European Central Bank publishes its decision on where to set the benchmark interest rate. As short term interest rates are an important determinant of currency valuation, traders watch interest rate changes closely.



A reading that is stronger than forecast is generally supportive (bullish) for the EUR, while a weaker than forecast reading is generally negative (bearish) for the EUR.

Learn More: EURUSD | USDJPY",,,,USD - Existing Home Sales (Jun),,,,,,,,,,,,,,,,,,,,,,,,,,,
,,Forecast:,,,,USDJPY.sd,,,,,,,,,,,,,,,,,,,,,,,,,,,,,,,,
,,Previous:, 4.03M ,,,,,,,,,,,,,,,,,,,,,,,,,,,,,,,,,,,
,,Time (GMT):,14:00,,,,,,,19:30,17:00,,,,,,,,,,,,,,,,,,,,,,,,,,,
,,Release Date,Actual,Forecast,Previous,Time,,,,Time IST,,,,,,,,,,,,,,,,,,,,,,,,,,,,
,,23-Jun-25,4.03,3.96,4.00,14:00,,,,19:30,,,,,,,,,,,,,,,,,,,,,,,,,,,,
,,22-May-25,4.00,4.15,4.02,14:00,,,,19:30,,,,,,,,,,,,,,,,,,,,,,,,,,,,
,,24-Apr-25,4.02,4.14,4.27,14:00,,,,19:30,,,,,,,,,,,,,,,,,,,,,,,,,,,,
,,20-Mar-25,4.26,3.95,4.09,14:00,,,,19:30,,,,,,,,,,,,,,,,,,,,,,,,,,,,
,,21-Feb-25,4.08,4.13,4.29,15:00,,,,20:30,,,,,,,,,,,,,,,,,,,,,,,,,,,,
,,24-Jan-25,4.24,4.19,4.15,15:00,,,,20:30,,,,,,,,,,,,,,,,,,,,,,,,,,,,
,1,Event,USD - Crude Oil Inventories,,,Asset,Description,,,IST Time,MT5 server time,,,,,,,,,,,,,,,,,,,,,,,,,,,
,,Actual:,,,,USOILRoll,"

The Energy Information Administration's (EIA) Crude Oil Inventories measures the weekly change in the number of barrels of commercial crude oil held by US firms. The level of inventories influences the price of petroleum products, which can have an impact on inflation.

If the increase in crude inventories is more than expected, it implies weaker demand and is bearish for crude prices. The same can be said if a decline in inventories is less than expected.
If the increase in crude is less than expected, it implies greater demand and is bullish for crude prices. The same can be said if a decline in inventories is more than expected.

Learn More: USOILRoll",,,,USD - Crude Oil Inventories,,,,,,,,,,,,,,,,,,,,,,,,,,,
,,Forecast:,,,,USOILRoll,,,,,,,,,,,,,,,,,,,,,,,,,,,,,,,,
,,Previous:, -3.859M ,,,,,,,,,,,,,,,,,,,,,,,,,,,,,,,,,,,
,,Time (GMT):,14:30,,,,,,,20:00,17:30,,,,,,,,,,,,,,,,,,,,,,,,,,,
,,Release Date,Actual,Forecast,Previous,Time,,,,Time IST,,,,,,,,,,,,,,,,,,,,,,,,,,,,
,,16-Jul-25,-3.85,-1.80,7.070,17:30,,,,20:00,,,,,,,,,,,,,,,,,,,,,,,,,,,,
,,09-Jul-25,7.070,-1.70,3.845,17:30,,,,20:00,,,,,,,,,,,,,,,,,,,,,,,,,,,,
,,02-Jul-25,3.845,-3.50,-5.83,17:30,,,,20:00,,,,,,,,,,,,,,,,,,,,,,,,,,,,
,,25-Jun-25,-5.83,-1.20,-11.4,17:30,,,,20:00,,,,,,,,,,,,,,,,,,,,,,,,,,,,
,,18-Jun-25,-11.4,-2.30,-3.64,17:30,,,,20:00,,,,,,,,,,,,,,,,,,,,,,,,,,,,
,,11-Jun-25,-3.64,-2.40,-4.30,17:30,,,,20:00,,,,,,,,,,,,,,,,,,,,,,,,,,,,
,1,Event,EUR - Deposit Facility Rate (Jul),,,Asset,Description,,,IST Time,MT5 server time,,,,,,,,,,,,,,,,,,,,,,,,,,,
,,Actual:,,,,C:EURJPY,"

The deposit facility is the rate which banks may use to make overnight deposits with the Eurosystem.

Learn More: EURUSD | USDJPY",,,,EUR - Deposit Facility Rate (Jul),,,,,,,,,,,,,,,,,,,,,,,,,,,
,,Forecast:,,,,EURJPY.sd,,,,,,,,,,,,,,,,,,,,,,,,,,,,,,,,
,,Previous:,2.00%,,,,,,,,,,,,,,,,,,,,,,,,,,,,,,,,,,,
,,Time (GMT):,12:15,,,,,,,17:45,15:15,,,,,,,,,,,,,,,,,,,,,,,,,,,
,,Release Date,Actual,Forecast,Previous,Time,,,,Time IST,,,,,,,,,,,,,,,,,,,,,,,,,,,,
,,05-Jun-25,2.00%,2.00%,2.25%,12:15,,,,17:45,,,,,,,,,,,,,,,,,,,,,,,,,,,,
,,17-Apr-25,2.25%,2.25%,2.50%,12:15,,,,17:45,,,,,,,,,,,,,,,,,,,,,,,,,,,,
,,06-Mar-25,2.50%,2.50%,2.75%,13:15,,,,18:45,,,,,,,,,,,,,,,,,,,,,,,,,,,,
,,30-Jan-25,2.75%,2.75%,3.00%,13:15,,,,18:45,,,,,,,,,,,,,,,,,,,,,,,,,,,,
,,12-Dec-24,3.00%,3.00%,3.25%,13:15,,,,18:45,,,,,,,,,,,,,,,,,,,,,,,,,,,,
,,17-Oct-24,3.25%,3.25%,3.50%,12:15,,,,17:45,,,,,,,,,,,,,,,,,,,,,,,,,,,,
,1,Event,EUR - ECB Interest Interest Rate Decision (Jul),,,Asset,Description,,,IST Time,MT5 server time,,,,,,,,,,,,,,,,,,,,,,,,,,,
,,Actual:,,,,C:EURJPY,"

Existing Home Sales measures the change in the annualised number of existing residential buildings that were sold during the prior month. This report helps to gauge the strength of the U.S. housing market and is an important indicator of overall economic strength.

A reading that is stronger than forecast is generally supportive (bullish) for the USD, while a weaker than forecast reading is generally negative (bearish) for the USD.

Learn More: USDJPY |EURUSD",,,,EUR - ECB Interest Interest Rate Decision (Jul),,,,,,,,,,,,,,,,,,,,,,,,,,,
,,Forecast:,,,,EURJPY.sd,,,,,,,,,,,,,,,,,,,,,,,,,,,,,,,,
,,Previous:,2.15%,,,,,,,,,,,,,,,,,,,,,,,,,,,,,,,,,,,
,,Time (GMT):,12:15,,,,,,,17:45,15:15,,,,,,,,,,,,,,,,,,,,,,,,,,,
,,Release Date,Actual,Forecast,Previous,Time,,,,Time IST,,,,,,,,,,,,,,,,,,,,,,,,,,,,
,,05-Jun-25,2.15%,2.15%,2.40%,12:15,,,,17:45,,,,,,,,,,,,,,,,,,,,,,,,,,,,
,,17-Apr-25,2.40%,2.40%,2.65%,12:15,,,,17:45,,,,,,,,,,,,,,,,,,,,,,,,,,,,
,,06-Mar-25,2.65%,2.65%,2.90%,13:15,,,,18:45,,,,,,,,,,,,,,,,,,,,,,,,,,,,
,,30-Jan-25,2.90%,2.90%,3.15%,13:15,,,,18:45,,,,,,,,,,,,,,,,,,,,,,,,,,,,
,,12-Dec-24,3.15%,3.15%,3.40%,13:15,,,,18:45,,,,,,,,,,,,,,,,,,,,,,,,,,,,
,,12-Sep-24,3.50%,3.50%,3.75%,12:15,,,,17:45,,,,,,,,,,,,,,,,,,,,,,,,,,,,
,1,Event,USD - Initial Jobless Claims,,,Asset,Description,,,IST Time,MT5 server time,,,,,,,,,,,,,,,,,,,,,,,,,,,
,,Actual:,,,,C:USDJPY,"
Initial Jobless Claims measures the number of people who filed for unemployment insurance for the first time during the past week. This is the most timely U.S. economic data, but the market impact varies from week to week.
A reading that is higher than forecast is generally negative (bearish) for the USD, while a lower than forecast reading is generally supportive (bullish) for the USD.

Learn More: EURUSD | USDJPY",,,,USD - Initial Jobless Claims,,,,,,,,,,,,,,,,,,,,,,,,,,,
,,Forecast:,,,,USDJPY.sd,,,,,,,,,,,,,,,,,,,,,,,,,,,,,,,,
,,Previous:,,,,,,,,,,,,,,,,,,,,,,,,,,,,,,,,,,,,
,,Time (GMT):,12:30,,,,,,,18:00,15:30,,,,,,,,,,,,,,,,,,,,,,,,,,,
,,Release Date,Actual,Forecast,Previous,Time,,,,Time IST,,,,,,,,,,,,,,,,,,,,,,,,,,,,
,,17-Jul-25, -   , -   , 227 ,12:30,,,,18:00,,,,,,,,,,,,,,,,,,,,,,,,,,,,
,,10-Jul-25, 227 , 236 , 232 ,12:30,,,,18:00,,,,,,,,,,,,,,,,,,,,,,,,,,,,
,,03-Jul-25, 233 , 240 , 237 ,12:30,,,,18:00,,,,,,,,,,,,,,,,,,,,,,,,,,,,
,,26-Jun-25, 236 , 244 , 246 ,12:30,,,,18:00,,,,,,,,,,,,,,,,,,,,,,,,,,,,
,,18-Jun-25, 245 , 246 , 250 ,12:30,,,,18:00,,,,,,,,,,,,,,,,,,,,,,,,,,,,
,,12-Jun-25, 248 , 242 , 248 ,12:30,,,,18:00,,,,,,,,,,,,,,,,,,,,,,,,,,,,
,1,Event,EUR - ECB Press Conference,,,Asset,Description,,,IST Time,MT5 server time,,,,,,,,,,,,,,,,,,,,,,,,,,,
,,Actual:,,,,C:EURJPY,"The European Central Bank (ECB) press conference is held monthly, about 45 minutes after the Minimum Bid Rate is announced. The conference is approximately an hour long and has two parts. Firstly, a prepared statement is read, then the conference is open to press questions. The press conference examines the factors which affected the ECB's interest rate decision and deals with the overall economic outlook and inflation. Most importantly, it provides clues regarding future monetary policy. High levels of volatility can frequently be observed during the press conference as press questions lead to unscripted answers.

Learn More: EURUSD | USDJPY",,,,EUR - ECB Press Conference,,,,,,,,,,,,,,,,,,,,,,,,,,,
,,Forecast:,,,,EURJPY.sd,,,,,,,,,,,,,,,,,,,,,,,,,,,,,,,,
,,Previous:,,,,,,,,,,,,,,,,,,,,,,,,,,,,,,,,,,,,
,,Time (GMT):,12:45,,,,,,,18:15,15:45,,,,,,,,,,,,,,,,,,,,,,,,,,,
,,Release Date,Actual,Forecast,Previous,Time,,,,Time IST,,,,,,,,,,,,,,,,,,,,,,,,,,,,
,,05-Jun-25, -   , -   , -   ,12:45,,,,18:15,,,,,,,,,,,,,,,,,,,,,,,,,,,,
,,17-Apr-25, -   , -   , -   ,12:45,,,,18:15,,,,,,,,,,,,,,,,,,,,,,,,,,,,
,,06-Mar-25, -   , -   , -   ,13:45,,,,19:15,,,,,,,,,,,,,,,,,,,,,,,,,,,,
,,30-Jan-25, -   , -   , -   ,13:45,,,,19:15,,,,,,,,,,,,,,,,,,,,,,,,,,,,
,,12-Dec-25, -   , -   , -   ,13:45,,,,19:15,,,,,,,,,,,,,,,,,,,,,,,,,,,,
,,17-Oct-25, -   , -   , -   ,12:45,,,,18:15,,,,,,,,,,,,,,,,,,,,,,,,,,,,
,1,Event,USD - Manufacturing PMI (Jul) P,,,Asset,Description,,,IST Time,MT5 server time,,,,,,,,,,,,,,,,,,,,,,,,,,,
,,Actual:,,,,C:USDJPY,"The Manufacturing Purchasing Managers' Index (PMI) is a diffusion index incorporating survey results provided by manufacturing firms throughout the country. A reading above fifty suggests the manufacturing sector is expanding, while a reading below fifty suggests the manufacturing sector is in contraction. Policymakers and traders watch these surveys closely as purchasing managers usually have early access to data about their company’s performance, rather than waiting for the hard data to emerge. While manufacturing accounts for a far smaller percentage of economic output than services, it is far more cyclical and is therefore a useful indicator of where in the economic cycle the economy is currently situated. A reading that is stronger than forecast is generally supportive (bullish) for the USD while a weaker than forecast reading is generally negative (bearish) for the USD.

Learn More: USDJPY | EURUSD",,,,USD - Manufacturing PMI (Jul) P,,,,,,,,,,,,,,,,,,,,,,,,,,,
,,Forecast:,,,,USDJPY.sd,,,,,,,,,,,,,,,,,,,,,,,,,,,,,,,,
,,Previous:, 52.90 ,,,,,,,,,,,,,,,,,,,,,,,,,,,,,,,,,,,
,,Time (GMT):,13:45,,,,,,,19:15,16:45,,,,,,,,,,,,,,,,,,,,,,,,,,,
,,Release Date,Actual,Forecast,Previous,Time,,,,Time IST,,,,,,,,,,,,,,,,,,,,,,,,,,,,
,,01-Jul-25, 52.90 , 52.00 , 52.00 ,13:45,,,,19:15,,,,,,,,,,,,,,,,,,,,,,,,,,,,
,,23-Jun-25, 52.00 , 51.10 , 52.00 ,13:45,,,,19:15,,,,,,,,,,,,,,,,,,,,,,,,,,,,
,,01-Jul-25, 52.90 , 52.00 , 52.00 ,13:45,,,,19:15,,,,,,,,,,,,,,,,,,,,,,,,,,,,
,,23-Jun-25, 52.00 , 51.10 , 52.00 ,13:45,,,,19:15,,,,,,,,,,,,,,,,,,,,,,,,,,,,
,,01-Jul-25, 52.90 , 52.00 , 52.00 ,13:45,,,,19:15,,,,,,,,,,,,,,,,,,,,,,,,,,,,
,,23-Jun-25, 52.00 , 51.10 , 52.00 ,13:45,,,,19:15,,,,,,,,,,,,,,,,,,,,,,,,,,,,
,1,Event,USD - Services PMI (Jul) P,,,Asset,Description,,,IST Time,MT5 server time,,,,,,,,,,,,,,,,,,,,,,,,,,,
,,Actual:,,,,C:USDJPY,"
The Service PMI release is published monthly by Markit Economics. The data are based on surveys of over 400 executives in private sector service companies. The surveys cover transport and communication, financial intermediaries, business and personal services, computing & IT, hotels and restaurants. 
An index level of 50 denotes no change since the previous month, while a level above 50 signals an improvement, and below 50 indicates a deterioration. A reading that is stronger than forecast is generally supportive (bullish) for the USD, while a weaker than forecast reading is generally negative (bearish) for the USD.

Learn More: USDJPY | EURUSD",,,,USD - Services PMI (Jul) P,,,,,,,,,,,,,,,,,,,,,,,,,,,
,,Forecast:,,,,USDJPY.sd,,,,,,,,,,,,,,,,,,,,,,,,,,,,,,,,
,,Previous:, 52.90 ,,,,,,,,,,,,,,,,,,,,,,,,,,,,,,,,,,,
,,Time (GMT):,13:45,,,,,,,19:15,16:45,,,,,,,,,,,,,,,,,,,,,,,,,,,
,,Release Date,Actual,Forecast,Previous,Time,,,,Time IST,,,,,,,,,,,,,,,,,,,,,,,,,,,,
,,03-Jul-25, 52.90 , 53.10 , 53.10 ,13:45,,,,19:15,,,,,,,,,,,,,,,,,,,,,,,,,,,,
,,23-Jun-25, 53.10 , 52.90 , 53.70 ,13:45,,,,19:15,,,,,,,,,,,,,,,,,,,,,,,,,,,,
,,03-Jul-25, 52.90 , 53.10 , 53.10 ,13:45,,,,19:15,,,,,,,,,,,,,,,,,,,,,,,,,,,,
,,23-Jun-25, 53.10 , 52.90 , 53.70 ,13:45,,,,19:15,,,,,,,,,,,,,,,,,,,,,,,,,,,,
,,03-Jul-25, 52.90 , 53.10 , 53.10 ,13:45,,,,19:15,,,,,,,,,,,,,,,,,,,,,,,,,,,,
,,23-Jun-25, 53.10 , 52.90 , 53.70 ,13:45,,,,19:15,,,,,,,,,,,,,,,,,,,,,,,,,,,,
,1,Event,USD - New Home Sales (Jun),,,Asset,Description,,,IST Time,MT5 server time,,,,,,,,,,,,,,,,,,,,,,,,,,,
,,Actual:,,,,C:USDJPY,"
New Home Sales measures the annualised number of new single-family homes that were sold during the prior month. When it's released ahead of Existing Home Sales, this report tends to have more impact because the two reports are highly correlated.

A reading that is stronger than forecast is generally supportive (bullish) for the USD, while a weaker than forecast reading is generally negative (bearish) for the USD.

Learn More: USDJPY | EURUSD",,,,USD - New Home Sales (Jun),,,,,,,,,,,,,,,,,,,,,,,,,,,
,,Forecast:,,,,USDJPY.sd,,,,,,,,,,,,,,,,,,,,,,,,,,,,,,,,
,,Previous:,623K,,,,,,,,,,,,,,,,,,,,,,,,,,,,,,,,,,,
,,Time (GMT):,14:00,,,,,,,19:30,17:00,,,,,,,,,,,,,,,,,,,,,,,,,,,
,,Release Date,Actual,Forecast,Previous,Time,,,,Time IST,,,,,,,,,,,,,,,,,,,,,,,,,,,,
,,25-Jun-25, 623 , 694 , 722 ,14:00,,,,19:30,,,,,,,,,,,,,,,,,,,,,,,,,,,,
,,23-May-25, 743 , 694 , 670 ,14:00,,,,19:30,,,,,,,,,,,,,,,,,,,,,,,,,,,,
,,23-Apr-25, 724 , 684 , 674 ,14:00,,,,19:30,,,,,,,,,,,,,,,,,,,,,,,,,,,,
,,25-Mar-25, 676 , 682 , 664 ,14:00,,,,19:30,,,,,,,,,,,,,,,,,,,,,,,,,,,,
,,26-Feb-25, 657 , 679 , 734 ,15:00,,,,20:30,,,,,,,,,,,,,,,,,,,,,,,,,,,,
,,27-Jan-25, 698 , 669 , 674 ,15:00,,,,20:30,,,,,,,,,,,,,,,,,,,,,,,,,,,,
,1,Event,USD - Durable Goods Orders (MoM) (Jun) P,,,Asset,Description,,,IST Time,MT5 server time,,,,,,,,,,,,,,,,,,,,,,,,,,,
,,Actual:,,,,C:USDJPY,"
Durable Goods Orders reports the change in the total value of new orders for long lasting manufactured goods, including transportation items.

A reading that is stronger than forecast is generally supportive (bullish) for the USD, while a weaker than forecast reading is generally negative (bearish) for the USD.

Learn More: USDJPY | EURUSD",,,,USD - Durable Goods Orders (MoM) (Jun) P,,,,,,,,,,,,,,,,,,,,,,,,,,,
,,Forecast:,,,,USDJPY.sd,,,,,,,,,,,,,,,,,,,,,,,,,,,,,,,,
,,Previous:,16.40%,,,,,,,,,,,,,,,,,,,,,,,,,,,,,,,,,,,
,,Time (GMT):,12:30,,,,,,,18:00,15:30,,,,,,,,,,,,,,,,,,,,,,,,,,,
,,Release Date,Actual,Forecast,Previous,Time,,,,Time IST,,,,,,,,,,,,,,,,,,,,,,,,,,,,
,,26-Jun-25,16.4%,8.6%,-6.6%,12:30,,,,18:00,,,,,,,,,,,,,,,,,,,,,,,,,,,,
,,27-May-25,-6.3%,-7.6%,7.6%,12:30,,,,18:00,,,,,,,,,,,,,,,,,,,,,,,,,,,,
,,24-Apr-25,9.2%,2.1%,0.9%,12:30,,,,18:00,,,,,,,,,,,,,,,,,,,,,,,,,,,,
,,26-Mar-25,0.9%,-1.1%,3.3%,12:30,,,,18:00,,,,,,,,,,,,,,,,,,,,,,,,,,,,
,,27-Feb-25,3.1%,2.0%,-1.8%,13:30,,,,19:00,,,,,,,,,,,,,,,,,,,,,,,,,,,,
,,28-Jan-25,-2.2%,0.3%,-2.0%,13:30,,,,19:00,,,,,,,,,,,,,,,,,,,,,,,,,,,,
x,1,Event,USD - CB Consumer confidence (Jul),,,Asset,Description,,,IST Time,MT5 server time,,,,,,,,,,,,,,,,,,,,,,,,,,,
,,Actual:,,,,C:USDCNY,"-Conference Board (CB) Consumer Confidence measures the level of confidence consumers have in the economy. When consumers are optimistic, they tend to spend more which increases consumption and overall economic growth.

A reading that is stronger than forecast is generally supportive (bullish) for the USD, while a weaker than forecast reading is generally negative (bearish) for the USD.

Learn more: USDJPY | EURUSD",,,,USD - CB Consumer confidence (Jul),,,,,,,,,,,,,,,,,,,,,,,,,,,
,,Forecast:,,,,USDCNY.sd,,,,,,,,,,,,,,,,,,,,,,,,,,,,,,,,
,,Previous:, 93.00 ,,,,,,,,,,,,,,,,,,,,,,,,,,,,,,,,,,,
,,Time (GMT):,14:00,,,,,,,19:30,17:00,,,,,,,,,,,,,,,,,,,,,,,,,,,
,,Release Date,Actual,Forecast,Previous,Time,,,,Time IST,,,,,,,,,,,,,,,,,,,,,,,,,,,,
,,24-Jun-25, 93.00 , 99.40 , 98.40 ,14:00,,,,19:30,,,,,,,,,,,,,,,,,,,,,,,,,,,,
,,27-May-25, 98.00 , 87.10 , 85.70 ,14:00,,,,19:30,,,,,,,,,,,,,,,,,,,,,,,,,,,,
,,29-Apr-25, 86.00 , 87.70 , 93.90 ,14:00,,,,19:30,,,,,,,,,,,,,,,,,,,,,,,,,,,,
,,25-Mar-25, 92.90 , 94.20 , 100.10 ,14:00,,,,19:30,,,,,,,,,,,,,,,,,,,,,,,,,,,,
,,25-Feb-25, 98.30 , 102.70 , 105.30 ,15:00,,,,20:30,,,,,,,,,,,,,,,,,,,,,,,,,,,,
,,28-Jan-25, 104.10 , 105.70 , 109.50 ,15:00,,,,20:30,,,,,,,,,,,,,,,,,,,,,,,,,,,,
,1,Event,USD - JOLTS Job Openings (Jun),,,Asset,Description,,,IST Time,MT5 server time,,,,,,,,,,,,,,,,,,,,,,,,,,,
,,Actual:,,,,C:USDJPY,"-A survey done by the US Bureau of Labor Statistics to help measure job vacancies. It collects data from employers about their businesses' employment, job openings, recruitment, hires and separations.
JOLTS defines Job Openings as all positions that are open (not filled) on the last business day of the month. A job is ""open"" only if it meets all three of the following conditions:
1. A specific position exists and there is work available for that position.
2. The job could start within 30 days, whether or not the establishment finds a suitable candidate during that time.
3. There is active recruiting for workers from outside the establishment location that has the opening.
A reading that is stronger than forecast is generally supportive (bullish) for the USD, while a weaker than forecast reading is generally negative (bearish) for the USD.

Learn more: USDJPY | EURUSD",,,,USD - JOLTS Job Openings (Jun),,,,,,,,,,,,,,,,,,,,,,,,,,,
,,Forecast:,,,,USDJPY.sd,,,,,,,,,,,,,,,,,,,,,,,,,,,,,,,,
,,Previous:, 7.769M ,,,,,,,,,,,,,,,,,,,,,,,,,,,,,,,,,,,
,,Time (GMT):,14:00,,,,,,,19:30,17:00,,,,,,,,,,,,,,,,,,,,,,,,,,,
,,Release Date,Actual,Forecast,Previous,Time,,,,Time IST,,,,,,,,,,,,,,,,,,,,,,,,,,,,
,,01-Jul-25,,,,14:00,,,,19:30,,,,,,,,,,,,,,,,,,,,,,,,,,,,
,,03-Jun-25,,,,14:00,,,,19:30,,,,,,,,,,,,,,,,,,,,,,,,,,,,
,,29-Apr-25,,,,14:00,,,,19:30,,,,,,,,,,,,,,,,,,,,,,,,,,,,
,,01-Apr-25,,,,14:00,,,,19:30,,,,,,,,,,,,,,,,,,,,,,,,,,,,
,,11-Mar-25,,,,14:00,,,,19:30,,,,,,,,,,,,,,,,,,,,,,,,,,,,
,,04-Feb-25,,,,15:00,,,,20:30,,,,,,,,,,,,,,,,,,,,,,,,,,,,
,1,Event,EUR - German GDP (QoQ) (Q2) P,,,Asset,Description,,,IST Time,MT5 server time,,,,,,,,,,,,,,,,,,,,,,,,,,,
,,Actual:,,,,USOILRoll,"-Gross Domestic Product (GDP) is the broadest measure of economic activity and is a key indicator of economic health. The quarterly percent changes in GDP show the growth rate of the economy as a whole.

A reading that is stronger than forecast is generally supportive (bullish) for the EUR, while a weaker than forecast reading is generally negative (bearish) for the EUR.

Learn more: EURJPY | EURUSD",,,,EUR - German GDP (QoQ) (Q2) P,,,,,,,,,,,,,,,,,,,,,,,,,,,
,,Forecast:,,,,USOILRoll,,,,,,,,,,,,,,,,,,,,,,,,,,,,,,,,
,,Previous:, 0.00 ,,,,,,,,,,,,,,,,,,,,,,,,,,,,,,,,,,,
,,Time (GMT):,8:00,,,,,,,13:30,11:00,,,,,,,,,,,,,,,,,,,,,,,,,,,
,,Release Date,Actual,Forecast,Previous,Time,,,,Time IST,,,,,,,,,,,,,,,,,,,,,,,,,,,,
,,23-May-25,0.40%,0.20%,-0.20%,9:00,,,,11:30,,,,,,,,,,,,,,,,,,,,,,,,,,,,
,,30-Apr-25,0.20%,0.20%,-0.20%,11:00,,,,13:30,,,,,,,,,,,,,,,,,,,,,,,,,,,,
,,25-Feb-25,-0.20%,-0.20%,0.10%,10:00,,,,12:30,,,,,,,,,,,,,,,,,,,,,,,,,,,,
,,30-Jan-25,-0.20%,-0.10%,0.10%,12:00,,,,14:30,,,,,,,,,,,,,,,,,,,,,,,,,,,,
,,22-Nov-24,0.10%,0.20%,0.20%,10:00,,,,12:30,,,,,,,,,,,,,,,,,,,,,,,,,,,,
,,30-Oct-24,0.20%,-0.10%,-0.30%,12:00,,,,14:30,,,,,,,,,,,,,,,,,,,,,,,,,,,,
,1,Event,USD - ADP Nonfarm employment Change (Jul),,,Asset,Description,,,IST Time,MT5 server time,,,,,,,,,,,,,,,,,,,,,,,,,,,
,,Actual:,,,,C:EURJPY,"-ADP is performs payroll services for its clients. The ADP National Employment Report is a measure of the monthly change in non-farm, private employment, based on the payroll data of approximately 400,000 U.S. business clients. The release, two days ahead of government data, is used as a predictor of the government's Labour Market Report.

A reading that is stronger than forecast is generally supportive (bullish) for the USD, while a weaker than forecast reading is generally negative (bearish) for the USD.

Learn more: USDJPY | EURUSD",,,,USD - ADP Nonfarm employment Change (Jul),,,,,,,,,,,,,,,,,,,,,,,,,,,
,,Forecast:,,,,EURJPY.sd,,,,,,,,,,,,,,,,,,,,,,,,,,,,,,,,
,,Previous:,-33K,,,,,,,,,,,,,,,,,,,,,,,,,,,,,,,,,,,
,,Time (GMT):,12:15,,,,,,,17:45,15:15,,,,,,,,,,,,,,,,,,,,,,,,,,,
,,Release Date,Actual,Forecast,Previous,Time,,,,Time IST,,,,,,,,,,,,,,,,,,,,,,,,,,,,
,,02-Jul-25,-33,99,29,12:15,,,,17:45,,,,,,,,,,,,,,,,,,,,,,,,,,,,
,,04-Jun-25,37,111,60,12:15,,,,17:45,,,,,,,,,,,,,,,,,,,,,,,,,,,,
,,30-Apr-25,62,114,147,12:15,,,,17:45,,,,,,,,,,,,,,,,,,,,,,,,,,,,
,,02-Apr-25,155,118,84,12:15,,,,17:45,,,,,,,,,,,,,,,,,,,,,,,,,,,,
,,05-Mar-25,77,141,186,13:15,,,,18:45,,,,,,,,,,,,,,,,,,,,,,,,,,,,
,,05-Feb-25,183,148,176,13:15,,,,18:45,,,,,,,,,,,,,,,,,,,,,,,,,,,,
,1,Event,USD - GDP (QoQ) (Q2) P,,,Asset,Description,,,IST Time,MT5 server time,,,,,,,,,,,,,,,,,,,,,,,,,,,
,,Actual:,,,,C:EURJPY,"-Gross Domestic Product (GDP) measures the annualised change in the inflation-adjusted value of all goods and services produced by the economy. It is the broadest measure of economic activity and the primary indicator of the economy's health.

A reading that is stronger than forecast is generally supportive (bullish) for the USD, while a weaker than forecast reading is generally negative (bearish) for the USD.

Learn more: USDJPY | EURUSD",,,,USD - GDP (QoQ) (Q2) P,,,,,,,,,,,,,,,,,,,,,,,,,,,
,,Forecast:,,,,EURJPY.sd,,,,,,,,,,,,,,,,,,,,,,,,,,,,,,,,
,,Previous:,-0.50%,,,,,,,,,,,,,,,,,,,,,,,,,,,,,,,,,,,
,,Time (GMT):,8:00,,,,,,,13:30,11:00,,,,,,,,,,,,,,,,,,,,,,,,,,,
,,Release Date,Actual,Forecast,Previous,Time,,,,Time IST,,,,,,,,,,,,,,,,,,,,,,,,,,,,
,,26-Jun-25,-0.50%,-0.20%,2.40%,12:30,,,,18:00,,,,,,,,,,,,,,,,,,,,,,,,,,,,
,,29-May-25,-0.20%,-0.30%,2.40%,12:30,,,,18:00,,,,,,,,,,,,,,,,,,,,,,,,,,,,
,,30-Apr-25,-0.30%,0.20%,2.40%,12:30,,,,18:00,,,,,,,,,,,,,,,,,,,,,,,,,,,,
,,27-Mar-25,2.40%,2.30%,3.10%,12:30,,,,18:00,,,,,,,,,,,,,,,,,,,,,,,,,,,,
,,27-Feb-25,2.30%,2.30%,3.10%,13:30,,,,19:00,,,,,,,,,,,,,,,,,,,,,,,,,,,,
,,08-Nov-24,0.00%,0.00%,0.00%,19:00,,,,0:30,,,,,,,,,,,,,,,,,,,,,,,,,,,,
,1,Event,CAD - BoC Interest Rate Decision,,,Asset,Description,,,IST Time,MT5 server time,,,,,,,,,,,,,,,,,,,,,,,,,,,
,,Actual:,,,,C:EURJPY,"-The Bank of Canada (BOC) publishes its decision on where to set the benchmark interest rate. As short term interest rates are an important determinant of currency valuation, traders watch interest rate changes closely.

A reading that is stronger than forecast is generally supportive (bullish) for the CAD, while a weaker than forecast reading is generally negative (bearish) for the CAD.

Learn more: CADJPY | USDCAD",,,,CAD - BoC Interest Rate Decision,,,,,,,,,,,,,,,,,,,,,,,,,,,
,,Forecast:,,,,EURJPY.sd,,,,,,,,,,,,,,,,,,,,,,,,,,,,,,,,
,,Previous:,2.75%,,,,,,,,,,,,,,,,,,,,,,,,,,,,,,,,,,,
,,Time (GMT):,13:45,,,,,,,19:15,16:45,,,,,,,,,,,,,,,,,,,,,,,,,,,
,,Release Date,Actual,Forecast,Previous,Time,,,,Time IST,,,,,,,,,,,,,,,,,,,,,,,,,,,,
,,04-Jun-25,2.75%,2.75%,2.75%,13:45,,,,19:15,,,,,,,,,,,,,,,,,,,,,,,,,,,,
,,16-Apr-25,2.75%,2.75%,2.75%,13:45,,,,19:15,,,,,,,,,,,,,,,,,,,,,,,,,,,,
,,12-Mar-25,2.75%,2.75%,3.00%,13:45,,,,19:15,,,,,,,,,,,,,,,,,,,,,,,,,,,,
,,29-Jan-25,3.00%,3.00%,3.25%,14:45,,,,20:15,,,,,,,,,,,,,,,,,,,,,,,,,,,,
,,11-Dec-24,3.25%,3.25%,3.75%,14:45,,,,20:15,,,,,,,,,,,,,,,,,,,,,,,,,,,,
,,08-Nov-24,0.00%,0.00%,0.00%,19:00,,,,0:30,,,,,,,,,,,,,,,,,,,,,,,,,,,,
,1,Event,USD - Crude Oil Inventories,,,Asset,Description,,,IST Time,MT5 server time,,,,,,,,,,,,,,,,,,,,,,,,,,,
,,Actual:,,,,C:EURJPY,"-The Energy Information Administration's (EIA) Crude Oil Inventories measures the weekly change in the number of barrels of commercial crude oil held by US firms. The level of inventories influences the price of petroleum products, which can have an impact on inflation.

If the increase in crude inventories is more than expected, it implies weaker demand and is bearish for crude prices. The same can be said if a decline in inventories is less than expected.
If the increase in crude is less than expected, it implies greater demand and is bullish for crude prices. The same can be said if a decline in inventories is more than expected.

Learn more: USDJPY | EURUSD",,,,USD - Crude Oil Inventories,,,,,,,,,,,,,,,,,,,,,,,,,,,
,,Forecast:,,,,EURJPY.sd,,,,,,,,,,,,,,,,,,,,,,,,,,,,,,,,
,,Previous:,-3.169M,,,,,,,,,,,,,,,,,,,,,,,,,,,,,,,,,,,
,,Time (GMT):,14:30,,,,,,,20:00,17:30,,,,,,,,,,,,,,,,,,,,,,,,,,,
,,Release Date,Actual,Forecast,Previous,Time,,,,Time IST,,,,,,,,,,,,,,,,,,,,,,,,,,,,
,,23-Jul-25,-3.16,-1.40,-3.85,14:30,,,,20:00,,,,,,,,,,,,,,,,,,,,,,,,,,,,
,,16-Jul-25,-3.85,-1.80,7.070,14:30,,,,20:00,,,,,,,,,,,,,,,,,,,,,,,,,,,,
,,09-Jul-25,7.070,-1.70,3.845,14:30,,,,20:00,,,,,,,,,,,,,,,,,,,,,,,,,,,,
,,02-Jul-25,3.845,-3.50,-5.83,14:30,,,,20:00,,,,,,,,,,,,,,,,,,,,,,,,,,,,
,,25-Jun-25,-5.83,-1.20,-11.4,14:30,,,,20:00,,,,,,,,,,,,,,,,,,,,,,,,,,,,
,,25-Jun-25,-5.83,-1.20,-11.4,19:30,,,,1:00,,,,,,,,,,,,,,,,,,,,,,,,,,,,
,1,Event,USD - FOMC Statement,,,Asset,Description,,,IST Time,MT5 server time,,,,,,,,,,,,,,,,,,,,,,,,,,,
,,Actual:,,,,C:EURJPY,"-The U.S. Federal Reserve's Federal Open Market Committee (FOMC) statement is the primary tool the panel uses to communicate with investors about monetary policy. It contains the outcome of the vote on interest rates, discusses the economic outlook and offers clues on the outcome of future votes.

A more dovish than expected statement could be taken as negative/bearish for the USD, while a more hawkish than expected statement could be taken as positive/bullish for the USD.

Learn more: USDJPY | EURUSD",,,,USD - FOMC Statement,,,,,,,,,,,,,,,,,,,,,,,,,,,
,,Forecast:,,,,EURJPY.sd,,,,,,,,,,,,,,,,,,,,,,,,,,,,,,,,
,,Previous:,,,,,,,,,,,,,,,,,,,,,,,,,,,,,,,,,,,,
,,Time (GMT):,18:00,,,,,,,23:30,21:00,,,,,,,,,,,,,,,,,,,,,,,,,,,
,,Release Date,Actual,Forecast,Previous,Time,,,,Time IST,,,,,,,,,,,,,,,,,,,,,,,,,,,,
,,18-Jun-25,,,,18:00,,,,23:30,,,,,,,,,,,,,,,,,,,,,,,,,,,,
,,07-May-25,,,,18:00,,,,23:30,,,,,,,,,,,,,,,,,,,,,,,,,,,,
,,19-Mar-25,,,,18:00,,,,23:30,,,,,,,,,,,,,,,,,,,,,,,,,,,,
,,29-Jan-25,,,,19:00,,,,0:30,,,,,,,,,,,,,,,,,,,,,,,,,,,,
,,18-Dec-24,,,,19:00,,,,0:30,,,,,,,,,,,,,,,,,,,,,,,,,,,,
,,07-Nov-24,,,,19:00,,,,0:30,,,,,,,,,,,,,,,,,,,,,,,,,,,,
,1,Event,USD - Fed Inerest Rate Decision,,,Asset,Description,,,IST Time,MT5 server time,,,,,,,,,,,,,,,,,,,,,,,,,,,
,,Actual:,,,,C:USDJPY,"-Federal Open Market Committee (FOMC) members vote on where to set the target interest rate. Traders watch interest rate changes closely as relative short term interest rates are a primary factor in currency valuation.

A reading that is stronger than forecast is generally supportive (bullish) for the USD, while a weaker than forecast reading is generally negative (bearish) for the USD.

Learn more: USDJPY | EURUSD",,,,USD - Fed Inerest Rate Decision,,,,,,,,,,,,,,,,,,,,,,,,,,,
,,Forecast:,,,,USDJPY.sd,,,,,,,,,,,,,,,,,,,,,,,,,,,,,,,,
,,Previous:,4.50%,,,,,,,,,,,,,,,,,,,,,,,,,,,,,,,,,,,
,,Time (GMT):,18:00,,,,,,,23:30,21:00,,,,,,,,,,,,,,,,,,,,,,,,,,,
,,Release Date,Actual,Forecast,Previous,Time,,,,Time IST,,,,,,,,,,,,,,,,,,,,,,,,,,,,
,,18-Jun-25,4.50%,4.50%,4.50%,18:00,,,,23:30,,,,,,,,,,,,,,,,,,,,,,,,,,,,
,,07-May-25,4.50%,4.50%,4.50%,18:00,,,,23:30,,,,,,,,,,,,,,,,,,,,,,,,,,,,
,,19-Mar-25,4.50%,4.50%,4.50%,18:00,,,,23:30,,,,,,,,,,,,,,,,,,,,,,,,,,,,
,,29-Jan-25,4.50%,4.50%,4.50%,19:00,,,,0:30,,,,,,,,,,,,,,,,,,,,,,,,,,,,
,,18-Dec-24,4.50%,4.50%,4.75%,19:00,,,,0:30,,,,,,,,,,,,,,,,,,,,,,,,,,,,
,,07-Nov-24,4.75%,4.75%,5.00%,19:00,,,,0:30,,,,,,,,,,,,,,,,,,,,,,,,,,,,
,1,Event,USD - FOMC Press Conference,,,Asset,Description,,,IST Time,MT5 server time,,,,,,,,,,,,,,,,,,,,,,,,,,,
,,Actual:,,,,C:USDJPY,"-[]

Learn more: USDJPY | EURUSD",,,,USD - FOMC Press Conference,,,,,,,,,,,,,,,,,,,,,,,,,,,
,,Forecast:,,,,USDJPY.sd,,,,,,,,,,,,,,,,,,,,,,,,,,,,,,,,
,,Previous:,0.00%,,,,,,,,,,,,,,,,,,,,,,,,,,,,,,,,,,,
,,Time (GMT):,18:30,,,,,,,0:00,21:30,,,,,,,,,,,,,,,,,,,,,,,,,,,
,,Release Date,Actual,Forecast,Previous,Time,,,,Time IST,,,,,,,,,,,,,,,,,,,,,,,,,,,,
,,18-Jun-25, -   , -   , -   ,18:30,,,,0:00,,,,,,,,,,,,,,,,,,,,,,,,,,,,
,,07-May-25, -   , -   , -   ,18:30,,,,0:00,,,,,,,,,,,,,,,,,,,,,,,,,,,,
,,19-Mar-25, -   , -   , -   ,18:30,,,,0:00,,,,,,,,,,,,,,,,,,,,,,,,,,,,
,,29-Jan-25, -   , -   , -   ,19:30,,,,1:00,,,,,,,,,,,,,,,,,,,,,,,,,,,,
,,18-Dec-24, -   , -   , -   ,19:30,,,,1:00,,,,,,,,,,,,,,,,,,,,,,,,,,,,
,,07-Nov-24, -   , -   , -   ,19:30,,,,1:00,,,,,,,,,,,,,,,,,,,,,,,,,,,,
,1,Event,CNY - Manufacturing PMI (Jul),,,Asset,Description,,,IST Time,MT5 server time,,,,,,,,,,,,,,,,,,,,,,,,,,,
,,Actual:,,,,C:EURJPY,"-China Manufacturing Purchasing Managers Index (PMI) provides an early indication each month of economic activities in the Chinese manufacturing sector. It is compiled by China Federation of Logistics & Purchasing (CFLP) and China Logistics Information Centre (CLIC), based on data collected by the National Bureau of Statistics (NBS).Li & Fung Research Centre is responsible for drafting and disseminating the English PMI report. Every month questionnaires are sent to over 700 manufacturing enterprises all over China. The data presented here is compiled from the enterprises responses about their purchasing activities and supply situations. The PMI should be compared to other economic data sources when used in decision-making.
A reading that is stronger than forecast is generally supportive (bullish) for the CNY , while a weaker than forecast reading is generally negative (bearish) for the CNY.

Learn more: USDCNH | USDCNY",,,,CNY - Manufacturing PMI (Jul),,,,,,,,,,,,,,,,,,,,,,,,,,,
,,Forecast:,,,,EURJPY.sd,,,,,,,,,,,,,,,,,,,,,,,,,,,,,,,,
,,Previous:,,,,,,,,,,,,,,,,,,,,,,,,,,,,,,,,,,,,
,,Time (GMT):,1:30,,,,,,,7:00,4:30,,,,,,,,,,,,,,,,,,,,,,,,,,,
,,Release Date,Actual,Forecast,Previous,Time,,,,Time IST,,,,,,,,,,,,,,,,,,,,,,,,,,,,
,,30-Jun-25, 49.70 , 49.60 , 49.50 ,1:30,,,,7:00,,,,,,,,,,,,,,,,,,,,,,,,,,,,
,,31-May-25, 49.50 , 49.50 , 49.00 ,1:30,,,,7:00,,,,,,,,,,,,,,,,,,,,,,,,,,,,
,,30-Apr-25, 49.00 , 49.70 , 50.50 ,1:30,,,,7:00,,,,,,,,,,,,,,,,,,,,,,,,,,,,
,,31-Mar-25, 50.50 , 50.40 , 50.20 ,1:30,,,,7:00,,,,,,,,,,,,,,,,,,,,,,,,,,,,
,,01-Mar-25, 50.20 , 50.00 , 49.10 ,1:30,,,,7:00,,,,,,,,,,,,,,,,,,,,,,,,,,,,
,,01-Mar-25, 50.20 , 50.00 , 49.10 ,3:00,,,,8:30,,,,,,,,,,,,,,,,,,,,,,,,,,,,
,1,Event,JPY - BoJ Interest Rate Decision,,,Asset,Description,,,IST Time,MT5 server time,,,,,,,,,,,,,,,,,,,,,,,,,,,
,,Actual:,,,,C:USDJPY,"-Bank of Japan (BOJ) policy board publishes its decision about where to set the target overnight rate. As short term interest rates are an important determinant of currency valuation, traders watch interest rate changes closely. A reading that is stronger than forecast is generally supportive (bullish) for the JPY, while a weaker than forecast reading is generally negative (bearish) for the JPY.

Learn more: USDJPY | EURJPY",,,,JPY - BoJ Interest Rate Decision,,,,,,,,,,,,,,,,,,,,,,,,,,,
,,Forecast:,,,,USDJPY.sd,,,,,,,,,,,,,,,,,,,,,,,,,,,,,,,,
,,Previous:,0.50%,,,,,,,,,,,,,,,,,,,,,,,,,,,,,,,,,,,
,,Time (GMT):,3:00,,,,,,,8:30,6:00,,,,,,,,,,,,,,,,,,,,,,,,,,,
,,Release Date,Actual,Forecast,Previous,Time,,,,Time IST,,,,,,,,,,,,,,,,,,,,,,,,,,,,
,,17-Jun-25,0.50%,0.50%,0.50%,3:00,,,,8:30,,,,,,,,,,,,,,,,,,,,,,,,,,,,
,,01-May-25,0.50%,0.50%,0.50%,3:00,,,,8:30,,,,,,,,,,,,,,,,,,,,,,,,,,,,
,,19-Mar-25,0.50%,0.50%,0.50%,2:30,,,,8:00,,,,,,,,,,,,,,,,,,,,,,,,,,,,
,,24-Jan-25,0.50%,0.50%,0.25%,3:20,,,,8:50,,,,,,,,,,,,,,,,,,,,,,,,,,,,
,,19-Dec-24,0.25%,0.25%,0.25%,2:55,,,,8:25,,,,,,,,,,,,,,,,,,,,,,,,,,,,
,,31-Oct-24,0.25%,0.25%,0.25%,12:00,,,,17:30,,,,,,,,,,,,,,,,,,,,,,,,,,,,
,1,Event,EUR - German CPI (MoM) (Jul) P,,,Asset,Description,,,IST Time,MT5 server time,,,,,,,,,,,,,,,,,,,,,,,,,,,
,,Actual:,,,,C:USDJPY,"-The Consumer Price Index (CPI) measures the change in the prices of goods and services from the perspective of the consumer. As Germany has the largest output of any country in the euro-zone, the European Central bank pays very close attention to this figure in its role of maintaining price stability.

A reading that is stronger than forecast is generally supportive (bullish) for the EUR, while a weaker than forecast reading is generally negative (bearish) for the EUR.

Learn more: EURJPY | EURUSD",,,,EUR - German CPI (MoM) (Jul) P,,,,,,,,,,,,,,,,,,,,,,,,,,,
,,Forecast:,,,,USDJPY.sd,,,,,,,,,,,,,,,,,,,,,,,,,,,,,,,,
,,Previous:, -   ,,,,,,,,,,,,,,,,,,,,,,,,,,,,,,,,,,,
,,Time (GMT):,12:00,,,,,,,17:30,15:00,,,,,,,,,,,,,,,,,,,,,,,,,,,
,,Release Date,Actual,Forecast,Previous,Time,,,,Time IST,,,,,,,,,,,,,,,,,,,,,,,,,,,,
,,31-Jul-25,0.00%,0.00%,0.00%,12:00,,,,17:30,,,,,,,,,,,,,,,,,,,,,,,,,,,,
,,10-Jul-25,0.00%,0.00%,0.10%,6:00,,,,11:30,,,,,,,,,,,,,,,,,,,,,,,,,,,,
,,30-Jun-25,0.00%,0.20%,0.10%,12:00,,,,17:30,,,,,,,,,,,,,,,,,,,,,,,,,,,,
,,13-Jun-25,0.10%,0.10%,0.40%,6:00,,,,11:30,,,,,,,,,,,,,,,,,,,,,,,,,,,,
,,30-May-25,0.10%,0.10%,0.40%,12:00,,,,17:30,,,,,,,,,,,,,,,,,,,,,,,,,,,,
,,14-May-25,0.40%,0.40%,0.30%,6:00,,,,11:30,,,,,,,,,,,,,,,,,,,,,,,,,,,,
,1,Event,USD - Core PCE Price Index (MoM) (Jun),,,Asset,Description,,,IST Time,MT5 server time,,,,,,,,,,,,,,,,,,,,,,,,,,,
,,Actual:,,,,C:USDJPY,"-The Core Personal Consumption Expenditure (PCE) Price Index measures the changes in the price of goods and services purchased by consumers for the purpose of consumption, excluding food and energy. Unlike the fixed-weight CPI, PCE is chain-weighted and thus adjusts to changing consumer behaviour. Core PCE is the Fed's preferred inflation measure and thus receives greater attention.

A reading that is stronger than forecast is generally supportive (bullish) for the USD, while a weaker than forecast reading is generally negative (bearish) for the USD.

Learn more: USDJPY | EURUSD",,,,USD - Core PCE Price Index (MoM) (Jun),,,,,,,,,,,,,,,,,,,,,,,,,,,
,,Forecast:,,,,USDJPY.sd,,,,,,,,,,,,,,,,,,,,,,,,,,,,,,,,
,,Previous:, 0.00 ,,,,,,,,,,,,,,,,,,,,,,,,,,,,,,,,,,,
,,Time (GMT):,12:30,,,,,,,18:00,15:30,,,,,,,,,,,,,,,,,,,,,,,,,,,
,,Release Date,Actual,Forecast,Previous,Time,,,,Time IST,,,,,,,,,,,,,,,,,,,,,,,,,,,,
,,27-Jun-25,2.70%,2.60%,2.60%,12:30,,,,18:00,,,,,,,,,,,,,,,,,,,,,,,,,,,,
,,30-May-25,2.50%,2.50%,2.70%,12:30,,,,18:00,,,,,,,,,,,,,,,,,,,,,,,,,,,,
,,30-Apr-25,2.60%,2.60%,3.00%,14:00,,,,19:30,,,,,,,,,,,,,,,,,,,,,,,,,,,,
,,28-Mar-25,2.80%,2.70%,2.70%,12:30,,,,18:00,,,,,,,,,,,,,,,,,,,,,,,,,,,,
,,28-Feb-25,2.60%,2.60%,2.90%,13:30,,,,19:00,,,,,,,,,,,,,,,,,,,,,,,,,,,,
,,31-Jan-25,2.80%,2.80%,2.80%,13:30,,,,19:00,,,,,,,,,,,,,,,,,,,,,,,,,,,,
,1,Event,USD - Core PCE Price Index (YoY) (Jun),,,Asset,Description,,,IST Time,MT5 server time,,,,,,,,,,,,,,,,,,,,,,,,,,,
,,Actual:,,,,C:USDJPY,"-The Core PCE price Index is the less volatile measure of the PCE price index which excludes the more volatile and seasonal food and energy prices. The impact on the currency may go both ways, a rise in inflation may lead to a rise in interest rates and a rise in local currency, on the other hand, during recession, a rise in inflation may lead to a deepened recession and therefore a fall in local currency.

Learn more: USDJPY | EURUSD",,,,USD - Core PCE Price Index (YoY) (Jun),,,,,,,,,,,,,,,,,,,,,,,,,,,
,,Forecast:,,,,USDJPY.sd,,,,,,,,,,,,,,,,,,,,,,,,,,,,,,,,
,,Previous:,2.70%,,,,,,,,,,,,,,,,,,,,,,,,,,,,,,,,,,,
,,Time (GMT):,12:30,,,,,,,18:00,15:30,,,,,,,,,,,,,,,,,,,,,,,,,,,
,,Release Date,Actual,Forecast,Previous,Time,,,,Time IST,,,,,,,,,,,,,,,,,,,,,,,,,,,,
,,27-Jun-25,0.20%,0.10%,0.10%,12:30,,,,18:00,,,,,,,,,,,,,,,,,,,,,,,,,,,,
,,30-May-25,0.10%,0.10%,0.10%,12:30,,,,18:00,,,,,,,,,,,,,,,,,,,,,,,,,,,,
,,30-Apr-25,0.00%,0.10%,0.50%,14:00,,,,19:30,,,,,,,,,,,,,,,,,,,,,,,,,,,,
,,28-Mar-25,0.40%,0.30%,0.30%,12:30,,,,18:00,,,,,,,,,,,,,,,,,,,,,,,,,,,,
,,28-Feb-25,0.30%,0.30%,0.20%,13:30,,,,19:00,,,,,,,,,,,,,,,,,,,,,,,,,,,,
,,31-Jan-25,0.20%,0.20%,0.10%,13:30,,,,19:00,,,,,,,,,,,,,,,,,,,,,,,,,,,,
,1,Event,USD - Initial Jobless Claims,,,Asset,Description,,,IST Time,MT5 server time,,,,,,,,,,,,,,,,,,,,,,,,,,,
,,Actual:,,,,C:USDJPY,"-Initial Jobless Claims measures the number of people who filed for unemployment insurance for the first time during the past week. This is the most timely U.S. economic data, but the market impact varies from week to week.
A reading that is higher than forecast is generally negative (bearish) for the USD, while a lower than forecast reading is generally supportive (bullish) for the USD.

Learn more: USDJPY | EURUSD",,,,USD - Initial Jobless Claims,,,,,,,,,,,,,,,,,,,,,,,,,,,
,,Forecast:,,,,USDJPY.sd,,,,,,,,,,,,,,,,,,,,,,,,,,,,,,,,
,,Previous:,217K,,,,,,,,,,,,,,,,,,,,,,,,,,,,,,,,,,,
,,Time (GMT):,12:30,,,,,,,18:00,15:30,,,,,,,,,,,,,,,,,,,,,,,,,,,
,,Release Date,Actual,Forecast,Previous,Time,,,,Time IST,,,,,,,,,,,,,,,,,,,,,,,,,,,,
,,24-Jul-25,217,227,221,12:30,,,,18:00,,,,,,,,,,,,,,,,,,,,,,,,,,,,
,,17-Jul-25,221,233,228,12:30,,,,18:00,,,,,,,,,,,,,,,,,,,,,,,,,,,,
,,10-Jul-25,227,236,232,12:30,,,,18:00,,,,,,,,,,,,,,,,,,,,,,,,,,,,
,,03-Jul-25,233,240,237,12:30,,,,18:00,,,,,,,,,,,,,,,,,,,,,,,,,,,,
,,26-Jun-25,236,244,246,12:30,,,,18:00,,,,,,,,,,,,,,,,,,,,,,,,,,,,
,,18-Jun-25,245,246,250,12:30,,,,18:00,,,,,,,,,,,,,,,,,,,,,,,,,,,,
,1,Event,USD - Chicago PMI (Jul),,,Asset,Description,,,IST Time,MT5 server time,,,,,,,,,,,,,,,,,,,,,,,,,,,
,,Actual:,,,,C:USDJPY,"-The Chicago Purchasing Managers' Index (PMI) is a diffusion index incorporating survey results provided by manufacturing firms around the Chicago area. A reading above fifty suggests the manufacturing sector is expanding, while a reading below fifty suggests the manufacturing sector is in contraction. The Chicago PMI can be of some assistance in forecasting the ISM manufacturing PMI.

A reading that is stronger than forecast is generally supportive (bullish) for the USD, while a weaker than forecast reading is generally negative (bearish) for the USD.

Learn more: USDJPY | EURUSD",,,,USD - Chicago PMI (Jul),,,,,,,,,,,,,,,,,,,,,,,,,,,
,,Forecast:,,,,USDJPY.sd,,,,,,,,,,,,,,,,,,,,,,,,,,,,,,,,
,,Previous:, 40.40 ,,,,,,,,,,,,,,,,,,,,,,,,,,,,,,,,,,,
,,Time (GMT):,13:45,,,,,,,19:15,16:45,,,,,,,,,,,,,,,,,,,,,,,,,,,
,,Release Date,Actual,Forecast,Previous,Time,,,,Time IST,,,,,,,,,,,,,,,,,,,,,,,,,,,,
,,30-Jun-25, 40.40 , 42.70 , 40.50 ,16:45,,,,19:15,,,,,,,,,,,,,,,,,,,,,,,,,,,,
,,30-May-25, 40.50 , 45.10 , 44.60 ,16:45,,,,19:15,,,,,,,,,,,,,,,,,,,,,,,,,,,,
,,30-Apr-25, 44.60 , 45.90 , 47.60 ,16:45,,,,19:15,,,,,,,,,,,,,,,,,,,,,,,,,,,,
,,31-Mar-25, 47.60 , 45.50 , 45.50 ,17:45,,,,20:15,,,,,,,,,,,,,,,,,,,,,,,,,,,,
,,28-Feb-25, 45.50 , 40.50 , 39.50 ,17:45,,,,20:15,,,,,,,,,,,,,,,,,,,,,,,,,,,,
,,31-Jan-25, 39.50 , 40.30 , 36.90 ,17:45,,,,20:15,,,,,,,,,,,,,,,,,,,,,,,,,,,,
,1,Event,CHF - Switzerland - National Day,,,Asset,Description,,,IST Time,MT5 server time,,,,,,,,,,,,,,,,,,,,,,,,,,,
,,Actual:,,,,C:USDJPY,"-[]

Learn more: []",,,,CHF - Switzerland - National Day,,,,,,,,,,,,,,,,,,,,,,,,,,,
,,Forecast:,,,,USDJPY.sd,,,,,,,,,,,,,,,,,,,,,,,,,,,,,,,,
,,Previous:,0.00%,,,,,,,,,,,,,,,,,,,,,,,,,,,,,,,,,,,
,,Time (GMT):,,,,,,,,All Day,#VALUE!,,,,,,,,,,,,,,,,,,,,,,,,,,,
,,Release Date,Actual,Forecast,Previous,Time,,,,Time IST,,,,,,,,,,,,,,,,,,,,,,,,,,,,
,,10-Jul-25,,,,12:30,,,,18:00,,,,,,,,,,,,,,,,,,,,,,,,,,,,
,,03-Jul-25,,,,12:30,,,,18:00,,,,,,,,,,,,,,,,,,,,,,,,,,,,
,,26-Jun-25,,,,12:30,,,,18:00,,,,,,,,,,,,,,,,,,,,,,,,,,,,
,,18-Jun-25,,,,12:30,,,,18:00,,,,,,,,,,,,,,,,,,,,,,,,,,,,
,,12-Jun-25,,,,12:30,,,,18:00,,,,,,,,,,,,,,,,,,,,,,,,,,,,
,,05-Jun-25,,,,12:30,,,,18:00,,,,,,,,,,,,,,,,,,,,,,,,,,,,
,1,Event,EUR - CPI (YoY) (Jul) P,,,Asset,Description,,,IST Time,MT5 server time,,,,,,,,,,,,,,,,,,,,,,,,,,,
,,Actual:,,,,C:USDJPY,"-The Consumer Price Index (CPI) measures the change in the prices of goods and services contained in a basket of consumer items. The Central bank pays very close attention to this figure in its role of maintaining price stability.

A reading that is stronger than forecast is generally supportive (bullish) for the EUR, while a weaker than forecast reading is generally negative (bearish) for the EUR.

Learn more: USDJPY | EURUSD",,,,EUR - CPI (YoY) (Jul) P,,,,,,,,,,,,,,,,,,,,,,,,,,,
,,Forecast:,,,,USDJPY.sd,,,,,,,,,,,,,,,,,,,,,,,,,,,,,,,,
,,Previous:,2.00%,,,,,,,,,,,,,,,,,,,,,,,,,,,,,,,,,,,
,,Time (GMT):,9:00,,,,,,,14:30,12:00,,,,,,,,,,,,,,,,,,,,,,,,,,,
,,Release Date,Actual,Forecast,Previous,Time,,,,Time IST,,,,,,,,,,,,,,,,,,,,,,,,,,,,
,,17-Jul-25,2.00%,2.00%,1.90%,9:00,,,,14:30,,,,,,,,,,,,,,,,,,,,,,,,,,,,
,,01-Jul-25,2.00%,2.00%,1.90%,9:00,,,,14:30,,,,,,,,,,,,,,,,,,,,,,,,,,,,
,,18-Jun-25,1.90%,1.90%,2.20%,9:00,,,,14:30,,,,,,,,,,,,,,,,,,,,,,,,,,,,
,,03-Jun-25,1.90%,2.00%,2.20%,9:00,,,,14:30,,,,,,,,,,,,,,,,,,,,,,,,,,,,
,,19-May-25,2.20%,2.20%,2.20%,9:00,,,,14:30,,,,,,,,,,,,,,,,,,,,,,,,,,,,
,,02-May-25,2.20%,2.10%,2.20%,9:00,,,,14:30,,,,,,,,,,,,,,,,,,,,,,,,,,,,
,1,Event,USD - Average Hourly Earnings (MoM) (Jul),,,Asset,Description,,,IST Time,MT5 server time,,,,,,,,,,,,,,,,,,,,,,,,,,,
,,Actual:,,,,C:USDJPY,"-Average Hourly Earnings measures the change in the amount of money businesses pay for labour, excluding the agricultural sector.

A reading that is stronger than forecast is generally supportive (bullish) for the USD, while a weaker than forecast reading is generally negative (bearish) for the USD.

Learn more: USDJPY | EURUSD",,,,USD - Average Hourly Earnings (MoM) (Jul),,,,,,,,,,,,,,,,,,,,,,,,,,,
,,Forecast:,,,,USDJPY.sd,,,,,,,,,,,,,,,,,,,,,,,,,,,,,,,,
,,Previous:,0.20%,,,,,,,,,,,,,,,,,,,,,,,,,,,,,,,,,,,
,,Time (GMT):,12:30,,,,,,,18:00,15:30,,,,,,,,,,,,,,,,,,,,,,,,,,,
,,Release Date,Actual,Forecast,Previous,Time,,,,Time IST,,,,,,,,,,,,,,,,,,,,,,,,,,,,
,,03-Jul-25,0.20%,0.30%,0.40%,12:30,,,,18:00,,,,,,,,,,,,,,,,,,,,,,,,,,,,
,,06-Jun-25,0.40%,0.30%,0.20%,12:30,,,,18:00,,,,,,,,,,,,,,,,,,,,,,,,,,,,
,,02-May-25,0.20%,0.30%,0.30%,12:30,,,,18:00,,,,,,,,,,,,,,,,,,,,,,,,,,,,
,,04-Apr-25,0.30%,0.30%,0.20%,13:30,,,,19:00,,,,,,,,,,,,,,,,,,,,,,,,,,,,
,,07-Mar-25,0.30%,0.30%,0.40%,13:30,,,,19:00,,,,,,,,,,,,,,,,,,,,,,,,,,,,
,,07-Feb-25,0.50%,0.30%,0.30%,13:30,,,,19:00,,,,,,,,,,,,,,,,,,,,,,,,,,,,
,1,Event,USD - Nonfarm Payrolls (Jul),,,Asset,Description,,,IST Time,MT5 server time,,,,,,,,,,,,,,,,,,,,,,,,,,,
,,Actual:,,,,C:GBPJPY,"-Nonfarm Payrolls measures the change in the number of people employed during the prior month, excluding workers in the farming industry. Given that full employment is one of the Federal Reserves mandates, it is very closely watched.

A reading that is stronger than forecast is generally supportive (bullish) for the USD, while a weaker than forecast reading is generally negative (bearish) for the USD.

Learn more: USDJPY | EURUSD",,,,USD - Nonfarm Payrolls (Jul),,,,,,,,,,,,,,,,,,,,,,,,,,,
,,Forecast:,,,,GBPJPY.sd,,,,,,,,,,,,,,,,,,,,,,,,,,,,,,,,
,,Previous:,147K,,,,,,,,,,,,,,,,,,,,,,,,,,,,,,,,,,,
,,Time (GMT):,12:30,,,,,,,18:00,15:30,,,,,,,,,,,,,,,,,,,,,,,,,,,
,,Release Date,Actual,Forecast,Previous,Time,,,,Time IST,,,,,,,,,,,,,,,,,,,,,,,,,,,,
,,03-Jul-25,147,111,144,12:30,,,,18:00,,,,,,,,,,,,,,,,,,,,,,,,,,,,
,,06-Jun-25,139,126,147,12:30,,,,18:00,,,,,,,,,,,,,,,,,,,,,,,,,,,,
,,02-May-25,177,138,185,12:30,,,,18:00,,,,,,,,,,,,,,,,,,,,,,,,,,,,
,,04-Apr-25,228,137,117,13:30,,,,19:00,,,,,,,,,,,,,,,,,,,,,,,,,,,,
,,07-Mar-25,151,159,125,13:30,,,,19:00,,,,,,,,,,,,,,,,,,,,,,,,,,,,
,,07-Feb-25,143,169,307,13:30,,,,19:00,,,,,,,,,,,,,,,,,,,,,,,,,,,,
,1,Event,USD - Unemployment Rate (Jul),,,Asset,Description,,,IST Time,MT5 server time,,,,,,,,,,,,,,,,,,,,,,,,,,,
,,Actual:,,,,C:GBPJPY,"-The Unemployment Rate measures the percentage of the total work force that is not working, yet actively seeking employment.

A reading that is higher than forecast is generally negative (bearish) for the USD, while a lower than forecast reading is generally supportive (bullish) for the USD.

Learn more: USDJPY | EURUSD",,,,USD - Unemployment Rate (Jul),,,,,,,,,,,,,,,,,,,,,,,,,,,
,,Forecast:,,,,GBPJPY.sd,,,,,,,,,,,,,,,,,,,,,,,,,,,,,,,,
,,Previous:,4.10%,,,,,,,,,,,,,,,,,,,,,,,,,,,,,,,,,,,
,,Time (GMT):,12:30,,,,,,,18:00,15:30,,,,,,,,,,,,,,,,,,,,,,,,,,,
,,Release Date,Actual,Forecast,Previous,Time,,,,Time IST,,,,,,,,,,,,,,,,,,,,,,,,,,,,
,,03-Jul-25,4.1%,4.3%,4.2%,12:30,,,,18:00,,,,,,,,,,,,,,,,,,,,,,,,,,,,
,,06-Jun-25,4.2%,4.2%,4.2%,12:30,,,,18:00,,,,,,,,,,,,,,,,,,,,,,,,,,,,
,,02-May-25,4.2%,4.2%,4.2%,12:30,,,,18:00,,,,,,,,,,,,,,,,,,,,,,,,,,,,
,,04-Apr-25,4.2%,4.1%,4.1%,13:30,,,,19:00,,,,,,,,,,,,,,,,,,,,,,,,,,,,
,,07-Mar-25,4.1%,4.0%,4.0%,13:30,,,,19:00,,,,,,,,,,,,,,,,,,,,,,,,,,,,
,,07-Feb-25,4.0%,4.1%,4.1%,13:30,,,,19:00,,,,,,,,,,,,,,,,,,,,,,,,,,,,
,1,Event,USD - Manufacturing PMI (Jul),,,Asset,Description,,,IST Time,MT5 server time,,,,,,,,,,,,,,,,,,,,,,,,,,,
,,Actual:,,,,C:USDJPY,"-The Manufacturing Purchasing Managers' Index (PMI) is a diffusion index incorporating survey results provided by manufacturing firms throughout the country. A reading above fifty suggests the manufacturing sector is expanding, while a reading below fifty suggests the manufacturing sector is in contraction. Policymakers and traders watch these surveys closely as purchasing managers usually have early access to data about their company’s performance, rather than waiting for the hard data to emerge. While manufacturing accounts for a far smaller percentage of economic output than services, it is far more cyclical and is therefore a useful indicator of where in the economic cycle the economy is currently situated. A reading that is stronger than forecast is generally supportive (bullish) for the USD while a weaker than forecast reading is generally negative (bearish) for the USD.

Learn more: USDJPY | EURUSD",,,,USD - Manufacturing PMI (Jul),,,,,,,,,,,,,,,,,,,,,,,,,,,
,,Forecast:,,,,USDJPY.sd,,,,,,,,,,,,,,,,,,,,,,,,,,,,,,,,
,,Previous:, 52.90 ,,,,,,,,,,,,,,,,,,,,,,,,,,,,,,,,,,,
,,Time (GMT):,13:45,,,,,,,19:15,16:45,,,,,,,,,,,,,,,,,,,,,,,,,,,
,,Release Date,Actual,Forecast,Previous,Time,,,,Time IST,,,,,,,,,,,,,,,,,,,,,,,,,,,,
,,24-Jul-25,49.5,52.7,52.9,13:45,,,,19:15,,,,,,,,,,,,,,,,,,,,,,,,,,,,
,,24-Jul-25,49.5,52.7,52.9,13:45,,,,19:15,,,,,,,,,,,,,,,,,,,,,,,,,,,,
,,24-Jul-25,49.5,52.7,52.9,13:45,,,,19:15,,,,,,,,,,,,,,,,,,,,,,,,,,,,
,,24-Jul-25,49.5,52.7,52.9,13:45,,,,19:15,,,,,,,,,,,,,,,,,,,,,,,,,,,,
,,24-Jul-25,49.5,52.7,52.9,13:45,,,,19:15,,,,,,,,,,,,,,,,,,,,,,,,,,,,
,,24-Jul-25,49.5,52.7,52.9,13:45,,,,19:15,,,,,,,,,,,,,,,,,,,,,,,,,,,,
,1,Event,USD - ISM Manufacturing PMI (Jul),,,Asset,Description,,,IST Time,MT5 server time,,,,,,,,,,,,,,,,,,,,,,,,,,,
,,Actual:,,,,C:USDJPY,"-The Institute of Supply Management (ISM) Manufacturing Purchasing Managers Index (PMI) Report on Business is based on data compiled from monthly replies to questions asked of purchasing and supply executives in over 400 industrial companies across the United States. For each of the indicators measured (New Orders, Backlog of Orders, New Export Orders, Imports, Production, Supplier Deliveries, Inventories, Customers Inventories, Employment, and Prices), a diffusion index is calculated by adding the percent of positive responses plus one-half of those responding the same (considered positive). The resulting single index number is then seasonally adjusted.

The PMI is a composite index based on the seasonally adjusted diffusion indices for five of the indicators with differing weights: New Orders --30% Production --25% Employment --20% Supplier Deliveries --15% and Inventories -- 10%.

A reading that is stronger than forecast is generally supportive (bullish) for the USD, while a weaker than forecast reading is generally negative (bearish) for the USD.

Learn more: USDJPY | EURUSD",,,,USD - ISM Manufacturing PMI (Jul),,,,,,,,,,,,,,,,,,,,,,,,,,,
,,Forecast:,,,,USDJPY.sd,,,,,,,,,,,,,,,,,,,,,,,,,,,,,,,,
,,Previous:, 49.00 ,,,,,,,,,,,,,,,,,,,,,,,,,,,,,,,,,,,
,,Time (GMT):,14:00,,,,,,,19:30,17:00,,,,,,,,,,,,,,,,,,,,,,,,,,,
,,Release Date,Actual,Forecast,Previous,Time,,,,Time IST,,,,,,,,,,,,,,,,,,,,,,,,,,,,
,,01-Jul-25, 49.00 , 48.80 , 48.50 ,14:00,,,,19:30,,,,,,,,,,,,,,,,,,,,,,,,,,,,
,,02-Jun-25, 48.50 , 49.30 , 48.70 ,14:00,,,,19:30,,,,,,,,,,,,,,,,,,,,,,,,,,,,
,,01-May-25, 48.70 , 48.00 , 49.00 ,14:00,,,,19:30,,,,,,,,,,,,,,,,,,,,,,,,,,,,
,,01-Apr-25, 49.00 , 49.50 , 50.30 ,15:00,,,,20:30,,,,,,,,,,,,,,,,,,,,,,,,,,,,
,,03-Mar-25, 50.30 , 50.60 , 50.90 ,15:00,,,,20:30,,,,,,,,,,,,,,,,,,,,,,,,,,,,
,,03-Feb-25, 50.90 , 49.30 , 49.20 ,15:00,,,,20:30,,,,,,,,,,,,,,,,,,,,,,,,,,,,